player_rating_pred,player_rating_true
5.792275979036552,5.6
0.0,0.0
6.262067446960737,5.7
0.0,0.0
7.391601819603402,8.3
6.467779365065508,6.6
0.0,0.0
0.0,0.0
0.0,0.0
0.0,0.0
6.152444644123357,7.4
0.0,0.0
7.098219000311198,7.0
6.989351728549022,6.7
0.0,0.0
6.233032052703753,6.3
0.0,0.0
6.034393517562376,6.1
6.490041947084992,5.4
6.373043138848575,6.9
0.0,0.0
0.0,0.0
6.624688254234851,6.0
6.690341218347348,7.3
6.02377038917702,4.9
5.979536281115935,6.4
6.0579127138793885,6.0
5.877012405857744,5.9
0.0,0.0
6.100306630967985,6.1
0.0,0.0
0.0,0.0
0.0,0.0
6.11054494309158,6.2
5.903348710457351,5.2
0.0,0.0
0.0,0.0
7.2536675500489265,6.5
6.228231034599753,7.4
5.887781490300601,5.1
6.270069254190103,6.3
6.031888130691348,5.0
0.0,0.0
6.042375090186724,5.8
6.927708217509553,6.8
7.094938379963251,7.0
7.057249535492912,7.4
0.0,0.0
0.0,0.0
5.897330789432862,6.1
6.825691990411603,8.1
0.0,0.0
0.0,0.0
0.0,0.0
6.051271579325777,5.2
0.0,0.0
6.543633878312934,5.9
6.810701161854117,5.5
6.439885233769524,6.6
6.312679815226767,6.1
0.0,0.0
0.0,0.0
6.302944613117059,5.4
6.304494500871688,6.6
6.034539170156103,7.2
0.0,0.0
6.058530288329803,7.3
6.026057052501055,6.7
6.458501839975009,7.3
6.775170685061016,5.2
0.0,0.0
0.0,0.0
0.0,0.0
6.411433042434864,6.3
6.585432753986683,7.2
0.0,0.0
7.123929569167625,6.7
6.184605578407438,6.5
6.121125899334444,7.3
0.0,0.0
0.0,0.0
6.639291730479899,6.8
0.0,0.0
6.380229898452584,6.0
6.398157284206253,7.4
6.257808862907229,6.6
6.029135619197477,5.0
0.0,0.0
0.0,0.0
6.4727396082220485,5.2
6.485769341092671,6.4
0.0,0.0
5.826378598627445,5.9
5.811466472104304,6.5
0.0,0.0
6.376675193813959,5.6
0.0,0.0
0.0,0.0
0.0,0.0
0.0,0.0
6.332453705474096,5.3
0.0,0.0
0.0,0.0
0.0,0.0
0.0,0.0
6.679103467208958,5.9
6.533050532421286,6.6
6.3039478314254165,7.1
0.0,0.0
0.0,0.0
0.0,0.0
7.120102226634006,7.0
6.123834772303397,5.9
5.898334009882194,5.8
5.963162692205807,7.3
0.0,0.0
0.0,0.0
6.031422533957423,4.7
6.187306954531535,6.0
6.048574601583772,6.9
0.0,0.0
6.051945721356507,5.7
6.015715530196865,6.0
6.054563000478656,5.6
0.0,0.0
0.0,0.0
0.0,0.0
5.8774365919388645,6.1
5.846652175021916,6.2
0.0,0.0
0.0,0.0
0.0,0.0
6.241817784635791,5.8
6.720154420231993,7.3
5.983814729107093,5.8
0.0,0.0
0.0,0.0
0.0,0.0
5.957953225682856,6.3
5.876618650901398,6.1
0.0,0.0
6.92182209941845,6.8
0.0,0.0
0.0,0.0
0.0,0.0
5.922071754771891,4.8
0.0,0.0
6.184508402164888,6.1
0.0,0.0
5.96910297546035,4.7
6.527650096152214,5.4
5.89585134493603,6.8
6.213875905435876,6.5
0.0,0.0
5.961870850535088,5.8
6.088139727736232,5.3
5.872440786822877,5.9
6.203047257751033,6.4
5.900504869583475,6.3
0.0,0.0
6.604754908037433,6.3
0.0,0.0
0.0,0.0
0.0,0.0
5.949372446670632,5.6
5.997939868124908,6.8
6.187024131852683,6.5
0.0,0.0
0.0,0.0
0.0,0.0
5.994616878577067,5.7
0.0,0.0
0.0,0.0
6.3044393223297295,6.6
6.183634085607731,5.7
7.05134237744687,8.3
6.709901310869585,5.5
0.0,0.0
0.0,0.0
5.863381185424366,6.6
0.0,0.0
0.0,0.0
6.429721522140873,6.6
0.0,0.0
0.0,0.0
0.0,0.0
7.075020675684985,6.8
6.4327985524226445,5.8
6.958441439695519,6.8
5.903618292968903,6.4
6.52241199120698,5.4
0.0,0.0
6.26345269260255,6.9
5.972279712809078,6.2
5.962696711945865,5.5
6.927850692064502,7.3
5.97098195397801,5.3
0.0,0.0
5.896035257359879,5.9
6.044440989357703,5.4
6.914430176396116,7.4
0.0,0.0
6.392819595206982,7.0
6.651467107061459,6.9
6.219119164086765,6.6
6.039536197178107,5.6
6.3475933450135065,5.6
0.0,0.0
7.068772113632583,6.2
6.797756700035215,7.8
5.8965000662174,5.5
6.179896120934562,6.6
0.0,0.0
0.0,0.0
6.856299601527915,7.0
6.209536753026531,5.3
6.073898361268981,6.5
0.0,0.0
0.0,0.0
6.993650748425424,8.4
6.339358857847421,5.9
0.0,0.0
6.03540019297629,6.6
0.0,0.0
6.00078669233335,6.0
6.029916227931233,5.8
0.0,0.0
0.0,0.0
6.085489395682041,5.8
0.0,0.0
5.9142424407934415,5.3
0.0,0.0
6.367294968004955,6.3
6.377725295294681,6.2
0.0,0.0
5.905557160998052,5.9
0.0,0.0
5.783113239402076,5.2
0.0,0.0
6.119001480010657,6.3
6.249545616945187,7.2
5.881907221216523,6.7
5.85603644392883,6.5
6.0482177867107625,5.8
5.768832612800518,6.5
0.0,0.0
6.717787394890936,7.4
5.943720372412005,5.8
5.829075690304356,5.9
5.91127415162874,4.3
0.0,0.0
6.453900731499274,5.6
7.018416337310356,7.8
6.321716070343659,7.3
5.92290297930132,6.4
0.0,0.0
6.104179380953464,7.6
6.437815426009868,6.3
6.881014261784988,7.1
5.994877110367229,7.5
0.0,0.0
0.0,0.0
6.237846357644932,6.0
0.0,0.0
0.0,0.0
0.0,0.0
0.0,0.0
6.2622257435318565,6.4
5.9155361082120175,5.7
6.6473700177978285,6.3
6.226146254837997,6.4
0.0,0.0
5.996755663512085,5.5
6.309348458561384,6.1
6.110950546857704,5.6
0.0,0.0
5.850758084575729,6.5
6.717100893693198,7.5
5.868922274248409,5.6
0.0,0.0
6.827923039366509,6.5
6.012959808764087,6.3
6.57752759663835,6.4
0.0,0.0
5.877057763753912,5.2
0.0,0.0
6.188929812707417,6.3
5.803043916462856,4.5
0.0,0.0
0.0,0.0
0.0,0.0
6.288940308794172,6.0
5.990405871768682,5.7
0.0,0.0
6.141421751477554,6.1
0.0,0.0
0.0,0.0
5.8588009387520685,5.6
0.0,0.0
5.811388377004351,6.5
5.939757561865024,6.1
0.0,0.0
5.999776842699596,6.2
0.0,0.0
0.0,0.0
0.0,0.0
0.0,0.0
5.9995916118209545,6.4
5.992411847374266,7.3
0.0,0.0
0.0,0.0
0.0,0.0
6.521605711110959,6.4
6.328777971343887,5.7
7.035306685435065,8.2
0.0,0.0
0.0,0.0
0.0,0.0
6.201630671850145,5.7
6.09870511566501,5.9
6.161308371481854,6.1
6.742438093899258,7.3
6.525978440241555,6.9
6.135753798622593,6.8
0.0,0.0
0.0,0.0
0.0,0.0
6.05861546595045,6.1
6.028868305722802,5.9
6.413035464337011,6.2
0.0,0.0
7.122262430048344,7.4
6.256448415234342,6.0
0.0,0.0
6.34164582481954,5.9
6.022490098461379,5.8
5.992508304153939,6.6
0.0,0.0
6.079238144267148,5.9
0.0,0.0
0.0,0.0
6.144559519984091,6.6
6.391856972902141,7.2
0.0,0.0
5.967204151351356,6.5
6.430640548286233,5.4
6.320480871929375,5.8
6.016065910620753,5.1
0.0,0.0
6.919589463307528,6.4
0.0,0.0
6.264622084436849,6.1
0.0,0.0
0.0,0.0
5.999027621491561,5.4
6.136317542197777,7.1
6.334507594515726,6.3
0.0,0.0
0.0,0.0
5.993575548239356,5.7
0.0,0.0
6.415880043510528,6.2
5.978254967821835,6.2
6.223605956924469,6.6
0.0,0.0
0.0,0.0
0.0,0.0
6.152740093770757,6.1
0.0,0.0
0.0,0.0
6.0207902690555,5.5
6.307645599055089,6.2
0.0,0.0
6.064414916292629,5.8
7.532483918515515,7.5
0.0,0.0
0.0,0.0
5.896023317305451,5.2
0.0,0.0
0.0,0.0
0.0,0.0
6.263670126565311,5.7
0.0,0.0
6.032478554546101,6.3
6.0219090185664905,6.2
6.013358432175688,5.3
0.0,0.0
6.2369372960154665,7.0
7.557390289830565,7.7
0.0,0.0
6.044292668903113,5.8
6.387827920990899,6.7
6.249555998756302,6.6
6.007707428633781,6.6
6.192556446928304,7.8
5.9931604191815735,5.1
0.0,0.0
5.926822386510585,5.7
6.133407622099679,6.3
0.0,0.0
0.0,0.0
0.0,0.0
5.818718875156579,7.0
5.948174996038655,6.2
5.858051160844051,5.7
6.47888368260815,7.2
6.0409713848673805,5.8
0.0,0.0
0.0,0.0
0.0,0.0
7.095812309604269,6.3
6.293837088230869,6.4
5.857975475889843,5.8
6.052698124121867,4.9
5.806904082735346,5.9
6.204912725119775,6.5
6.168441119340792,6.7
7.099701792906975,7.7
0.0,0.0
0.0,0.0
6.841069301345567,6.6
6.176377209396087,5.4
0.0,0.0
5.910572655890529,6.5
0.0,0.0
0.0,0.0
6.575834177859839,6.6
6.00014945736714,5.8
7.198251703517441,6.3
6.854194609461165,6.7
0.0,0.0
0.0,0.0
6.394155840734735,5.5
0.0,0.0
0.0,0.0
0.0,0.0
6.183784638107417,5.8
6.208845979639261,7.0
5.862145664422472,6.0
6.723012167711913,7.2
5.947277282009278,5.8
0.0,0.0
5.9238652694124205,6.1
0.0,0.0
0.0,0.0
0.0,0.0
6.878017632196031,6.3
0.0,0.0
7.08030455683332,6.9
5.868262030863084,5.7
0.0,0.0
6.240655850411144,6.1
6.983820691310672,7.4
0.0,0.0
5.905130643313898,5.0
0.0,0.0
5.987744093441987,5.1
6.221102023290764,6.5
0.0,0.0
5.954862835127894,6.0
6.048271638259073,6.3
0.0,0.0
0.0,0.0
6.028500873232122,5.5
0.0,0.0
0.0,0.0
0.0,0.0
0.0,0.0
0.0,0.0
5.910294157424266,5.8
0.0,0.0
7.116207438614813,7.4
6.082549349565016,6.9
6.272424637182011,5.9
0.0,0.0
6.151312648005837,5.8
6.692800101620152,6.7
6.026295442010804,6.5
6.265890707874301,5.6
0.0,0.0
0.0,0.0
0.0,0.0
0.0,0.0
6.771246911675379,5.8
5.911828087615672,5.8
0.0,0.0
6.127993979633287,6.0
0.0,0.0
5.968470740013882,4.3
5.998881668313681,6.1
0.0,0.0
0.0,0.0
5.854779703394713,6.2
0.0,0.0
0.0,0.0
6.378544865636635,6.3
6.121893276340675,5.7
6.379213074453003,5.7
0.0,0.0
7.38893178666456,6.5
6.008820686811423,6.2
0.0,0.0
6.9307173218180775,7.7
5.9283882359765325,6.4
0.0,0.0
0.0,0.0
0.0,0.0
6.04658363130706,5.7
6.3810628129698665,5.7
6.01993757392532,5.5
6.307645990140443,5.4
5.866110499878686,6.2
0.0,0.0
5.958598186671974,5.2
0.0,0.0
5.96362757361822,6.0
0.0,0.0
6.231928437339864,5.3
0.0,0.0
6.605844652432047,7.0
0.0,0.0
6.053940846433398,5.6
6.337071930765895,6.2
6.096290511964849,5.5
0.0,0.0
6.114950149038242,5.5
6.473333574035045,7.1
6.091595354087724,5.2
0.0,0.0
6.238436408630989,6.6
5.978620940038762,6.9
6.0194961189901335,5.2
0.0,0.0
0.0,0.0
6.76980251173671,8.1
0.0,0.0
0.0,0.0
6.353333936375987,6.6
5.831460645297162,6.2
0.0,0.0
5.861754140814331,5.1
0.0,0.0
0.0,0.0
0.0,0.0
6.44730156126639,6.4
0.0,0.0
0.0,0.0
0.0,0.0
0.0,0.0
6.3176551932485925,6.6
0.0,0.0
6.487841073803369,6.1
5.985453718533223,6.5
0.0,0.0
0.0,0.0
6.283546364152445,6.5
5.900226499646781,6.0
5.809651348535879,6.6
6.291840316665724,7.8
5.861318855509451,6.6
5.994356342387812,7.3
5.977980580758167,6.2
0.0,0.0
0.0,0.0
0.0,0.0
6.0447782534204935,6.5
0.0,0.0
5.8938949528801325,6.4
5.833532811453021,5.9
0.0,0.0
6.2370189064962105,6.2
7.29382313158704,7.9
6.315687092906308,5.8
0.0,0.0
5.913747825223427,5.2
0.0,0.0
7.285917829830703,7.1
5.972562748948905,6.6
0.0,0.0
0.0,0.0
6.164401096360155,7.0
6.430518250721489,5.9
6.3684878146176445,6.4
6.296921421192031,6.2
0.0,0.0
6.567748306381437,6.9
0.0,0.0
0.0,0.0
6.074944080417526,6.8
6.024083024482893,6.8
0.0,0.0
6.482915178843245,6.2
6.005558769583454,5.8
0.0,0.0
6.223118200444304,6.1
0.0,0.0
6.349315993928586,6.5
6.0381700519497326,6.7
6.2974308813732005,6.4
6.032966356620609,6.0
6.194098133355057,6.3
5.796493343307474,5.2
6.635754656472123,6.7
0.0,0.0
6.200412777589858,6.3
0.0,0.0
0.0,0.0
7.0999743398983535,6.5
6.049132063742009,5.7
0.0,0.0
0.0,0.0
0.0,0.0
6.2795889215345,7.0
5.837775643989508,5.3
5.902504816800488,5.1
0.0,0.0
5.9473778305800735,6.4
0.0,0.0
0.0,0.0
6.669773660550115,6.8
6.366396876494415,5.9
6.68645115751676,6.4
6.216501434048517,5.5
7.22012248809483,7.3
6.299363476037766,6.5
0.0,0.0
6.63707235964063,7.1
0.0,0.0
6.149138178731674,5.4
5.950575789069194,6.7
0.0,0.0
5.9833934130613855,6.7
5.910317420884304,6.3
0.0,0.0
5.898095638182345,6.3
6.859090269808776,6.7
5.784050940524802,5.3
0.0,0.0
5.620040948924402,5.8
5.849922438955898,6.7
0.0,0.0
0.0,0.0
6.356982230375428,6.2
0.0,0.0
5.824263395631109,4.9
6.091060309148839,7.1
5.869356555618448,6.4
0.0,0.0
6.121616740056683,6.6
5.894982985697554,7.7
0.0,0.0
0.0,0.0
6.224249468722305,7.0
6.328987931996173,5.5
6.3726316269694205,5.3
6.992329971937527,7.7
6.363534140308549,6.3
6.091791378113721,5.7
7.336701703892479,8.3
6.4619559385561205,6.1
0.0,0.0
5.840122760061463,5.6
5.897657171305863,5.7
6.164933938630905,8.2
0.0,0.0
7.092544179833822,7.0
6.36769626426072,6.1
5.765456498663711,6.0
5.897530815082541,5.8
0.0,0.0
0.0,0.0
7.538274919909885,6.9
6.827868747693206,7.8
6.047195296805649,6.5
0.0,0.0
6.240321502711772,7.2
5.994810875565578,6.1
6.896050491416504,7.0
6.015538814603838,5.2
6.867588628408882,7.5
0.0,0.0
5.840280739858044,6.1
6.15338708900351,5.6
6.390483990584658,6.0
0.0,0.0
5.7863270310792165,5.5
5.885759860554295,5.4
0.0,0.0
6.22072567639085,6.7
0.0,0.0
0.0,0.0
6.054510257225976,5.4
6.091519768963133,6.4
0.0,0.0
0.0,0.0
6.811498785013294,7.5
5.85770188185728,5.3
0.0,0.0
5.948370389981161,5.4
0.0,0.0
0.0,0.0
6.916059620129238,6.8
0.0,0.0
6.263179837945272,5.9
0.0,0.0
5.908106895963803,6.1
7.001929932693577,6.8
0.0,0.0
6.331247365817241,6.2
0.0,0.0
6.464162973821882,5.9
6.0523113331886,5.6
5.8311789634014985,5.6
6.279109418766064,5.0
0.0,0.0
6.069795778801827,6.3
6.376843821403544,5.9
7.498926289212768,7.9
0.0,0.0
0.0,0.0
0.0,0.0
6.255613674534879,5.8
5.831154990732435,5.9
6.868717441085177,6.8
5.808485936886486,6.0
5.768019919428495,5.5
5.86500607046764,5.8
6.052490289779071,6.2
0.0,0.0
6.060952058787699,6.1
6.0071019009015,6.9
6.003442596251434,5.9
0.0,0.0
5.870678788733342,6.5
0.0,0.0
5.832357180999381,6.2
0.0,0.0
6.316514268267558,6.4
5.942814016933046,6.0
0.0,0.0
5.929702049659836,5.5
0.0,0.0
6.74043794014606,6.3
6.288631300892043,6.7
7.065993646051302,6.6
0.0,0.0
5.954180647549745,6.0
5.927963896028573,6.2
0.0,0.0
0.0,0.0
0.0,0.0
6.044592780684568,6.2
0.0,0.0
0.0,0.0
6.271465801469327,5.9
6.261201462959375,6.1
6.048993746876374,5.5
6.204843632323812,6.9
6.404573762499113,6.8
6.018567671591899,6.1
6.242647544197841,5.4
6.400498520965902,6.7
6.629095087764227,7.6
5.854450393524826,7.0
6.261384863754527,6.8
5.887078250927362,5.9
5.787395977404244,5.4
0.0,0.0
0.0,0.0
0.0,0.0
6.28882603877172,6.3
6.52779956538836,5.3
6.177407520416355,5.8
6.372004220973371,6.4
0.0,0.0
5.893221228690861,5.3
6.525787372628507,5.7
0.0,0.0
6.336427467264918,5.9
6.233658799545808,6.3
5.834942340671139,6.5
0.0,0.0
0.0,0.0
6.352339400568035,6.1
5.837163004134754,4.6
6.8235395689057095,6.4
6.165954073427181,6.3
6.0005186271958415,5.9
0.0,0.0
0.0,0.0
6.017618070483714,6.5
7.446605342805255,8.7
0.0,0.0
6.018882012275804,6.2
5.806129208321582,6.4
0.0,0.0
5.8504573171923,6.0
0.0,0.0
6.370543793655757,5.9
6.145658482147856,5.5
6.395047044563875,6.4
6.339560727972407,6.2
6.431885435330863,6.1
0.0,0.0
6.553031854678455,5.9
0.0,0.0
0.0,0.0
5.89664950510616,5.6
5.865310171968148,5.3
5.92983426353635,5.8
6.212997718865212,4.8
6.385681941488056,6.5
5.931240589531821,6.3
6.126921590814194,6.0
0.0,0.0
5.9179250130330034,4.9
0.0,0.0
5.878814631589611,5.7
0.0,0.0
0.0,0.0
0.0,0.0
6.590298136461163,6.8
5.772916328082123,5.8
0.0,0.0
0.0,0.0
5.833072023134515,6.2
6.341049320234781,6.1
6.445420460575642,5.6
0.0,0.0
0.0,0.0
6.045033464685263,6.5
0.0,0.0
0.0,0.0
0.0,0.0
0.0,0.0
6.641894408844237,7.0
6.103567827788202,7.3
5.8844686010835545,6.1
5.850516466861,6.5
6.260975722823618,7.0
5.898969654660778,5.0
5.993473629172447,4.8
6.108824408071956,6.8
6.0566311422367285,4.9
6.035534757445385,6.1
6.377531785318729,5.4
0.0,0.0
7.185670614991822,7.9
0.0,0.0
5.866999956625113,5.0
0.0,0.0
0.0,0.0
6.464371805155098,7.4
0.0,0.0
0.0,0.0
0.0,0.0
0.0,0.0
0.0,0.0
6.1481392342973,5.7
0.0,0.0
0.0,0.0
6.094669472722907,6.7
6.430786618421434,7.0
6.268802796472664,6.2
5.919839550942959,5.5
0.0,0.0
0.0,0.0
0.0,0.0
0.0,0.0
6.418068637749478,6.0
5.8890512933441865,6.3
0.0,0.0
0.0,0.0
5.992409857250964,6.0
0.0,0.0
0.0,0.0
6.386886845177465,5.5
6.395765148509141,5.9
6.3634430074385655,6.3
6.404055829334209,7.5
5.961999347795065,6.6
0.0,0.0
6.163751681116965,6.2
0.0,0.0
6.726527463178528,6.9
5.99416433790528,7.1
0.0,0.0
5.998396088114237,5.9
5.949543435816435,6.1
6.79000867579895,6.7
6.318442735493038,6.3
6.125357825652967,6.1
6.3350061609768575,5.7
5.7554420587196855,6.1
5.781715710200806,5.5
5.926479654408946,5.6
0.0,0.0
6.519426067805813,6.9
0.0,0.0
6.079751115589972,6.9
0.0,0.0
0.0,0.0
0.0,0.0
5.853309108083392,5.8
6.806707881523245,6.8
5.845835196113034,6.4
0.0,0.0
7.227630224148418,7.1
6.190781816085512,6.6
0.0,0.0
7.16107476847251,6.4
0.0,0.0
0.0,0.0
0.0,0.0
5.982251427132557,6.1
0.0,0.0
0.0,0.0
0.0,0.0
7.007078964868843,7.3
5.994867344048185,6.8
6.059442837946067,5.6
6.012251891345806,5.5
0.0,0.0
6.063477537261783,6.6
0.0,0.0
0.0,0.0
0.0,0.0
0.0,0.0
6.215271202622456,5.7
5.839634317756651,5.9
0.0,0.0
6.347733820711159,5.7
0.0,0.0
0.0,0.0
5.91312993047611,5.6
6.215103087897005,6.6
5.8316767031294265,5.4
5.843516714985405,5.5
6.434889439553794,5.6
6.250189956569052,7.0
0.0,0.0
5.7923739431973225,5.0
6.285007965573001,5.6
0.0,0.0
6.257065456060558,5.9
0.0,0.0
5.884081970710256,5.2
5.85736247170378,6.7
6.458587358307233,7.0
6.025498041940201,7.2
6.04968682591381,6.2
6.915684591119109,5.9
0.0,0.0
5.837858527424992,6.0
0.0,0.0
6.7523132318872925,7.4
0.0,0.0
5.935122582011474,6.5
0.0,0.0
7.00947402182204,7.5
6.193444389354807,5.7
0.0,0.0
0.0,0.0
6.118553377842538,5.3
0.0,0.0
5.848024192179604,5.9
5.7671933244844285,6.1
0.0,0.0
5.875397162558701,6.2
0.0,0.0
0.0,0.0
7.250698742321762,7.8
0.0,0.0
6.314560742220814,5.7
6.002361930219376,6.3
6.161266036765058,6.3
5.9533581690313175,7.3
6.485269977458418,6.6
6.3663825015851145,7.2
0.0,0.0
0.0,0.0
0.0,0.0
7.132252082239483,7.4
0.0,0.0
0.0,0.0
0.0,0.0
6.397089155690393,6.4
0.0,0.0
0.0,0.0
0.0,0.0
6.421634924121864,7.2
6.050924639158355,5.9
7.002787082375727,7.4
0.0,0.0
6.640030493234209,5.9
0.0,0.0
0.0,0.0
0.0,0.0
0.0,0.0
0.0,0.0
0.0,0.0
0.0,0.0
6.1203698329109,6.2
0.0,0.0
6.072723960298421,5.2
0.0,0.0
0.0,0.0
6.362139562984903,6.2
0.0,0.0
6.240650642479295,5.6
0.0,0.0
0.0,0.0
6.181991820633828,7.0
0.0,0.0
0.0,0.0
5.88611224466648,5.7
6.462197032639054,7.1
5.874760906016529,6.4
0.0,0.0
6.153393476086358,6.6
0.0,0.0
0.0,0.0
7.236033691683915,6.9
6.61704924909502,6.3
6.33303380185554,5.7
0.0,0.0
0.0,0.0
5.788821728455769,7.0
6.137811176747132,5.4
0.0,0.0
6.205963851661312,5.8
6.800029817072154,7.0
0.0,0.0
0.0,0.0
5.877948973336437,5.2
0.0,0.0
0.0,0.0
0.0,0.0
6.089110372893347,6.6
6.599364012448884,6.6
6.319335097050112,5.6
0.0,0.0
0.0,0.0
6.030789123498451,4.8
0.0,0.0
0.0,0.0
0.0,0.0
0.0,0.0
6.425172167797983,6.6
6.323973325154046,5.3
0.0,0.0
6.270114268262594,6.0
0.0,0.0
5.859543352567571,7.1
5.723939789412942,4.7
6.417134649319511,6.7
6.145747261482965,5.7
0.0,0.0
6.194091229769301,6.5
0.0,0.0
6.1848326034335255,6.0
6.160280757215611,4.8
5.899121932618869,5.6
0.0,0.0
0.0,0.0
6.233110669747169,6.2
0.0,0.0
5.935381226310544,5.6
6.324615524675171,6.3
0.0,0.0
0.0,0.0
0.0,0.0
5.994676548187634,6.6
6.542820318259786,7.3
6.776150843526685,7.4
6.034224990271983,5.8
6.195789362660412,6.8
6.430531263289809,6.2
6.285930166080973,7.1
0.0,0.0
0.0,0.0
0.0,0.0
6.213673761494385,5.0
5.834251603717916,5.9
6.517406640295341,6.6
0.0,0.0
5.908429530232845,6.4
5.89721036543007,5.8
0.0,0.0
0.0,0.0
6.603001096681047,6.4
6.4495607285130925,6.7
0.0,0.0
5.909301991491944,6.1
6.106468246322469,5.5
0.0,0.0
5.8776090542961095,4.8
5.848581008907546,5.7
0.0,0.0
6.080218096249916,5.6
0.0,0.0
6.016308928496105,4.9
6.205298227621599,6.3
6.422095085333939,5.7
0.0,0.0
0.0,0.0
0.0,0.0
0.0,0.0
6.537830379997014,7.2
6.416891640080126,6.1
0.0,0.0
6.375023212672977,5.8
5.90290562659557,5.5
6.245077339678991,6.7
5.830348814525572,5.8
6.009817376161333,6.2
5.841460464733882,6.3
5.842026457074523,6.0
6.446901017991645,6.2
0.0,0.0
0.0,0.0
7.252569389405815,6.7
6.554011918615857,5.8
0.0,0.0
0.0,0.0
6.24521933555336,5.4
0.0,0.0
0.0,0.0
5.866733005905122,6.3
0.0,0.0
0.0,0.0
0.0,0.0
6.333996383458081,5.9
6.53178600342786,5.6
6.16349938242697,6.9
0.0,0.0
5.892012978316095,6.6
0.0,0.0
6.298570336479553,6.4
5.853118125102109,6.1
0.0,0.0
6.255784207329969,6.0
6.381991491652948,6.0
6.07134761234266,6.6
6.25054577869626,7.2
0.0,0.0
0.0,0.0
5.964536989037188,7.1
6.035864700809,6.1
0.0,0.0
6.335708965393027,6.6
6.404892146339072,6.3
6.143113936942743,6.5
7.01628110578839,7.4
0.0,0.0
6.547943195597201,7.3
5.81439469655948,5.7
6.206107403008801,6.0
5.914815909121411,5.3
5.838313686594715,4.9
0.0,0.0
6.2806223370831455,5.0
6.537273646446509,6.3
6.2052672136558895,7.0
6.603357711821444,6.4
6.910636132182294,6.8
5.990966567648231,5.8
5.954573884365778,6.5
0.0,0.0
6.160167923837053,6.5
5.913303916012445,5.8
6.1269367944049575,7.2
6.103546570445922,5.6
0.0,0.0
0.0,0.0
6.286698837459246,4.8
0.0,0.0
0.0,0.0
6.7525420616066745,6.6
6.893908983663731,6.8
0.0,0.0
0.0,0.0
0.0,0.0
0.0,0.0
6.339490195122734,7.3
0.0,0.0
7.367331593203004,7.0
0.0,0.0
6.5425252380005,6.2
5.8812472801795,5.4
5.918920144488882,7.9
5.814324633591978,5.8
6.78318664709165,6.4
5.867610924133125,5.9
5.849988339682199,5.7
5.995381938936095,5.7
0.0,0.0
6.349344548529239,5.8
5.967624452310932,6.3
6.1448473501326735,6.9
0.0,0.0
6.068306823143256,6.7
6.319507903222465,7.2
0.0,0.0
0.0,0.0
0.0,0.0
0.0,0.0
6.527280498809698,6.5
0.0,0.0
7.168356090716295,7.4
5.990835757083322,6.3
0.0,0.0
5.765570680602943,5.4
5.8569908798787695,7.1
0.0,0.0
0.0,0.0
0.0,0.0
5.72897547317548,4.9
0.0,0.0
5.87852542749871,5.9
0.0,0.0
6.082034865854896,6.9
6.012005269496202,6.5
0.0,0.0
6.696109351213599,7.7
0.0,0.0
0.0,0.0
0.0,0.0
5.9898428095839344,5.7
5.880419367257425,5.7
6.314215439222112,6.7
0.0,0.0
6.2285987877813325,4.8
0.0,0.0
6.73552338074848,7.2
0.0,0.0
0.0,0.0
0.0,0.0
0.0,0.0
0.0,0.0
6.563759737234374,6.4
5.887202418369393,6.6
7.142260505151644,7.8
0.0,0.0
6.492063671131181,6.0
5.957382334350843,5.8
6.21153015567087,7.0
6.467380533850388,5.7
5.86299011935989,6.1
6.471172369736013,7.0
0.0,0.0
0.0,0.0
6.446244123042832,6.2
6.252425148992217,6.5
0.0,0.0
5.92284089471659,5.8
6.1088079044931,6.5
0.0,0.0
0.0,0.0
5.947565469712654,5.1
7.107255328033261,7.2
5.76307963185522,7.0
0.0,0.0
0.0,0.0
0.0,0.0
6.209583832597489,6.0
6.201487535507811,6.7
6.5443474726205775,6.8
0.0,0.0
0.0,0.0
5.968591447407835,6.5
6.248478219480297,6.5
0.0,0.0
6.229596838725903,6.1
0.0,0.0
0.0,0.0
6.070728050897583,5.8
6.44560455551977,5.8
0.0,0.0
6.235561599798086,5.5
0.0,0.0
0.0,0.0
0.0,0.0
0.0,0.0
0.0,0.0
0.0,0.0
6.217019961233407,5.6
6.267298820547273,6.3
6.018888665677451,4.4
0.0,0.0
6.457981725504704,5.5
6.7288078554051465,6.7
5.785125619917258,5.4
0.0,0.0
0.0,0.0
5.867440698412175,6.0
7.274536957391752,8.6
6.116220036829187,6.3
6.354990461656308,5.3
6.028498618254239,5.1
0.0,0.0
6.084674440499199,5.9
6.768696496699388,6.0
6.326333151059845,6.1
0.0,0.0
0.0,0.0
5.8171255489699,6.3
5.8962643821709335,5.7
0.0,0.0
0.0,0.0
0.0,0.0
0.0,0.0
7.045034147730555,6.2
5.914790789535977,5.3
0.0,0.0
6.523473688792536,7.4
5.955124337985758,5.7
0.0,0.0
6.456454398532478,6.3
0.0,0.0
6.353739034772615,6.5
0.0,0.0
6.683449681656809,6.8
0.0,0.0
6.328255115760994,5.7
0.0,0.0
0.0,0.0
6.350196869074718,7.5
6.056495138467757,6.2
0.0,0.0
6.630810078034051,7.4
0.0,0.0
0.0,0.0
6.295103835273899,6.5
5.891397818336884,5.6
6.247228831126327,7.1
6.149073138818251,6.3
0.0,0.0
6.841412041369861,7.5
6.154090254431888,5.9
6.016719407145109,5.8
0.0,0.0
0.0,0.0
0.0,0.0
0.0,0.0
0.0,0.0
7.021271106171665,6.6
0.0,0.0
0.0,0.0
0.0,0.0
0.0,0.0
6.128093277918,6.5
0.0,0.0
5.900702922820907,5.3
6.460974615692052,5.2
0.0,0.0
0.0,0.0
0.0,0.0
0.0,0.0
5.872684943506013,6.3
6.283525365473503,5.6
5.970897093983328,6.0
6.349357345046077,5.8
6.048547968939676,5.5
0.0,0.0
5.99962921828484,6.2
6.716217103728524,5.6
0.0,0.0
0.0,0.0
0.0,0.0
5.90462750241086,6.4
5.909950530364782,5.3
6.2626772239157695,6.8
0.0,0.0
6.227578167953964,6.2
0.0,0.0
0.0,0.0
0.0,0.0
5.858760540363235,6.2
0.0,0.0
5.948325949516003,5.9
6.2257083416144265,6.8
0.0,0.0
5.9513138177324825,7.0
0.0,0.0
5.835075798260167,4.6
6.137733012268697,5.9
5.92949205740342,6.4
6.113895732729472,5.6
0.0,0.0
0.0,0.0
5.96175804410524,6.1
6.522340092863219,5.8
6.025727571995691,4.2
0.0,0.0
0.0,0.0
0.0,0.0
6.223477025925248,5.4
6.682298086916334,7.0
0.0,0.0
5.930174224416701,4.6
6.707574409139811,5.5
6.107479759718592,7.2
0.0,0.0
0.0,0.0
6.33060493878756,5.7
0.0,0.0
6.316235995881298,6.2
5.917663693549391,6.7
6.342022309136556,6.2
6.02490450578892,6.6
0.0,0.0
0.0,0.0
5.99602009161443,5.9
5.840537058314244,5.9
6.144399892114532,6.5
6.268421457766423,5.4
0.0,0.0
7.071770377478754,6.7
0.0,0.0
5.915760547309932,6.2
6.876090029897805,6.7
6.269526014363349,6.7
6.230939856648315,6.1
0.0,0.0
5.873278582096763,6.1
0.0,0.0
0.0,0.0
7.547403518952489,7.9
5.906561700847726,5.3
0.0,0.0
0.0,0.0
6.202756210590761,5.6
7.3058912176712445,5.1
0.0,0.0
5.868246096352873,5.9
0.0,0.0
0.0,0.0
5.799768249371679,6.9
0.0,0.0
6.640193280766243,7.0
0.0,0.0
7.093028503140261,7.3
0.0,0.0
0.0,0.0
5.818432651606855,5.8
5.917227992745936,5.8
0.0,0.0
7.194759895081759,7.5
6.003425229555434,5.6
6.128529150279139,5.2
6.127584633791662,6.6
0.0,0.0
0.0,0.0
6.2192923386907735,6.1
5.833378224118432,5.8
5.900697690901248,6.1
0.0,0.0
5.81165318324515,5.9
7.106610332130638,5.9
5.973956994441497,6.0
0.0,0.0
0.0,0.0
5.854138647857991,6.0
6.659838280707335,7.1
0.0,0.0
6.243514118719777,6.1
0.0,0.0
0.0,0.0
5.92795781703974,5.0
6.053841927973803,5.6
0.0,0.0
0.0,0.0
5.877597762875147,6.1
5.980640419963126,5.7
6.001435787107537,6.8
0.0,0.0
0.0,0.0
6.544355490537318,6.4
6.512049491822354,5.5
0.0,0.0
0.0,0.0
6.391432250802716,6.9
7.1221138734258975,8.4
0.0,0.0
6.211810487962578,5.6
6.254023906420172,7.2
0.0,0.0
5.963119455687731,6.3
5.955788364265019,5.6
0.0,0.0
6.269755325880783,6.6
6.105179710260451,5.3
5.982038646806638,6.2
0.0,0.0
5.632955575391235,6.1
0.0,0.0
5.902907217543552,6.0
0.0,0.0
5.915176174673015,4.7
5.873564684482029,7.5
6.596931982854176,6.8
6.4313964809581385,5.5
6.204653615826097,6.3
0.0,0.0
0.0,0.0
6.138180882131422,6.3
0.0,0.0
0.0,0.0
5.965561256834981,5.9
6.455889794158923,7.6
5.87381011477948,5.4
0.0,0.0
0.0,0.0
0.0,0.0
6.191114694086398,6.7
6.442794898049279,5.7
5.784486753935338,5.9
7.209929990271242,6.4
0.0,0.0
6.4246844893275785,6.9
6.92644162363794,6.7
6.963976110609562,8.7
0.0,0.0
0.0,0.0
6.454030815683944,5.0
6.76414722695663,6.5
7.341721935731122,7.2
7.047013995674583,6.4
0.0,0.0
5.86093457036753,4.5
6.257846785800427,6.4
5.881620893812057,5.8
5.8783898462011495,6.8
0.0,0.0
0.0,0.0
0.0,0.0
6.04761137083458,6.6
0.0,0.0
6.437714037111267,7.0
0.0,0.0
0.0,0.0
6.0680167283493365,6.3
6.332907814022582,6.8
0.0,0.0
5.8347464260155455,4.3
6.0067878779008606,6.6
0.0,0.0
6.005865731229172,6.5
0.0,0.0
0.0,0.0
0.0,0.0
6.557918204219154,6.2
5.961204061163024,6.3
6.04409430912977,5.8
0.0,0.0
5.953390833375465,6.9
6.01764511315586,5.4
0.0,0.0
5.881534039989369,5.6
6.435614581679315,6.6
6.111497918274287,6.3
0.0,0.0
5.934881464605199,6.8
0.0,0.0
6.29916748522741,6.7
0.0,0.0
6.58350366733724,7.0
6.298701515849314,7.3
6.287323715419485,6.5
0.0,0.0
6.575513589296783,7.1
0.0,0.0
0.0,0.0
6.235004808784614,6.8
0.0,0.0
0.0,0.0
7.376887381954373,7.0
5.829430603008017,5.9
0.0,0.0
6.087458613324333,5.6
6.313847370592721,6.1
6.342704603892954,6.0
6.013775691978205,6.7
7.096979199927479,6.7
0.0,0.0
0.0,0.0
6.0587260090123145,5.3
5.974021223830225,5.4
6.338988646199257,6.6
6.318508929751147,7.5
0.0,0.0
5.902815945452936,5.5
6.076828033227727,6.3
6.166090048495368,5.7
0.0,0.0
6.754184508629431,6.1
5.996807860375909,5.8
0.0,0.0
5.75590306086948,5.2
6.528889122047929,6.2
0.0,0.0
6.041933304563452,6.4
6.261545394676585,6.2
0.0,0.0
0.0,0.0
6.95954275493884,7.2
6.03999514101772,6.1
6.050228675177851,6.8
6.728432346152792,6.2
6.240808284998951,5.7
6.809725949028395,8.0
0.0,0.0
6.480505820031715,6.6
0.0,0.0
0.0,0.0
5.748156405456071,5.6
6.836938850232399,7.0
0.0,0.0
0.0,0.0
6.175762964141084,6.6
0.0,0.0
5.920586201433119,5.5
0.0,0.0
5.814714705160614,6.2
0.0,0.0
0.0,0.0
6.068090610478043,6.1
0.0,0.0
6.409513422679006,5.7
6.403106323759789,7.2
5.989415749943825,5.6
7.271389649901933,7.9
0.0,0.0
5.889960830667812,5.6
6.256963998781294,6.3
5.931308946667905,6.7
6.276864307679811,6.1
0.0,0.0
6.536240252009672,5.5
0.0,0.0
0.0,0.0
6.806915103132496,7.2
0.0,0.0
5.799869516861651,6.2
6.418210260799023,5.9
0.0,0.0
0.0,0.0
7.161412881566276,6.7
5.858591922724234,5.2
6.236835224488117,5.7
6.413475755338687,5.7
0.0,0.0
6.881232804488305,6.6
6.669418235748992,6.3
5.988584242434224,7.2
6.679829827958986,6.4
5.826155388531391,6.3
0.0,0.0
0.0,0.0
6.647106676877541,6.3
5.8882913480880745,5.5
5.920952696261319,5.4
0.0,0.0
5.858701020298189,7.0
0.0,0.0
0.0,0.0
6.256345269031032,7.5
6.25663972366555,6.1
6.064065521427013,5.8
5.839668145569507,5.2
5.88050118061431,5.2
5.775005136430332,5.8
0.0,0.0
0.0,0.0
6.517589769575412,6.9
0.0,0.0
7.112541637615479,7.2
0.0,0.0
0.0,0.0
7.022809783594212,6.0
0.0,0.0
0.0,0.0
0.0,0.0
0.0,0.0
5.885664747607047,6.8
0.0,0.0
0.0,0.0
0.0,0.0
0.0,0.0
6.363121778165706,7.1
5.904720354463949,4.0
6.767464427477576,7.2
6.273947675588155,8.0
5.936148584166328,5.0
5.892397244239648,6.7
0.0,0.0
0.0,0.0
6.192378084703114,6.1
6.482099905029237,7.0
0.0,0.0
6.610296241172286,6.9
6.397550266613557,6.3
7.036397233977191,6.7
0.0,0.0
6.450772880566936,6.4
6.548465243627349,7.3
6.715322257981749,7.9
0.0,0.0
6.027930134680671,6.4
6.139430821870562,6.5
0.0,0.0
0.0,0.0
7.064589473735635,7.6
6.303671847812545,6.7
6.428548202857898,6.9
6.257494631421004,6.2
6.853605322848213,8.1
0.0,0.0
5.977843984238027,6.4
5.991487125123759,5.7
5.854294887923288,6.1
0.0,0.0
0.0,0.0
6.041487960285228,5.4
5.81796865807952,6.7
0.0,0.0
5.825065063020825,5.3
5.90100706219141,5.9
0.0,0.0
0.0,0.0
7.144430520031312,8.1
6.164621978929499,5.7
6.0030794282619695,5.8
6.189622707457628,5.8
0.0,0.0
5.995936534187743,6.1
6.371077260932408,6.0
0.0,0.0
6.306236650927812,7.5
0.0,0.0
6.430496031185659,5.9
5.929749310868555,6.0
0.0,0.0
6.583512345854963,6.4
0.0,0.0
0.0,0.0
0.0,0.0
5.896035524935172,5.7
5.829878807928602,6.1
6.291197772928402,6.6
6.29886568624708,5.8
0.0,0.0
7.540352581067518,7.2
0.0,0.0
0.0,0.0
6.363671874830303,6.5
6.453781813488467,7.3
5.944091017049591,5.3
6.318486709137282,6.5
0.0,0.0
5.737983717058663,4.7
0.0,0.0
5.867615988211677,5.7
6.044346764038512,6.2
6.37398492217221,5.8
6.594182332684103,6.6
6.414165617647555,5.3
0.0,0.0
6.809551423109643,6.2
6.402848684483171,6.3
0.0,0.0
6.95447784295146,6.7
0.0,0.0
5.923718515672004,6.1
0.0,0.0
0.0,0.0
0.0,0.0
0.0,0.0
6.492595916910222,5.9
6.907412574880599,6.0
0.0,0.0
5.884188300546944,5.3
0.0,0.0
5.909587232308024,5.9
0.0,0.0
6.170515023950308,6.4
0.0,0.0
0.0,0.0
5.981350797591575,6.5
6.691076858491133,7.3
6.772720682665687,7.1
6.316299939399967,6.4
0.0,0.0
6.1136713283384525,5.8
0.0,0.0
6.087141487249989,6.3
0.0,0.0
6.4035574941677975,5.8
0.0,0.0
5.849258889031334,5.8
6.090266897530109,6.0
6.115743516622914,5.5
0.0,0.0
0.0,0.0
0.0,0.0
0.0,0.0
5.882107570853794,6.2
6.92417331150708,6.4
0.0,0.0
6.257098399763235,5.7
7.067019751072882,6.8
6.164028746334601,6.0
0.0,0.0
5.888507539820908,4.7
0.0,0.0
6.362772488034615,6.4
5.855949395062832,4.8
0.0,0.0
6.396586403591158,5.6
5.92684327876101,4.9
6.365597754965719,6.9
0.0,0.0
0.0,0.0
5.9734675013715135,6.4
0.0,0.0
6.081386504974168,5.7
0.0,0.0
0.0,0.0
5.8103068056038,5.9
0.0,0.0
0.0,0.0
6.570261387410799,6.6
0.0,0.0
5.909014926039003,5.1
6.0703031110742165,7.0
6.156052868966235,5.9
6.209061406781106,7.0
0.0,0.0
6.661712177087094,6.7
0.0,0.0
0.0,0.0
6.392964519911601,6.3
6.391313409369344,5.4
0.0,0.0
5.781192270130755,4.6
7.023936495227768,6.3
6.25498955412358,6.4
6.0603614854805885,5.6
0.0,0.0
0.0,0.0
0.0,0.0
5.918422282797854,5.7
6.0601185909343736,6.5
0.0,0.0
6.22008159127925,7.6
6.303029537696102,6.6
6.80892285847187,6.3
0.0,0.0
0.0,0.0
0.0,0.0
0.0,0.0
6.028119352160801,6.0
5.892380676967287,5.3
6.005110515627849,5.8
0.0,0.0
0.0,0.0
6.735764915787825,7.1
0.0,0.0
0.0,0.0
0.0,0.0
0.0,0.0
0.0,0.0
6.41529344481039,5.6
7.007978079852327,7.4
0.0,0.0
6.45597318512873,6.0
6.02755576410814,6.1
5.969184727603657,6.3
0.0,0.0
0.0,0.0
6.044750344372334,5.2
0.0,0.0
0.0,0.0
0.0,0.0
5.963391775117999,5.6
0.0,0.0
7.301557422425135,7.2
5.957287750479179,6.4
0.0,0.0
6.135520517569828,5.5
0.0,0.0
6.644859449331673,6.9
0.0,0.0
0.0,0.0
6.542430930063516,6.3
6.77793300697531,7.9
5.817868628876246,5.8
5.873707416123834,6.6
6.123880197028893,5.0
0.0,0.0
6.3482838210842285,5.7
6.23388318541846,5.5
6.722627207129972,6.8
5.904409776203565,6.3
6.117132476395458,7.2
0.0,0.0
5.982465452655937,6.6
0.0,0.0
0.0,0.0
6.214840490971205,5.9
5.922756441503508,7.0
0.0,0.0
0.0,0.0
0.0,0.0
0.0,0.0
6.612027958931636,6.8
5.926810843810037,5.7
0.0,0.0
6.422562368399177,6.1
6.6482050266425246,6.8
0.0,0.0
0.0,0.0
6.290480720255622,6.8
0.0,0.0
0.0,0.0
5.86138375262522,5.8
0.0,0.0
0.0,0.0
6.201803135612938,6.8
6.339531028996656,6.0
0.0,0.0
6.832745330159789,7.5
0.0,0.0
0.0,0.0
6.146257838472917,6.5
7.064479536680051,6.3
6.317318438437001,5.7
0.0,0.0
0.0,0.0
6.0887719260527415,5.5
6.282015431882151,7.2
7.167112905592632,6.6
0.0,0.0
0.0,0.0
0.0,0.0
6.086836594373,5.3
5.920890320208524,4.8
0.0,0.0
0.0,0.0
5.975562024976767,6.3
5.9059334055699,4.3
0.0,0.0
6.003303978165136,5.7
6.03916637573232,4.5
7.006581775374449,8.1
0.0,0.0
0.0,0.0
5.891667316579508,6.4
6.018140663621854,6.4
0.0,0.0
0.0,0.0
6.353089935693794,7.7
5.894863920966929,6.1
5.873704625738746,5.8
0.0,0.0
5.881091901767413,4.9
0.0,0.0
6.199650815725438,7.1
0.0,0.0
0.0,0.0
6.574590312417037,5.9
6.06072909748108,6.2
5.90210335271102,5.6
6.344553493384913,5.6
5.9642055730962165,6.1
0.0,0.0
0.0,0.0
6.043217542827466,6.8
6.460966894673135,5.7
5.817923886472739,5.7
7.089785175401582,7.1
0.0,0.0
5.866969733558496,5.5
0.0,0.0
5.9949787099589615,4.6
0.0,0.0
0.0,0.0
0.0,0.0
7.008106092543609,7.0
6.116396693137561,5.8
6.341811322309981,6.2
0.0,0.0
0.0,0.0
6.126790100894527,6.2
5.803760770144599,6.1
5.727557853647449,6.0
0.0,0.0
0.0,0.0
0.0,0.0
7.278049117407276,7.1
0.0,0.0
6.244125456036626,6.2
0.0,0.0
0.0,0.0
0.0,0.0
0.0,0.0
0.0,0.0
6.200222130729238,6.1
0.0,0.0
6.463328409548393,7.1
6.17528660794579,6.2
6.982921780495489,6.6
0.0,0.0
6.727277813417891,5.6
7.005347965454496,8.2
5.930692871010975,6.9
6.870461043487514,5.2
0.0,0.0
6.666375813382331,7.2
6.744086420755684,7.1
5.892698195379393,5.4
6.067744137039066,6.8
0.0,0.0
0.0,0.0
0.0,0.0
6.578146127695203,6.1
0.0,0.0
0.0,0.0
6.386610567400442,5.8
5.813759937121845,4.8
6.6601018585894405,5.6
0.0,0.0
0.0,0.0
0.0,0.0
0.0,0.0
0.0,0.0
5.920595321622017,4.9
5.9028052992571896,5.7
6.283782999798024,6.8
6.195974007145795,5.2
0.0,0.0
6.000369476884879,5.8
0.0,0.0
0.0,0.0
0.0,0.0
6.300277556632761,5.8
6.418002550203377,5.5
5.873569001174552,7.1
6.299078031086728,5.2
0.0,0.0
0.0,0.0
0.0,0.0
7.04818140855359,8.4
0.0,0.0
0.0,0.0
6.145049620810187,5.1
6.887311755966134,6.1
0.0,0.0
0.0,0.0
6.057078010786384,6.5
0.0,0.0
6.378247815407034,5.9
6.612778527090594,6.7
5.998191509553833,6.6
6.93687541374397,7.5
6.378316594386386,6.3
6.054220995794903,5.2
0.0,0.0
0.0,0.0
6.213554375304008,5.9
0.0,0.0
0.0,0.0
0.0,0.0
0.0,0.0
6.026321593463729,6.5
0.0,0.0
0.0,0.0
5.855044661468017,5.2
6.297320622899387,5.7
5.939295004056574,5.9
0.0,0.0
6.298008161330692,6.9
0.0,0.0
0.0,0.0
0.0,0.0
5.910488861546693,6.6
5.848261886786935,6.3
5.8530185651605775,5.8
0.0,0.0
5.853638051837661,5.7
0.0,0.0
0.0,0.0
6.0439150809540045,5.5
0.0,0.0
6.440202381020665,6.4
0.0,0.0
0.0,0.0
6.484332733404062,6.7
5.895462104056606,7.0
6.716509250531617,6.8
5.9973631747668525,6.2
5.919979328449857,4.8
6.091213532548608,5.9
6.2744797425621215,6.3
5.990705064306525,6.8
0.0,0.0
6.253190812772739,6.6
0.0,0.0
6.149784597692317,6.4
0.0,0.0
0.0,0.0
6.52691077998885,6.3
5.813261449350874,6.8
6.221383407295051,5.9
0.0,0.0
0.0,0.0
0.0,0.0
0.0,0.0
6.106051542890013,5.9
0.0,0.0
6.290707003055469,7.4
5.928546755693351,5.6
6.260048046341071,6.7
6.114395429302905,5.5
0.0,0.0
0.0,0.0
5.907895018900706,6.4
0.0,0.0
6.057935329125705,6.9
0.0,0.0
7.234992843062124,7.2
6.014277030971018,6.7
0.0,0.0
6.109768960390482,6.0
6.297026136448847,6.3
0.0,0.0
6.356900297888825,5.8
0.0,0.0
0.0,0.0
6.284412965683663,6.3
0.0,0.0
5.951543072709309,6.4
0.0,0.0
0.0,0.0
5.910961909977328,5.8
6.554265880080239,6.1
6.003697851367321,6.2
6.981917493837051,7.5
0.0,0.0
0.0,0.0
6.35178538241626,7.2
6.006561103540728,5.7
6.051672759176471,6.3
0.0,0.0
0.0,0.0
6.00363510075219,6.2
0.0,0.0
5.993895034933086,6.9
7.137568974436075,7.7
6.583438151096416,6.9
6.443032336199812,7.9
5.8913928224087,5.6
6.004768689963353,6.0
7.052715393602355,6.1
0.0,0.0
5.933469969737166,6.6
0.0,0.0
7.358186882309076,7.5
0.0,0.0
0.0,0.0
6.114995812520381,6.1
6.416624428037873,6.2
0.0,0.0
0.0,0.0
0.0,0.0
0.0,0.0
6.707013637575521,6.7
5.9531220045049,5.7
5.8695203721569085,4.7
0.0,0.0
6.063612850841445,4.8
0.0,0.0
6.368978654965879,6.5
6.007433013766602,7.8
0.0,0.0
0.0,0.0
6.224410455374467,6.9
0.0,0.0
0.0,0.0
6.433227072267797,7.6
0.0,0.0
6.119257747533681,6.0
7.026515764554619,7.3
6.128764104732971,5.7
6.181904669476717,5.7
6.918502283769857,7.4
0.0,0.0
6.229874906397272,5.9
5.85140861778032,5.6
6.3107376539718185,7.0
0.0,0.0
0.0,0.0
5.892735424817861,4.9
5.976515193036502,4.6
6.970396950455126,7.3
0.0,0.0
5.982478698175575,3.8
5.984824680223924,6.2
0.0,0.0
0.0,0.0
0.0,0.0
0.0,0.0
0.0,0.0
6.078490339740085,5.5
7.037378450447181,7.2
0.0,0.0
6.025132068471802,5.8
0.0,0.0
6.3076759541207,6.2
0.0,0.0
0.0,0.0
5.879098302234807,6.1
5.862062600766921,5.4
5.876673739805079,5.2
0.0,0.0
6.245330053078299,6.0
5.896653971203914,5.5
0.0,0.0
5.889031365931166,5.5
0.0,0.0
7.044657986973259,6.4
6.4166040032083975,6.3
6.578489343420426,5.8
5.902941262705846,4.9
5.7737650099376125,6.4
0.0,0.0
0.0,0.0
0.0,0.0
6.896585455502824,7.8
6.29096029515346,7.2
6.382776617155348,5.9
6.881834672315185,6.7
0.0,0.0
7.142692828239677,7.2
0.0,0.0
0.0,0.0
6.380340656176212,6.8
0.0,0.0
5.881942406534807,5.6
6.241145236555094,7.3
0.0,0.0
5.964414590071683,5.6
0.0,0.0
5.926823289191274,6.1
6.77970599843762,7.3
0.0,0.0
5.811209358530163,6.0
6.090671421029837,5.8
0.0,0.0
6.7334703515851535,6.2
0.0,0.0
0.0,0.0
5.931912304502077,6.2
0.0,0.0
6.11646656056782,5.6
0.0,0.0
6.539564843378592,6.6
6.437265371715246,6.9
0.0,0.0
6.889604797730338,7.3
0.0,0.0
6.239561439374931,6.4
0.0,0.0
0.0,0.0
6.926707705176309,7.4
5.700919141406971,5.2
6.133695843697414,6.7
6.303903455881291,6.7
0.0,0.0
0.0,0.0
6.236697565080474,5.9
6.238589639833425,5.8
6.549236225493624,6.2
5.87600668769015,5.9
0.0,0.0
0.0,0.0
5.87654999155023,5.9
0.0,0.0
7.083049428113054,6.4
6.097364566826901,7.0
6.044580327212383,5.6
0.0,0.0
6.086029418685475,6.2
5.955843541934557,5.8
6.054060043466613,6.3
6.179334292202287,5.3
0.0,0.0
6.25040310799047,7.3
5.782292076553098,6.3
0.0,0.0
0.0,0.0
0.0,0.0
0.0,0.0
6.749833669582101,6.8
5.860400832484291,5.3
6.119083163173874,4.9
6.232513733881729,6.1
0.0,0.0
0.0,0.0
6.326648453411101,5.9
6.25484388544186,6.7
0.0,0.0
0.0,0.0
6.037017534403848,5.9
6.150441220926763,6.5
0.0,0.0
0.0,0.0
5.845058001608885,6.4
5.89746279904393,7.0
5.769881963654667,7.2
6.2449829207958105,6.1
6.152067400849466,5.4
6.083021618916045,6.2
0.0,0.0
6.30274166953595,6.1
6.672939517374305,6.3
6.252083419193171,6.8
0.0,0.0
0.0,0.0
5.891632162214786,7.0
0.0,0.0
5.925328014232433,5.6
0.0,0.0
6.194168191100476,5.3
0.0,0.0
5.943158062897775,6.1
6.372293213649278,6.9
0.0,0.0
0.0,0.0
6.446764990472047,5.9
5.950925066972723,5.7
7.232680047645279,6.5
0.0,0.0
6.401443935487075,5.4
5.834532155012504,5.8
0.0,0.0
6.305204803111411,5.5
0.0,0.0
6.045516946249843,5.7
0.0,0.0
0.0,0.0
0.0,0.0
6.184336512420786,5.5
0.0,0.0
0.0,0.0
0.0,0.0
6.385286252309201,5.8
6.115377548979332,5.8
5.863433262898123,5.3
7.129085684678238,7.2
5.990387868426572,6.1
5.89422709160454,6.1
6.997325388295031,8.1
6.16435730080074,6.1
0.0,0.0
5.957654330142105,5.8
0.0,0.0
5.920695525092912,6.2
6.7328848104585015,6.3
0.0,0.0
6.0982642220021575,6.8
0.0,0.0
6.042504139142952,6.7
0.0,0.0
0.0,0.0
0.0,0.0
6.124315270356246,5.2
5.995808280753637,7.0
5.9735198517108685,6.6
0.0,0.0
0.0,0.0
0.0,0.0
5.919049691532976,7.0
5.910775993021638,6.0
0.0,0.0
5.788426393113564,6.4
0.0,0.0
6.112388038415372,5.1
0.0,0.0
5.887802234826473,6.3
6.180463704332248,6.1
0.0,0.0
5.831853946567817,6.0
6.285061274338597,5.8
6.071339491248359,5.5
0.0,0.0
7.006374446227039,7.1
0.0,0.0
6.299374535261211,5.4
0.0,0.0
0.0,0.0
0.0,0.0
5.873403764168381,7.8
6.149617057282764,7.1
0.0,0.0
0.0,0.0
5.83911538443663,6.1
7.1659568399006055,6.8
6.137216034661555,6.4
6.138800785512236,5.9
5.937056576091073,5.8
6.286128262517159,6.0
0.0,0.0
6.403700874299626,6.9
5.700035305029176,4.8
6.570739719920781,6.7
0.0,0.0
5.868248933399124,6.1
5.900207989197088,5.7
6.445967865566366,7.2
0.0,0.0
5.964552906504747,6.7
0.0,0.0
5.949196628144236,5.6
6.094551560284263,6.8
5.924614207097458,5.2
6.046021984436158,5.8
5.902110058348807,5.9
0.0,0.0
6.394831540519705,7.1
6.090911438450929,7.5
6.636844488090667,5.7
0.0,0.0
0.0,0.0
0.0,0.0
0.0,0.0
6.948140286017009,6.3
6.096579735290566,6.1
0.0,0.0
0.0,0.0
6.524768504482354,7.3
6.078887736663641,6.7
7.1543528822066,7.7
6.962667762349206,7.0
6.3664383621004434,6.6
6.4610943830329,6.4
6.016458278802766,4.6
6.053194565708538,6.6
0.0,0.0
5.997212588716304,7.0
7.3203949393017265,7.2
6.552316270357293,7.4
6.053541424482861,6.1
6.032819109683889,5.5
6.066832891400426,4.2
0.0,0.0
0.0,0.0
0.0,0.0
0.0,0.0
6.381272636636889,6.5
6.855563090578994,5.9
5.872287898787061,6.9
0.0,0.0
7.120464851844345,6.8
0.0,0.0
5.876842418733389,4.8
5.763453982449051,6.5
0.0,0.0
0.0,0.0
6.181186027574034,7.9
0.0,0.0
6.025262450311822,6.4
6.246796384366677,7.4
0.0,0.0
0.0,0.0
0.0,0.0
5.845102777050935,5.6
6.220482389003095,6.4
0.0,0.0
6.106475347140027,5.5
6.411567893351871,6.1
5.851833760046303,5.9
0.0,0.0
5.80388409044731,6.4
5.764537822031362,6.0
0.0,0.0
0.0,0.0
5.937121712787008,5.9
5.812973698037274,6.2
5.883723560670353,6.3
6.3033609744237005,5.5
0.0,0.0
0.0,0.0
0.0,0.0
7.453530818878563,7.4
6.001776188693909,5.9
6.231998742084294,6.0
0.0,0.0
5.936860193107007,5.4
0.0,0.0
5.821401874708511,6.6
0.0,0.0
5.7620709548352895,4.7
5.940428696276401,5.3
5.8241962256874285,5.9
5.87078444149634,6.8
0.0,0.0
0.0,0.0
6.136395247167255,6.3
0.0,0.0
0.0,0.0
6.087713220708912,5.5
0.0,0.0
6.903654447520903,6.9
0.0,0.0
6.294311323383191,5.2
0.0,0.0
6.888177348397056,6.3
5.882278629807516,4.7
6.709116370448258,6.0
6.710650621337671,6.6
5.962598924102682,5.6
0.0,0.0
0.0,0.0
7.090596802359319,6.6
6.191951462991883,4.6
0.0,0.0
0.0,0.0
5.988381683057097,6.1
0.0,0.0
6.168828932159758,6.4
6.1202598737352245,5.8
6.110990215246022,6.3
0.0,0.0
6.631921632893817,7.4
0.0,0.0
0.0,0.0
0.0,0.0
7.0298604344283,7.1
5.998426445352576,5.7
6.3474933001708616,7.1
0.0,0.0
5.813165554940069,5.8
6.011242495916527,6.0
5.846080261868503,5.8
6.221085799870524,6.5
6.12791351393892,5.8
0.0,0.0
0.0,0.0
6.648246043445631,7.5
0.0,0.0
6.424695285644654,6.5
7.069499661178111,7.4
5.925074176007116,6.0
0.0,0.0
5.921675549934948,5.9
0.0,0.0
6.07331604332368,5.5
6.374083749649323,5.7
6.550057178834394,5.9
5.910899784852132,6.0
5.996132967006481,6.7
5.997513168180129,6.1
6.28172964664817,5.3
6.239181125059813,6.4
0.0,0.0
6.140657998233454,6.2
0.0,0.0
6.110769180862844,6.6
0.0,0.0
0.0,0.0
0.0,0.0
5.993821814944374,6.1
7.146661373799989,6.9
0.0,0.0
0.0,0.0
6.471881200885782,6.3
0.0,0.0
6.821689524491453,6.9
0.0,0.0
0.0,0.0
6.454824571564846,5.5
0.0,0.0
0.0,0.0
6.348743717272074,6.6
0.0,0.0
0.0,0.0
5.902585290355392,5.8
0.0,0.0
5.984778147977827,5.7
0.0,0.0
0.0,0.0
0.0,0.0
5.846151174325302,5.8
6.102020084526236,5.6
6.172526830679072,7.4
0.0,0.0
6.0487876454269385,6.2
0.0,0.0
6.033906526944738,5.4
6.393786882890081,6.4
0.0,0.0
6.400253935190543,6.2
5.9897012132393535,6.1
6.757457173558915,6.9
0.0,0.0
0.0,0.0
0.0,0.0
5.865368823292448,6.9
5.933101559676288,6.9
0.0,0.0
0.0,0.0
0.0,0.0
0.0,0.0
0.0,0.0
6.392526729702744,6.2
6.79257641173732,7.4
6.8807077545810325,5.5
5.871435309187493,6.7
0.0,0.0
0.0,0.0
0.0,0.0
0.0,0.0
0.0,0.0
6.440574242495504,6.9
5.914060443452152,5.9
0.0,0.0
0.0,0.0
5.914271972684576,5.9
5.873801720534444,6.5
0.0,0.0
6.054623238495401,6.5
6.701220599810184,6.0
0.0,0.0
5.998557759177188,6.5
0.0,0.0
5.826672575918648,5.4
0.0,0.0
0.0,0.0
0.0,0.0
6.084228353250569,5.5
6.302957001635435,7.3
0.0,0.0
0.0,0.0
5.764504253158721,5.0
0.0,0.0
0.0,0.0
0.0,0.0
6.369991067165908,6.5
6.9281281737880045,6.9
6.307265495203683,6.8
0.0,0.0
5.94918455070602,5.7
5.948944016864082,5.3
6.002035320214999,6.8
6.401815645451289,6.6
0.0,0.0
0.0,0.0
6.2073319239779,6.0
0.0,0.0
6.307437351154892,6.5
6.278427236777699,6.5
6.206873342192686,6.9
0.0,0.0
0.0,0.0
6.522298756078729,5.7
6.014982167481841,4.6
6.477501443446452,5.5
6.076668625388682,4.8
0.0,0.0
6.107999545049676,5.9
0.0,0.0
6.047606177206079,5.7
6.915070227254327,6.4
6.253159038345965,6.5
6.312488545083148,6.5
0.0,0.0
7.216464572023407,7.5
5.939848133019178,6.0
6.6346621230602585,7.0
6.788286156545156,6.4
0.0,0.0
5.857473757491523,5.6
5.833149097201128,5.8
0.0,0.0
0.0,0.0
0.0,0.0
0.0,0.0
5.958215411817022,5.9
5.910141162475109,6.2
0.0,0.0
0.0,0.0
0.0,0.0
0.0,0.0
6.040387924297389,5.6
6.342842231754231,6.0
6.641097081596583,7.8
6.280065323067586,5.4
6.005194540851793,5.7
5.905963720574902,4.8
0.0,0.0
0.0,0.0
0.0,0.0
6.088728774818065,7.6
6.815606343030774,7.2
6.102885283455808,6.0
6.34271499170216,6.2
5.94548770193481,6.4
6.427223991142902,7.1
6.425648718522496,7.0
7.078865252529997,6.0
5.865657874758441,5.9
0.0,0.0
0.0,0.0
5.94400214174969,6.0
0.0,0.0
7.080260373109423,7.1
6.293290653585535,6.7
6.1197763237460885,6.1
5.846439528619584,6.2
6.849653355419401,6.6
0.0,0.0
0.0,0.0
0.0,0.0
0.0,0.0
6.145621422803521,7.3
6.926431470725851,7.9
5.876474927216147,6.5
5.8249233291284765,6.0
0.0,0.0
0.0,0.0
7.400034496013634,8.2
0.0,0.0
0.0,0.0
6.367147558473466,6.8
5.824071996197654,5.5
0.0,0.0
6.896333397989831,6.0
5.804018960839925,5.8
0.0,0.0
0.0,0.0
6.025404111453025,6.5
6.056526262934046,7.1
6.575597819542437,6.9
6.514121858327935,6.9
7.262847372941485,7.5
0.0,0.0
6.336619534513408,6.9
5.803619146298124,6.2
0.0,0.0
0.0,0.0
0.0,0.0
0.0,0.0
0.0,0.0
6.127547072921326,6.7
5.972371656295797,5.5
6.194376097645447,5.1
0.0,0.0
6.225417328203074,7.7
5.904013891232063,6.0
6.707527913762979,7.2
6.065542067076144,5.9
0.0,0.0
6.127348067880826,6.2
0.0,0.0
0.0,0.0
6.239108106650425,6.3
5.729308530976338,6.6
6.248825889452313,6.4
5.954276437259,6.7
0.0,0.0
0.0,0.0
6.149112279915465,5.9
7.615260557266728,5.6
0.0,0.0
5.868793107253008,6.2
6.334762120161996,6.6
6.411613363504761,6.1
6.212525771423409,6.0
6.337598455420687,6.2
7.063303707722118,7.3
5.875674883124534,6.4
6.003528497722981,5.6
0.0,0.0
0.0,0.0
7.049295549603431,6.9
6.327093821577333,5.7
6.402025277805791,6.0
0.0,0.0
0.0,0.0
6.375454196684165,6.2
7.179267675132095,7.9
5.958018181368452,6.0
0.0,0.0
0.0,0.0
0.0,0.0
6.32382776651369,6.8
5.918797196948095,6.8
0.0,0.0
0.0,0.0
6.134884496242719,4.8
0.0,0.0
5.798782586043485,5.8
5.8575534066406245,5.3
6.033352655581073,5.4
6.28708123606217,6.9
5.927783128545802,5.7
5.930296021405229,5.6
0.0,0.0
5.983886529525587,5.6
7.256215035404617,7.9
6.429615077665233,5.9
6.412875552640039,6.3
0.0,0.0
7.378784145842757,6.3
0.0,0.0
6.18622190783879,5.8
6.672555442894865,7.3
5.944729334434843,4.9
0.0,0.0
0.0,0.0
6.035169810500895,5.5
6.782756093624062,6.8
6.387062037530928,7.6
6.379673895813095,6.4
5.694237734732658,7.2
5.893904335191962,6.1
6.006929558558758,6.3
5.782452990456095,5.8
6.606126618331817,6.0
0.0,0.0
6.322745137996676,7.5
6.128975880907931,6.3
5.905361923680657,5.8
6.07018443256482,6.7
6.258581915243524,6.2
5.989223057975752,5.8
7.166480192760031,6.2
6.861235471074491,6.9
5.992247690635562,6.9
6.633959167577308,6.7
5.8619164487376825,5.9
6.512923790260058,6.2
5.8841209285841005,6.0
0.0,0.0
5.794474503622332,6.0
0.0,0.0
6.317485280015973,5.5
5.9296646690061925,4.5
0.0,0.0
6.278906646846915,6.3
0.0,0.0
6.268765532859933,6.8
0.0,0.0
6.853445373238521,7.3
7.174028901513563,6.4
0.0,0.0
5.75221197735662,6.4
0.0,0.0
5.99436129584603,6.0
6.5427444639069146,6.5
0.0,0.0
5.95355627713581,7.0
0.0,0.0
0.0,0.0
6.527661402340542,6.2
6.4202552200904845,6.6
5.786324085326712,5.9
6.099160377004673,6.5
5.7929635159185695,5.7
0.0,0.0
5.962462812728877,5.6
6.031025316166424,6.2
0.0,0.0
7.170806771923165,6.9
6.1910917857916505,5.8
0.0,0.0
0.0,0.0
5.873093829388679,4.9
5.883229845364803,6.6
6.065713028766827,6.1
0.0,0.0
7.059419665710666,6.2
6.339920557661069,6.3
0.0,0.0
6.713015290587309,6.4
6.951425961090263,5.8
6.290997956584225,6.4
0.0,0.0
0.0,0.0
5.994886099528944,6.5
7.103755007369044,7.9
6.904408301029919,7.9
0.0,0.0
6.22443293921277,6.8
5.835795417170203,5.2
6.918604871285148,6.3
0.0,0.0
0.0,0.0
0.0,0.0
6.005964371408811,5.7
0.0,0.0
6.234436147692897,7.3
7.172183263173525,7.6
0.0,0.0
6.020103762488416,6.3
0.0,0.0
6.0207460827044645,7.2
5.936202726243249,7.0
5.889574944994163,6.8
5.896886951471644,5.7
0.0,0.0
5.88485896370705,6.0
0.0,0.0
6.344760778145396,6.8
6.570228564951807,7.2
6.3635910674441405,5.6
0.0,0.0
0.0,0.0
6.030573703882069,6.5
6.022830685140656,5.0
6.333156223015514,6.7
0.0,0.0
5.874557267460418,6.0
6.261567563362399,6.9
6.013617048301917,5.9
7.46025966423242,8.1
0.0,0.0
0.0,0.0
0.0,0.0
0.0,0.0
6.280468860977344,5.4
0.0,0.0
6.0652599047262,6.9
0.0,0.0
6.059649115386829,6.7
7.0764322760772105,7.6
6.560514593630259,5.2
5.995920345425502,5.9
0.0,0.0
0.0,0.0
6.234805639592311,6.1
0.0,0.0
0.0,0.0
5.852578485633463,5.7
6.3133660985752575,7.1
0.0,0.0
6.887518599776306,6.4
0.0,0.0
6.9464003897724655,7.4
5.837780132527131,6.5
6.136292972554734,6.6
5.699547145927265,6.0
5.941074540824307,6.7
0.0,0.0
5.890283871148262,5.7
0.0,0.0
6.353317304831819,6.7
6.383117449952336,6.9
0.0,0.0
5.991058193924578,5.5
6.851429655190093,7.1
0.0,0.0
5.816329934895561,5.6
6.228018405217848,6.3
0.0,0.0
6.135286843957251,6.0
6.631315836443532,5.8
6.790770285370648,6.8
0.0,0.0
0.0,0.0
0.0,0.0
5.853289864683554,6.6
6.231578960501165,7.0
6.2766198525649965,7.1
6.737349360718719,6.2
0.0,0.0
5.947131051447951,5.6
6.042213599197088,5.9
0.0,0.0
5.893736043499577,5.2
6.777721277510933,6.3
5.844084447663586,6.4
5.918413157616125,5.2
5.81223665666376,6.2
0.0,0.0
6.111446046919197,6.2
0.0,0.0
7.024954074521193,6.0
0.0,0.0
5.869306160904343,5.1
6.686259869495696,6.8
0.0,0.0
6.226724907402897,5.9
0.0,0.0
6.950698443760435,6.4
5.917171584451603,5.3
0.0,0.0
5.955683332571006,6.7
0.0,0.0
0.0,0.0
5.867195487953632,6.9
0.0,0.0
5.940370402866393,5.9
6.250430759653633,5.9
7.459747222633732,7.8
0.0,0.0
0.0,0.0
0.0,0.0
0.0,0.0
0.0,0.0
0.0,0.0
6.136236723439011,6.8
5.872488161427635,6.2
6.687962113610551,7.3
6.286157097316766,5.6
0.0,0.0
6.318424094840534,6.4
0.0,0.0
5.95316444723044,5.2
5.84910605709301,5.6
6.301014894253745,6.5
6.427203356946953,7.1
7.158989128971595,7.4
0.0,0.0
5.82709067883445,6.2
5.859189765624869,6.1
0.0,0.0
0.0,0.0
6.411547953073963,5.2
5.962817163307747,6.0
6.817957339899857,7.1
5.836626929826734,5.4
5.871144425091657,5.1
6.161293010506467,5.4
5.76348628912719,5.1
0.0,0.0
5.933951197094367,6.3
5.943622312554884,5.9
0.0,0.0
6.372272590598828,6.3
6.794310785100795,7.4
6.074594644680843,6.6
0.0,0.0
0.0,0.0
5.930836817179745,5.1
6.185191336983096,4.9
7.081394916045632,7.6
6.014788227476091,6.6
0.0,0.0
6.141145185285517,6.6
5.894148951537153,6.4
5.908932645749645,5.5
6.598899076048544,6.6
5.772394484487131,5.5
0.0,0.0
6.078869106387389,6.5
6.580802793220024,5.6
6.023425174017291,5.5
0.0,0.0
6.38451218074695,6.4
0.0,0.0
0.0,0.0
6.546713397172884,7.5
6.301670526352742,7.3
6.458725929255273,6.0
0.0,0.0
6.209375557326591,6.5
0.0,0.0
6.646866886230102,6.6
0.0,0.0
6.714264565081462,6.5
5.887263891782635,6.4
6.126372110096019,5.7
6.274044398632023,5.3
6.515031756702874,6.3
5.888115372044559,5.6
0.0,0.0
5.992468383398702,5.3
6.78825464633717,7.8
6.490433789164113,6.4
6.201453094568816,6.2
0.0,0.0
6.164889134929099,6.6
6.716143789471175,6.8
0.0,0.0
5.906655257990989,7.5
0.0,0.0
6.156760754417674,5.8
5.865027629660205,5.9
5.885518794928487,6.5
6.016778413824227,6.5
6.238749737965201,5.7
6.148614792219126,6.2
0.0,0.0
0.0,0.0
6.96322835301106,7.9
0.0,0.0
6.480739824858539,6.5
6.853825936266957,6.3
0.0,0.0
5.96794301896326,5.6
5.835973757644051,4.3
5.950391354778267,5.0
6.425661217245285,6.4
0.0,0.0
6.106143541358756,6.4
0.0,0.0
6.211671720292313,5.9
5.908667232346457,5.8
0.0,0.0
0.0,0.0
0.0,0.0
5.982947749150968,5.7
0.0,0.0
6.378702987555848,6.7
6.621468711676902,6.1
5.88169289754218,5.0
0.0,0.0
0.0,0.0
5.833763237506418,6.0
6.182772491234245,6.9
5.919903936716886,5.8
6.617464464640259,6.2
0.0,0.0
0.0,0.0
5.891552712987424,4.8
0.0,0.0
5.870357673843488,6.7
0.0,0.0
5.882560685545683,5.5
0.0,0.0
6.214498262301864,6.4
6.020882142781751,5.1
0.0,0.0
6.265908279797621,6.4
7.155189141340022,7.1
6.395014874676694,6.4
6.0189987433987255,6.0
5.828992730331559,5.0
0.0,0.0
0.0,0.0
6.228675897388674,6.6
0.0,0.0
0.0,0.0
7.072926119152855,6.6
0.0,0.0
5.980837521731783,5.9
0.0,0.0
0.0,0.0
0.0,0.0
7.404548742759428,8.1
6.08067518980215,5.2
5.851960778575484,6.0
0.0,0.0
6.87377262027856,6.4
5.938903832642111,5.8
5.928475253134105,6.8
5.880053975201249,4.0
5.941662208898912,4.6
5.904075503880487,6.2
6.393473281782406,6.7
5.983984991920278,6.3
6.485836382254145,6.4
0.0,0.0
0.0,0.0
5.989469671736466,6.5
6.377883137107333,5.2
5.8311896407781445,4.9
0.0,0.0
0.0,0.0
0.0,0.0
6.056260207693368,6.0
6.695172784022362,6.7
0.0,0.0
0.0,0.0
6.45489956397773,6.0
6.070556402411462,5.2
6.0746669676822265,5.8
0.0,0.0
5.978625038162033,6.0
0.0,0.0
6.79407020189436,7.2
6.207315754796669,5.5
0.0,0.0
6.078710014175592,6.3
6.005067376495473,5.8
6.712010712127804,6.0
0.0,0.0
0.0,0.0
6.27961812908171,7.0
6.072564186371837,4.9
6.037340826838899,6.4
6.530584556893113,5.9
7.434847395619959,8.1
6.045393535686156,6.3
0.0,0.0
0.0,0.0
0.0,0.0
5.777065691338904,5.6
0.0,0.0
5.8305949051905,6.2
0.0,0.0
0.0,0.0
6.842721572756751,7.2
0.0,0.0
0.0,0.0
0.0,0.0
0.0,0.0
6.765317505931519,7.0
0.0,0.0
0.0,0.0
0.0,0.0
6.4016765773888045,6.3
0.0,0.0
6.346141895840832,5.7
5.865638118191111,6.0
6.075098138691986,5.4
0.0,0.0
6.444210642262108,7.0
6.0959999172847805,7.1
0.0,0.0
5.884577263644176,4.7
5.951560150551943,5.7
0.0,0.0
5.816991859448934,5.5
5.906874579814959,6.0
0.0,0.0
5.993951176767995,5.0
5.945793213398012,6.6
0.0,0.0
6.61720623044922,6.2
0.0,0.0
0.0,0.0
5.795043523599945,5.4
6.328503562700391,6.7
5.881532664954957,6.9
6.61145496900298,7.1
6.190088703355641,6.3
0.0,0.0
0.0,0.0
5.982181529126948,6.1
6.223923142680195,5.6
6.6368210541124215,7.0
6.07602901684859,5.8
0.0,0.0
6.19466495053635,5.8
0.0,0.0
0.0,0.0
6.707151382570322,6.6
6.885723077093038,5.4
6.070282227947056,6.1
0.0,0.0
0.0,0.0
5.94079499436609,4.9
0.0,0.0
5.880505373686584,4.9
6.442455925982386,5.5
6.173343056423917,6.1
0.0,0.0
0.0,0.0
6.472123478526207,5.5
0.0,0.0
0.0,0.0
0.0,0.0
5.886769633776179,5.9
0.0,0.0
0.0,0.0
0.0,0.0
0.0,0.0
6.350458724856352,6.7
0.0,0.0
0.0,0.0
5.88018907744911,6.4
0.0,0.0
0.0,0.0
5.892896500307013,6.0
0.0,0.0
5.962769831356874,5.4
5.9842318557525,5.4
5.82161172383316,5.7
0.0,0.0
6.065515041598673,5.7
0.0,0.0
0.0,0.0
0.0,0.0
6.106272259409966,6.5
0.0,0.0
5.90706738509672,6.1
0.0,0.0
0.0,0.0
6.206373011842071,6.9
5.761347276834749,6.6
5.775550410001928,5.1
6.297693086338533,5.9
5.854755707685049,5.4
0.0,0.0
0.0,0.0
5.859970641881176,7.0
6.124207709338255,6.0
6.437460482911347,6.1
0.0,0.0
6.436838760368957,6.0
0.0,0.0
5.743366860838927,5.3
0.0,0.0
0.0,0.0
0.0,0.0
0.0,0.0
6.359773361921805,6.0
6.410970456081639,6.0
6.915158759764468,5.7
6.162294610715224,6.9
5.789157951549467,6.3
0.0,0.0
5.912289455447281,5.4
0.0,0.0
0.0,0.0
0.0,0.0
6.271532095237231,5.8
0.0,0.0
6.075880433875978,6.5
6.015622124165277,6.5
0.0,0.0
0.0,0.0
6.027891254493299,6.3
5.911251236518392,6.1
0.0,0.0
5.9624687906067,5.4
6.390333865846236,6.0
6.342505165691737,6.4
6.529382578188123,7.2
6.759978504323223,6.5
6.207987748897378,6.0
0.0,0.0
5.942150916630419,6.6
0.0,0.0
0.0,0.0
6.520031577713226,6.0
0.0,0.0
0.0,0.0
0.0,0.0
0.0,0.0
0.0,0.0
0.0,0.0
5.949237767098024,6.5
0.0,0.0
5.855319200314357,5.9
6.253298221221892,5.7
5.822847609564934,5.5
0.0,0.0
6.030993237005554,5.2
0.0,0.0
5.8343542350182105,5.0
0.0,0.0
6.177143793553341,5.6
0.0,0.0
6.235628408632858,5.3
5.872130940183138,5.5
0.0,0.0
0.0,0.0
0.0,0.0
5.984237252711444,6.1
7.340274299712545,7.3
0.0,0.0
6.241853192537372,5.1
0.0,0.0
0.0,0.0
0.0,0.0
6.417022117771069,6.2
6.448646095185251,7.9
6.1979517360104,7.6
6.338703902632808,5.4
5.906267779982552,5.1
6.100763362260251,6.6
6.195440722741068,6.0
5.928328943563882,6.1
6.191822134234583,5.4
5.89780796982401,4.9
6.388090450331959,6.7
5.993944137389486,6.1
5.990759503263727,5.8
0.0,0.0
6.374286891452302,5.4
6.000019205195103,7.0
0.0,0.0
6.377980376283362,5.7
0.0,0.0
6.135556854955151,6.5
0.0,0.0
6.027668789483148,4.6
0.0,0.0
6.0376514265309,6.8
6.028254765382333,6.6
0.0,0.0
0.0,0.0
7.285627401828379,7.2
6.821745259538231,6.5
6.124568830411099,7.2
5.819269396110526,5.4
6.821021213547023,7.8
6.348000810557545,7.1
6.492157283926276,6.8
0.0,0.0
0.0,0.0
5.8472409662039535,5.7
5.833184366479513,6.4
6.418696897056175,6.9
0.0,0.0
6.1827459298914045,6.3
6.053496496183334,5.5
0.0,0.0
0.0,0.0
0.0,0.0
6.128550229053943,4.9
6.405356415942544,6.3
6.68957708169842,7.3
6.111782250636729,4.8
6.9087638001247385,6.6
0.0,0.0
5.879596641035396,5.3
6.3038639163883,6.0
6.373467578120793,5.7
6.064658741712174,6.0
0.0,0.0
0.0,0.0
6.264975479918702,8.0
7.016700365460703,7.7
6.191292141269386,6.8
6.011040758787284,5.8
6.241576712303725,7.2
6.038535654028592,5.5
5.778113297777855,6.0
6.114551133104433,7.0
5.853653928691679,5.4
0.0,0.0
6.12664313552777,6.5
5.896708560083513,6.7
0.0,0.0
0.0,0.0
5.92058852984803,4.8
0.0,0.0
6.123570626577795,5.2
6.133371595654427,6.4
5.958868770191398,4.8
0.0,0.0
5.938597117127356,7.6
6.167070101820155,5.7
6.145122230607647,6.2
5.89163866586739,5.8
6.129785210376681,6.5
0.0,0.0
6.047066484981348,5.3
0.0,0.0
0.0,0.0
0.0,0.0
0.0,0.0
6.849489828733891,6.2
6.015764101624464,5.9
0.0,0.0
6.3290562583472125,6.3
0.0,0.0
6.390049054069317,7.2
6.328383010110755,7.9
6.623946573385344,6.8
0.0,0.0
0.0,0.0
0.0,0.0
0.0,0.0
0.0,0.0
0.0,0.0
5.867856543340199,5.3
6.4539229998975305,6.7
0.0,0.0
0.0,0.0
7.423220184698457,7.9
6.768962797404751,6.7
6.124838219638672,7.0
5.938265371632588,4.6
0.0,0.0
5.839238804749693,6.5
0.0,0.0
0.0,0.0
5.86431685750772,6.4
6.29031136438551,6.6
6.388116811943847,6.1
5.836723609730787,5.0
7.322147056663824,7.4
6.189218281176316,6.2
0.0,0.0
6.404332487682989,6.1
6.426005967789761,5.6
7.320617954942796,8.1
0.0,0.0
0.0,0.0
6.223370359309561,6.9
6.0307415886318525,6.8
0.0,0.0
5.832146681180486,6.6
0.0,0.0
0.0,0.0
5.940756919412147,6.3
7.014333542251307,6.3
0.0,0.0
0.0,0.0
5.905345278141511,6.6
5.8809170572964575,5.3
0.0,0.0
0.0,0.0
6.197185491207724,5.1
6.044759050244306,5.8
0.0,0.0
5.76097793606398,6.4
0.0,0.0
0.0,0.0
0.0,0.0
0.0,0.0
6.33005244447264,7.3
0.0,0.0
7.418000398162097,7.9
5.8325548074338265,6.5
0.0,0.0
0.0,0.0
0.0,0.0
6.0455304361533,6.9
6.558837898319769,7.0
0.0,0.0
0.0,0.0
0.0,0.0
6.319676363474018,7.2
7.235810462855059,6.3
0.0,0.0
6.079431876170623,6.3
5.789446636224143,5.4
6.333919831399069,7.2
6.207718454616,5.9
0.0,0.0
0.0,0.0
6.1926419647215205,7.2
5.997371454995387,5.0
0.0,0.0
6.538359090205989,5.7
6.023521006520278,6.9
0.0,0.0
6.109921905918071,5.6
5.941657090595523,5.8
5.807558244411726,5.1
5.886595384306249,6.0
5.965690755362105,6.2
0.0,0.0
0.0,0.0
5.835032124297399,6.0
5.825546129133557,4.9
6.390304778917833,6.2
5.917140937808654,6.3
0.0,0.0
0.0,0.0
6.122201401031099,6.7
5.980660626745792,4.9
0.0,0.0
6.115369513555993,6.3
0.0,0.0
0.0,0.0
0.0,0.0
5.997328184873456,6.6
6.411185302884596,6.0
0.0,0.0
6.923153976023348,5.9
0.0,0.0
5.856108977960263,6.4
0.0,0.0
0.0,0.0
6.302162761847659,6.8
6.039993146572534,6.1
6.611382984006054,6.6
6.1645926727375215,4.7
0.0,0.0
5.94639078089151,5.3
0.0,0.0
5.8774833311717884,5.8
5.834651743604844,4.8
5.777849596768602,5.6
0.0,0.0
0.0,0.0
6.402399180806368,6.6
5.815251517775606,5.6
0.0,0.0
6.460328402631504,5.8
6.282089443240681,6.8
0.0,0.0
0.0,0.0
0.0,0.0
5.784407247901511,6.2
6.649688334933477,6.6
6.216061514728814,6.2
0.0,0.0
5.8974502897169225,5.9
6.441503181298241,6.1
0.0,0.0
6.949338409951992,6.3
6.451794874396422,5.9
0.0,0.0
6.546501934844992,6.6
0.0,0.0
0.0,0.0
6.575916311324314,5.5
0.0,0.0
0.0,0.0
6.210806972875458,6.8
6.540801214148018,6.0
6.2186714008812425,5.7
0.0,0.0
0.0,0.0
0.0,0.0
6.51863620506633,5.7
0.0,0.0
7.330838328881596,8.1
5.880384710804846,6.0
6.430495417168165,6.2
6.72962690257209,6.7
6.212283851273421,6.6
6.019559823877307,6.2
5.953961466281738,6.1
6.773347631181983,7.4
0.0,0.0
7.012867581572004,6.8
0.0,0.0
0.0,0.0
6.809589448174205,6.1
5.948599515138208,5.1
6.009967157246418,4.0
6.094068663890368,5.6
7.242269756027658,7.7
6.070950240133434,7.3
5.974790912458133,6.2
0.0,0.0
0.0,0.0
0.0,0.0
6.584666960691031,6.7
6.082032349107617,8.1
5.882038663399111,5.6
5.914891920396021,6.5
6.411962051162007,6.1
6.272230033134557,4.7
7.334150615158643,7.3
0.0,0.0
0.0,0.0
5.928577180948254,6.7
0.0,0.0
6.051785856871095,5.5
6.281503253834177,6.4
6.86643668305482,7.0
0.0,0.0
0.0,0.0
0.0,0.0
5.829728968639979,6.2
0.0,0.0
0.0,0.0
5.911372553425077,6.0
5.981363123888112,6.9
6.666429775927334,6.8
0.0,0.0
0.0,0.0
5.89079397444469,5.7
0.0,0.0
0.0,0.0
0.0,0.0
6.294779296140937,7.1
0.0,0.0
0.0,0.0
0.0,0.0
5.983785940979463,6.3
6.517768048202922,6.0
5.87082797723315,5.3
0.0,0.0
6.273590609541034,6.2
0.0,0.0
6.064022246697339,6.4
7.132311385385617,7.2
6.268670616045049,6.4
5.7997250649398735,5.6
0.0,0.0
5.889965232504352,7.0
0.0,0.0
0.0,0.0
5.863164662882959,4.9
5.95570785403721,5.1
6.133784035468773,5.8
6.103680411692051,5.8
6.909698394850104,7.0
6.32063908520957,6.5
0.0,0.0
0.0,0.0
0.0,0.0
6.390091298577544,6.3
0.0,0.0
6.328132233497223,5.4
6.261584433197995,7.0
0.0,0.0
5.879460095304145,6.4
0.0,0.0
6.669651924765209,6.0
0.0,0.0
5.848319544784443,6.2
5.879395807277215,5.5
5.927138806330269,5.1
0.0,0.0
6.331280659666845,6.6
5.810515587424295,5.1
0.0,0.0
0.0,0.0
6.482817179843583,6.0
0.0,0.0
7.21412148689172,7.1
0.0,0.0
6.945204169429042,6.2
6.0121197032079134,6.8
6.276995124805223,4.9
6.339641516178888,5.8
0.0,0.0
6.978032360977319,6.8
5.888809316727891,5.5
6.089781867890855,4.9
0.0,0.0
5.995574750331112,5.7
6.324626030870027,6.1
6.355145078565427,6.9
6.414533107320421,5.5
0.0,0.0
0.0,0.0
0.0,0.0
6.469135903626821,6.2
5.998563307803592,6.5
0.0,0.0
0.0,0.0
5.998115157000755,6.8
5.8820323435171655,4.8
0.0,0.0
6.1752598472980775,5.7
0.0,0.0
6.772529899672323,5.8
0.0,0.0
0.0,0.0
5.987306476360494,5.5
5.978942476637935,6.7
6.331942597087358,6.8
0.0,0.0
0.0,0.0
6.719742660734287,6.2
0.0,0.0
6.195559188813004,5.5
6.486170277244821,7.2
0.0,0.0
0.0,0.0
0.0,0.0
0.0,0.0
5.830109008151131,6.4
6.1393951021596544,6.3
5.806045669131245,5.5
6.7315534639337145,7.1
6.313835234837062,6.0
0.0,0.0
0.0,0.0
0.0,0.0
6.337887340258875,6.5
6.183232094634035,5.7
0.0,0.0
6.121144744252178,6.2
6.068144543148048,6.4
6.365639123790623,5.8
6.0485976119613385,5.2
7.068143928133739,7.6
6.58133440284526,5.5
7.082292519334399,6.5
6.284785363547878,6.3
0.0,0.0
0.0,0.0
0.0,0.0
6.481108244234509,6.6
6.835564329355404,5.4
0.0,0.0
5.691227740840703,5.5
0.0,0.0
0.0,0.0
0.0,0.0
6.459535705324871,7.1
0.0,0.0
6.390712592403594,6.8
6.270845793135726,6.8
0.0,0.0
5.962910059680235,5.3
7.10091645684635,7.1
0.0,0.0
6.386762630016805,6.3
0.0,0.0
5.859935328293175,6.6
5.764818296292969,5.3
6.076019690161538,6.4
6.4178233625470815,6.9
0.0,0.0
6.794285345838367,6.8
0.0,0.0
0.0,0.0
5.861711305414311,5.4
6.086338523761279,5.8
5.853021250471601,6.0
0.0,0.0
6.1282704861690105,6.2
0.0,0.0
6.303238730125233,6.0
5.810571788334245,6.2
0.0,0.0
5.833090467148626,6.3
6.161277567230836,7.3
0.0,0.0
5.8974841103538935,5.2
0.0,0.0
0.0,0.0
0.0,0.0
6.296527510633772,5.2
0.0,0.0
6.00296205326353,6.0
0.0,0.0
0.0,0.0
6.730934551647671,6.2
6.160786905113547,5.4
0.0,0.0
6.223228099816002,6.7
0.0,0.0
6.297160828352479,6.0
6.189123984192928,7.3
5.847212860285932,6.1
7.00663765755306,5.7
7.096200185580855,6.9
6.0269432147894495,5.7
0.0,0.0
0.0,0.0
6.154596403961391,6.2
0.0,0.0
6.741772563514943,6.9
7.02725779552517,7.4
0.0,0.0
6.082848014177578,7.6
7.172961196072737,6.5
0.0,0.0
6.639468939409867,6.0
0.0,0.0
6.111281720091393,6.2
6.299891933094112,6.3
0.0,0.0
5.944839347008571,6.0
6.086204123816345,5.7
6.861781750691455,7.0
0.0,0.0
0.0,0.0
5.932509728235037,4.8
0.0,0.0
5.83182743071867,5.4
0.0,0.0
6.008513046787678,6.0
6.009679250096947,5.7
0.0,0.0
6.63593538621849,7.1
0.0,0.0
7.401052454366431,7.3
0.0,0.0
0.0,0.0
6.630306032859429,5.7
6.864620829174804,5.9
6.252618938871773,6.3
6.951581998219949,6.6
6.043402849648475,6.0
5.934761062502042,6.6
7.010371977835116,8.2
0.0,0.0
6.060872238844581,6.8
6.163645652074387,6.5
0.0,0.0
6.691788606738565,7.2
6.595015136769448,6.7
6.99853169338517,7.1
0.0,0.0
0.0,0.0
6.136770165029319,7.2
6.041192546752524,6.1
6.040971241734472,5.9
0.0,0.0
6.267380386654683,6.1
6.3725660773049055,7.2
0.0,0.0
6.375735611011873,6.7
0.0,0.0
6.968742700962319,7.3
0.0,0.0
0.0,0.0
6.281536007253543,5.9
0.0,0.0
6.043957352775377,6.3
5.952648680425755,6.6
0.0,0.0
6.0611778045744265,5.4
6.453013421535878,6.8
5.828007476898899,6.1
0.0,0.0
6.288733834660411,6.9
6.102537381408866,5.7
6.873404216126215,7.7
6.266989115901303,6.2
6.081459916999411,6.5
6.119957579930015,6.1
6.322957380131086,6.8
6.1107377236833145,6.0
6.81453534936129,7.1
0.0,0.0
5.871278885717686,6.5
5.73202824678536,6.4
5.95129561387932,6.2
5.902752032306244,6.7
5.878077081222721,5.7
0.0,0.0
0.0,0.0
0.0,0.0
7.261101459546488,7.5
0.0,0.0
0.0,0.0
5.820918089732015,5.3
0.0,0.0
5.874927071435557,7.0
5.958253162174869,5.9
5.9200112299609,6.9
5.79806223855475,6.4
0.0,0.0
0.0,0.0
0.0,0.0
7.02949513682463,7.8
0.0,0.0
0.0,0.0
0.0,0.0
0.0,0.0
0.0,0.0
6.454141608485442,6.3
0.0,0.0
6.9028515508791655,7.6
6.012561136090298,5.6
0.0,0.0
6.555000184708848,6.7
6.050638103876882,6.5
6.810271957928458,6.9
0.0,0.0
6.950462062618427,7.1
6.825026443961392,6.3
6.219835759019772,5.2
5.887802382291409,6.0
5.809937114977097,4.7
0.0,0.0
6.41709334678977,6.3
6.144160274322686,5.8
0.0,0.0
0.0,0.0
6.88009498376928,7.3
5.915322761733645,7.0
0.0,0.0
0.0,0.0
0.0,0.0
6.009299443808187,5.7
6.492281099761191,7.0
6.291489491764847,5.7
0.0,0.0
0.0,0.0
7.153129118168094,7.7
5.723794881439899,5.6
0.0,0.0
0.0,0.0
0.0,0.0
6.990038686672383,7.7
5.918565256908148,4.9
0.0,0.0
0.0,0.0
5.819003770233799,6.1
0.0,0.0
5.821286879473229,5.3
0.0,0.0
6.099932670168648,5.4
6.690887460173995,7.6
0.0,0.0
5.754548365936076,6.2
0.0,0.0
5.939516036069799,6.1
0.0,0.0
5.9137276132362375,6.7
0.0,0.0
7.105068504353008,7.2
6.09672430083917,5.8
5.9976985419838895,5.9
6.28529802952398,6.7
6.412790725039192,6.6
5.838492346917327,6.6
0.0,0.0
5.964115440271478,5.7
6.8575723388162135,7.4
0.0,0.0
6.159917035844074,6.7
0.0,0.0
0.0,0.0
7.052784779081438,7.8
0.0,0.0
5.985716467398037,6.2
6.490302550145161,7.2
6.600686802216665,7.3
6.010652035623183,7.3
7.225717048285498,7.1
0.0,0.0
5.7760847540829205,5.4
5.804378250514815,5.2
6.445894665709413,6.2
6.597790383627387,5.0
0.0,0.0
0.0,0.0
0.0,0.0
6.041450612822068,7.3
5.8382067085936535,4.8
6.114853629854577,5.7
0.0,0.0
0.0,0.0
5.921661541911081,6.8
0.0,0.0
6.9741869180927605,7.5
0.0,0.0
0.0,0.0
6.431788361871501,7.3
0.0,0.0
0.0,0.0
0.0,0.0
0.0,0.0
5.876086644316088,6.1
0.0,0.0
7.086364707819901,7.4
5.860222767633451,6.2
0.0,0.0
5.968291479662659,5.4
5.777745559645265,4.1
6.323861986820206,6.4
0.0,0.0
0.0,0.0
0.0,0.0
0.0,0.0
0.0,0.0
5.6963656984094,6.3
5.7630792783296965,5.6
6.109431893146864,6.2
0.0,0.0
6.4170869993452575,6.8
6.2916588333704455,6.8
0.0,0.0
0.0,0.0
0.0,0.0
0.0,0.0
5.965055186773284,5.8
7.149312163467879,7.6
6.217145782148035,7.1
0.0,0.0
0.0,0.0
0.0,0.0
6.029381451069874,5.4
6.147893403944986,6.5
0.0,0.0
6.417720149857542,5.8
6.58273390409073,5.8
6.512905923649888,6.1
0.0,0.0
5.935241996822912,6.5
6.369230756560383,6.8
6.048060585444205,5.7
0.0,0.0
0.0,0.0
0.0,0.0
0.0,0.0
6.364735073749863,7.2
6.03540327115525,6.7
0.0,0.0
6.018355472568822,5.9
5.995444408879559,5.7
6.287507743580449,5.8
0.0,0.0
5.901898952068799,5.3
6.83848143331229,6.3
6.705286526937085,6.2
0.0,0.0
6.74199510556987,6.3
5.994082018103541,5.4
0.0,0.0
0.0,0.0
7.022602412850442,8.2
6.4373682022631415,6.3
6.079215143592203,5.7
6.07223015714226,5.5
6.072312914138433,7.0
0.0,0.0
5.929739956187465,6.5
5.825202925730808,5.9
0.0,0.0
6.750992953394635,7.0
0.0,0.0
6.358151427301958,6.4
5.888853342954597,5.5
0.0,0.0
5.959616616447703,5.0
0.0,0.0
0.0,0.0
6.050199116377035,6.5
0.0,0.0
0.0,0.0
0.0,0.0
6.301873448330989,5.6
6.38232803677036,5.6
0.0,0.0
0.0,0.0
0.0,0.0
0.0,0.0
6.324380328385922,6.7
0.0,0.0
6.331840891510381,7.3
6.280134216814363,6.0
5.9985967574846,7.3
0.0,0.0
7.254213243410704,6.8
6.885996576433782,6.8
6.074196511434356,7.0
6.190997177727378,6.5
5.868830023586893,6.3
5.889200546513719,5.8
6.222351483733888,6.2
5.847145954029085,6.2
6.828220829561861,7.7
5.926099340240651,5.5
0.0,0.0
6.276204625021856,6.5
0.0,0.0
7.145911020451459,6.5
0.0,0.0
6.579580438696683,6.3
6.828285123005354,7.6
5.979008212950541,7.3
5.940826001168366,5.0
6.571771784146029,6.4
6.609991080486676,5.7
6.145594911377745,6.3
6.126284922855954,6.3
5.827547015358004,4.9
0.0,0.0
0.0,0.0
6.086059907168108,6.9
6.166728784999243,7.0
0.0,0.0
6.091217664228478,5.0
6.667419980980357,6.2
0.0,0.0
5.959288030944711,5.8
6.2926512848051805,6.1
5.917607701999453,6.2
0.0,0.0
0.0,0.0
0.0,0.0
5.881797995687587,4.8
6.613293675541955,6.8
6.0929522605068325,6.0
6.017830323646689,7.2
7.236874590974003,6.6
6.142229959971005,5.9
0.0,0.0
5.825284750937078,6.6
6.152572976592525,5.8
0.0,0.0
0.0,0.0
5.991235138527365,5.7
6.075687178363344,6.7
0.0,0.0
6.023580291431562,5.8
0.0,0.0
5.870621645226323,6.7
6.147038849483042,6.7
6.899170187787152,7.6
0.0,0.0
6.342635248432705,6.7
0.0,0.0
0.0,0.0
5.988354603692633,6.0
0.0,0.0
5.785951277661557,4.9
6.842140799343889,6.6
0.0,0.0
6.251056172544244,6.6
5.868997297833428,5.0
0.0,0.0
0.0,0.0
0.0,0.0
5.878243851611845,5.0
6.186246187500777,5.8
6.253165772750956,5.8
0.0,0.0
6.30620938516849,6.7
6.24811972056569,6.1
0.0,0.0
5.924141289837791,6.8
5.8296425489069374,6.1
5.987599569574208,7.1
7.0823903728253255,8.1
5.89353396650388,6.1
0.0,0.0
0.0,0.0
0.0,0.0
6.623200555323561,5.5
6.16653055957874,5.9
6.167242352463566,7.0
0.0,0.0
0.0,0.0
0.0,0.0
6.197714822202044,5.4
6.53584416884895,6.6
5.953444427184928,5.7
5.870231793637517,4.9
0.0,0.0
0.0,0.0
5.941801146202926,6.3
0.0,0.0
6.596758065395054,7.2
6.0288282320175846,6.2
6.242862188099558,6.6
5.82143104980962,6.2
0.0,0.0
5.826165425742,6.8
0.0,0.0
6.91701054297676,7.0
6.340581036111457,5.8
0.0,0.0
5.978681500413277,6.1
6.250253828235031,5.5
0.0,0.0
0.0,0.0
5.831022718865627,6.1
6.933573778606798,7.2
6.043163072271526,6.0
0.0,0.0
5.809502072156351,6.5
5.787046543200907,5.4
6.04826906767518,5.4
6.185969920227708,6.2
0.0,0.0
0.0,0.0
0.0,0.0
0.0,0.0
0.0,0.0
0.0,0.0
5.987021416005423,7.3
6.1227629772249,5.8
0.0,0.0
5.823410504572313,5.5
6.976008428158132,7.3
6.022131023589968,6.4
5.8720754236654,6.7
6.239479900039073,6.8
0.0,0.0
5.935117168096508,5.8
0.0,0.0
6.597731481553234,7.7
6.313897781871959,6.5
6.030607472248297,6.8
6.044567588535409,6.3
0.0,0.0
0.0,0.0
6.234974076651479,6.3
6.337099604529754,6.9
0.0,0.0
5.851730531124264,6.5
5.938239276314079,5.7
6.0398356793159405,6.5
0.0,0.0
5.957798230760157,6.1
5.834537565592601,5.4
7.035372379631832,8.1
0.0,0.0
6.125648308545234,6.9
0.0,0.0
5.849907280316764,6.2
5.8679142058799,6.6
5.7662000894462855,5.3
5.846866161466012,7.6
0.0,0.0
0.0,0.0
5.940034462408856,6.2
6.430253176934254,5.7
0.0,0.0
7.007614903022564,8.6
0.0,0.0
6.299525317030845,4.6
6.13719704662973,6.1
6.006401755684736,6.1
6.219920438707851,6.6
0.0,0.0
7.345315785473169,6.4
0.0,0.0
5.8898238351334165,5.9
5.9071885002579245,5.8
0.0,0.0
0.0,0.0
5.8977682731251,5.8
5.958548758741933,6.3
6.795888017370189,8.0
0.0,0.0
0.0,0.0
0.0,0.0
0.0,0.0
5.830441315687359,6.1
6.457621203288079,6.4
6.424057032168379,7.8
6.5608932166012,6.1
0.0,0.0
5.799196577524454,6.1
5.874475692958948,5.4
6.232807765391731,6.3
5.962315065282881,5.6
0.0,0.0
5.838418425623824,6.8
5.790875386249919,6.4
0.0,0.0
0.0,0.0
6.126985714217573,5.6
5.995941302802259,5.8
0.0,0.0
0.0,0.0
7.497388533648528,8.1
0.0,0.0
0.0,0.0
5.787445456110862,6.5
7.165261764403153,6.9
6.6259111509482365,5.5
0.0,0.0
0.0,0.0
6.047369253169898,6.8
6.098749289364088,5.8
0.0,0.0
6.132549350762625,5.3
6.253685385660429,6.1
7.110597391462703,6.6
5.80428045017529,6.3
0.0,0.0
0.0,0.0
0.0,0.0
0.0,0.0
0.0,0.0
6.48582836186121,5.9
0.0,0.0
0.0,0.0
5.911538087317608,6.5
7.25705747500294,6.6
0.0,0.0
5.801955686771901,4.8
6.2037642187486455,6.3
0.0,0.0
5.931302718115292,6.2
0.0,0.0
6.230047535860845,5.5
6.429844561376813,6.0
0.0,0.0
6.0681254923406245,6.5
6.2066513552502345,6.1
6.011231846484701,5.9
7.190135142343566,6.6
6.271262206091314,5.8
6.587194580840074,7.0
6.713833280791751,7.0
0.0,0.0
6.062555137296452,6.5
5.858356822802239,5.3
0.0,0.0
6.2769250228960285,7.0
5.829254125670074,5.5
5.847352688758509,6.3
5.959941434485817,4.9
0.0,0.0
0.0,0.0
7.046881519382403,7.0
0.0,0.0
0.0,0.0
0.0,0.0
0.0,0.0
6.572019623896088,6.8
6.476082951655125,6.6
7.197166633748937,7.0
0.0,0.0
5.866667024448945,5.5
0.0,0.0
5.850184068190023,5.6
5.845265910990487,5.8
0.0,0.0
5.906392130748895,6.6
6.1081061360824975,5.5
6.32820799005388,6.0
6.209671965317028,5.8
6.920039502037112,6.6
5.993656864766933,5.7
0.0,0.0
5.892910739686632,6.2
0.0,0.0
7.346399668058008,7.8
6.236119794026803,5.9
5.880375394722067,4.6
5.783917659370574,4.6
0.0,0.0
5.993520467403178,6.4
0.0,0.0
6.319653344215906,6.1
0.0,0.0
0.0,0.0
0.0,0.0
0.0,0.0
6.9778298398067164,7.7
6.0819407593403865,6.1
0.0,0.0
6.032630793724723,4.9
5.938445274274216,6.3
0.0,0.0
5.950529407496372,6.4
6.886291449873398,6.6
0.0,0.0
6.375648788697727,7.6
0.0,0.0
0.0,0.0
0.0,0.0
6.169185839690253,6.1
5.8816560061156,5.5
6.200406760670552,5.2
6.285234218753364,6.4
0.0,0.0
5.847774215277376,5.5
6.254016388588796,5.0
7.232595364300161,6.4
5.838533048696865,6.6
0.0,0.0
6.761629354797281,6.3
6.048757540592238,5.2
0.0,0.0
5.938154238994354,5.3
5.965273046637229,5.0
0.0,0.0
0.0,0.0
0.0,0.0
0.0,0.0
6.174473799039222,7.0
0.0,0.0
6.934875194235898,6.7
7.137986576893542,8.3
0.0,0.0
0.0,0.0
0.0,0.0
5.863378204028211,5.8
0.0,0.0
0.0,0.0
5.903814939090261,5.4
5.993717884235767,6.3
0.0,0.0
6.067782611809053,6.5
0.0,0.0
6.262302399164261,7.2
6.596142864498511,6.0
0.0,0.0
7.046268754745924,7.3
0.0,0.0
7.228904130837662,7.1
0.0,0.0
0.0,0.0
6.330315993737198,6.7
6.374561162382223,6.0
6.018956050777572,6.6
0.0,0.0
6.893270693175028,6.5
0.0,0.0
0.0,0.0
5.846109454505132,7.3
5.88386484924372,6.3
6.097184468955663,6.3
6.6531482540040425,6.8
6.834378140488189,7.3
0.0,0.0
6.032425892796698,6.6
6.881490087639811,6.7
0.0,0.0
7.1348647020102565,7.8
0.0,0.0
5.812477635901926,7.1
6.378851419620908,5.7
0.0,0.0
0.0,0.0
7.040591018690756,6.9
0.0,0.0
5.8402297521871285,5.7
0.0,0.0
5.855056155588879,6.6
5.880271157918499,6.4
0.0,0.0
6.789603340538307,6.9
6.218709812839821,5.9
5.907030412859149,5.3
6.487722267988279,7.4
0.0,0.0
5.999455992055773,5.2
6.262517846225866,6.4
0.0,0.0
6.431979415243605,7.1
7.434385995631045,6.8
6.515291570328281,6.7
6.057647625287637,6.0
6.364940147947734,6.6
6.296260238457408,5.4
5.959723510665844,5.8
6.274536669470731,6.1
6.571512536498084,6.4
0.0,0.0
5.993701383894874,6.9
6.183967544219239,6.0
0.0,0.0
5.909693139593592,5.4
7.315640444842663,6.6
0.0,0.0
0.0,0.0
5.834096101632792,5.5
0.0,0.0
0.0,0.0
5.857073148618136,6.0
6.164910235323329,7.4
6.264889323032404,6.5
6.201479474568406,6.8
0.0,0.0
0.0,0.0
0.0,0.0
5.989105811169142,5.6
5.957513036027025,6.4
6.088420104845353,6.1
0.0,0.0
0.0,0.0
6.144955632023724,6.2
5.9881006572629145,6.4
0.0,0.0
6.241545184460438,6.5
6.217188789365642,6.1
0.0,0.0
5.949572797274249,6.3
0.0,0.0
0.0,0.0
5.916209910449676,4.3
6.2791539712021045,6.2
0.0,0.0
0.0,0.0
0.0,0.0
6.269227925827204,6.8
0.0,0.0
6.632489848362625,6.8
5.998966273561267,5.9
6.025748133043522,5.8
6.222200293078179,5.4
0.0,0.0
0.0,0.0
6.205787606241118,5.6
5.950147990837227,5.6
6.206314775433818,7.2
0.0,0.0
6.378776817170025,6.2
0.0,0.0
5.978998586938205,5.7
5.9200620041118,6.3
0.0,0.0
6.200166392912684,5.6
0.0,0.0
6.052399826129608,6.3
6.071902472453454,5.0
0.0,0.0
6.00080217036405,5.1
0.0,0.0
6.039550877294218,6.4
5.85410613818593,5.8
0.0,0.0
0.0,0.0
6.82085478184004,7.3
0.0,0.0
5.89290450035091,5.4
5.823232448095071,6.2
5.912898540684949,6.4
0.0,0.0
0.0,0.0
6.03794241080502,5.5
6.232758528848226,6.8
0.0,0.0
7.583477375190315,7.0
6.117790944574487,6.3
0.0,0.0
5.81313653499189,4.8
0.0,0.0
6.595133598921754,6.6
5.792684524072179,6.7
6.031725382631149,6.6
6.35279588114562,6.7
0.0,0.0
6.236501342187098,6.4
7.049329525893008,8.0
5.875409984184342,5.6
6.584492415789502,6.8
5.937923294793415,6.2
0.0,0.0
5.862287984347922,5.4
6.116797733533077,6.3
5.899995241977936,5.4
7.12493487566529,6.9
0.0,0.0
0.0,0.0
6.043365371463854,6.3
6.349103558488715,7.0
0.0,0.0
6.35992480771455,6.6
6.137620145994515,6.2
6.182506581767383,7.2
6.071772765530736,7.2
0.0,0.0
6.740154271227758,7.7
0.0,0.0
5.877077164761767,5.7
0.0,0.0
0.0,0.0
5.983453411492473,5.4
6.057347373376629,5.8
0.0,0.0
6.1495220010239455,5.3
6.525444035336254,6.5
5.964154410480461,6.4
6.56686648895481,6.7
6.247849706090529,5.6
0.0,0.0
5.936846090874196,6.0
6.662706467820387,6.6
0.0,0.0
7.171500661277165,5.8
0.0,0.0
6.660707503460781,7.5
6.425730153434268,7.7
5.7516321236776085,5.6
0.0,0.0
5.863000020757811,5.9
0.0,0.0
5.831573142410171,5.9
6.2133782583195805,7.0
5.879660511099537,5.9
5.99673017557206,6.5
6.18611292331848,7.2
6.020063933887918,5.2
6.076857114506706,6.9
6.000101697328351,5.3
6.4048242848223165,5.5
6.363231911251397,6.4
0.0,0.0
6.705367955304039,6.0
0.0,0.0
0.0,0.0
5.821399582230255,6.7
6.127431841774153,6.9
6.635285171919588,7.5
6.924604406254681,6.6
5.890938285923001,5.7
5.775912447484704,6.7
5.9302819234649,6.2
0.0,0.0
0.0,0.0
0.0,0.0
0.0,0.0
5.999631594506133,6.1
6.4021994653202565,5.3
0.0,0.0
6.8855819485665295,6.3
0.0,0.0
0.0,0.0
0.0,0.0
6.009585807589165,5.3
0.0,0.0
0.0,0.0
6.025319386625211,6.6
6.399948682702673,6.9
0.0,0.0
0.0,0.0
5.8291651216908384,5.9
0.0,0.0
6.451713284726204,6.9
0.0,0.0
0.0,0.0
0.0,0.0
6.401481612008984,5.9
6.006122191287389,6.8
6.883365217378411,6.7
0.0,0.0
5.976814737136454,7.2
6.475535810126269,6.4
6.010195361233617,5.7
6.01376267932029,6.3
0.0,0.0
0.0,0.0
6.467182223051816,6.0
6.304350830203113,5.6
0.0,0.0
5.953784424744518,4.9
6.949636908474339,8.4
0.0,0.0
6.413341442487039,6.5
0.0,0.0
5.865634621991778,5.6
6.318674191736001,6.0
6.3674167801372175,7.2
6.876260624730944,6.1
0.0,0.0
0.0,0.0
0.0,0.0
0.0,0.0
5.83199707427697,5.6
5.964611293262747,7.1
0.0,0.0
0.0,0.0
6.866921554957767,6.0
6.362270813956843,6.0
6.303293102008071,6.9
0.0,0.0
6.717349260326729,7.1
0.0,0.0
0.0,0.0
6.396371480852365,5.9
6.025641215269317,6.1
6.11945900629398,5.4
6.238206620054879,5.9
6.083040699900489,6.2
5.907459191794558,5.0
6.56143418547312,7.1
7.318717497939244,7.4
7.056608424670092,7.6
6.89939997818988,6.8
5.779856389580339,5.9
0.0,0.0
6.257396750395391,6.2
6.259586717223479,5.9
0.0,0.0
6.294017509937929,5.2
6.372052711990262,6.8
0.0,0.0
6.568304283210904,6.8
0.0,0.0
6.875536833236122,7.0
6.317682053895599,7.4
6.48419905791103,7.2
0.0,0.0
0.0,0.0
5.912723963333257,5.3
6.072204732408255,6.2
7.019837581209788,7.2
0.0,0.0
5.810563370649326,5.0
0.0,0.0
6.983475837759589,7.1
0.0,0.0
0.0,0.0
6.107612077833059,7.5
6.343787044108712,5.7
5.786836218357189,6.2
7.269684298441344,7.3
5.994652044434081,6.2
6.156877873060995,6.4
6.176809173365466,6.7
6.713697052232421,6.7
0.0,0.0
6.5269235497300935,6.9
6.246576049105867,6.5
0.0,0.0
6.771141632050568,7.6
6.411087297302273,6.0
6.846423622065477,7.2
0.0,0.0
5.753583503166217,5.1
5.886600009148705,5.7
5.797937391603298,6.2
0.0,0.0
0.0,0.0
0.0,0.0
0.0,0.0
0.0,0.0
7.457431697364707,7.4
5.830261532747054,5.2
0.0,0.0
0.0,0.0
0.0,0.0
0.0,0.0
6.181418591295111,5.6
5.948520549609906,5.7
5.940403110538059,5.7
0.0,0.0
6.938018049202832,6.9
6.727345679461537,7.0
6.05993501397986,6.6
0.0,0.0
6.115728798308556,4.8
0.0,0.0
0.0,0.0
5.913880892695492,5.7
6.725022999217946,7.1
0.0,0.0
6.778376265376767,6.2
6.268972571151166,6.2
6.279918065310834,7.1
5.6941709776085485,5.7
5.927386847803699,6.1
6.617770974644648,7.3
5.9479997817814,5.5
6.732345946056147,6.7
0.0,0.0
6.640614034445743,7.0
5.955958166853389,6.4
0.0,0.0
6.387914723764245,5.9
0.0,0.0
0.0,0.0
5.998861652257195,6.0
0.0,0.0
6.802975906119262,6.0
6.380172489536366,5.7
0.0,0.0
0.0,0.0
6.068264614370903,5.8
0.0,0.0
0.0,0.0
5.819581562770689,6.0
6.0105393466897,6.5
0.0,0.0
6.862720215763394,6.6
0.0,0.0
0.0,0.0
5.999036142005604,5.3
0.0,0.0
6.037883313837883,6.6
0.0,0.0
0.0,0.0
6.2190712739508935,7.2
5.959716897010306,7.0
0.0,0.0
6.319986139161385,6.9
0.0,0.0
6.565501513029289,6.8
0.0,0.0
5.95257426461226,6.1
6.044625686353484,6.4
0.0,0.0
5.866002816890083,6.0
5.809170915381396,6.3
5.841967701416355,6.3
0.0,0.0
0.0,0.0
0.0,0.0
5.947073276533125,6.1
6.043945716514776,5.8
5.992842696290945,6.2
0.0,0.0
6.86466009288996,7.6
0.0,0.0
0.0,0.0
0.0,0.0
7.196182685866534,7.4
6.093381594137051,6.4
5.853293775087284,6.2
5.901413466279846,5.8
0.0,0.0
5.851441534775737,6.1
0.0,0.0
0.0,0.0
6.18922817083576,6.9
7.090693120527746,6.9
0.0,0.0
6.333899244302054,6.7
0.0,0.0
0.0,0.0
0.0,0.0
6.3248493756469175,7.5
5.786400923112769,6.1
5.976531203161019,5.3
0.0,0.0
0.0,0.0
0.0,0.0
7.336660654364712,8.6
0.0,0.0
5.8226546601063,5.6
5.864896887996592,4.8
0.0,0.0
5.856534534013222,5.8
0.0,0.0
0.0,0.0
5.850360443146557,6.4
0.0,0.0
6.602332288625072,5.7
5.980681117848556,4.2
6.258292293244321,5.6
0.0,0.0
0.0,0.0
0.0,0.0
0.0,0.0
0.0,0.0
6.312897846831096,6.5
0.0,0.0
0.0,0.0
0.0,0.0
6.025961532511908,6.1
6.546924972316517,6.8
0.0,0.0
0.0,0.0
6.5671702018424,6.2
0.0,0.0
6.175248612547166,6.6
7.225277364156573,8.2
6.405899378985774,6.3
0.0,0.0
0.0,0.0
6.166839058906692,6.8
0.0,0.0
6.901380076784141,7.0
6.484455928431437,5.6
5.911465678557727,5.1
6.023023333345181,6.0
0.0,0.0
0.0,0.0
0.0,0.0
5.92452548926252,5.7
0.0,0.0
0.0,0.0
5.847521915100772,6.1
0.0,0.0
0.0,0.0
5.930259273977652,5.3
7.13001702603109,6.1
6.103586044485411,6.7
5.810106811090767,6.0
0.0,0.0
6.066728220850569,6.1
0.0,0.0
6.206547572933564,5.7
0.0,0.0
0.0,0.0
0.0,0.0
0.0,0.0
6.71825455300963,6.5
6.239556259756871,5.2
6.159169153835139,6.1
0.0,0.0
6.104264351723226,5.7
0.0,0.0
5.934865375601753,6.4
6.706608482807982,6.7
0.0,0.0
0.0,0.0
0.0,0.0
0.0,0.0
6.841149008575285,7.4
5.912167570837879,5.2
5.872679300748871,6.0
0.0,0.0
5.8846558510151015,4.8
6.682452796604053,6.1
0.0,0.0
0.0,0.0
7.211982835044045,6.7
0.0,0.0
6.338302790552898,6.5
6.249011423615703,5.3
6.121528751862599,6.6
0.0,0.0
6.777571983856912,7.1
6.308116631401423,5.9
6.033575336173532,6.2
0.0,0.0
0.0,0.0
6.289464086940515,5.4
6.355706447706802,6.7
0.0,0.0
0.0,0.0
5.9154389826409295,5.9
0.0,0.0
0.0,0.0
5.789236300789007,5.5
0.0,0.0
0.0,0.0
5.889989056959919,5.7
6.216353578123917,6.5
6.273158035687822,6.1
6.250708639994809,5.5
0.0,0.0
5.916867038723337,6.4
6.099226211240043,5.8
0.0,0.0
0.0,0.0
5.829631085103999,5.6
0.0,0.0
5.94199741995776,5.6
6.170291247315907,5.5
0.0,0.0
6.413862350073179,6.4
6.043571634152633,5.7
6.25676517604435,6.9
0.0,0.0
6.513785819154967,7.4
0.0,0.0
0.0,0.0
0.0,0.0
5.9312424538495385,4.9
7.041805663141094,6.3
0.0,0.0
6.32946292929298,6.8
6.25353484542639,6.9
6.068561729122358,6.9
5.928269246142891,6.5
6.201810726984812,6.5
0.0,0.0
5.98265234897148,6.1
5.95056208888602,6.4
6.178708405041297,6.0
5.955405272947973,5.9
7.111568660916228,7.8
6.247622345161713,6.8
6.217898635469954,7.0
0.0,0.0
0.0,0.0
6.311782761995814,6.6
7.514682588988938,8.8
5.978880350433706,6.8
5.962276454872951,6.1
0.0,0.0
5.793727356057623,5.1
6.584839237092549,6.3
6.376551466676906,8.0
0.0,0.0
0.0,0.0
0.0,0.0
5.82259465960741,5.6
6.291612931740463,5.3
0.0,0.0
7.18790772919973,6.5
6.323890315586379,6.7
0.0,0.0
6.27290779146484,6.2
5.755425601238111,5.5
6.350076728895157,5.8
0.0,0.0
5.8441438228930656,6.8
0.0,0.0
5.889311409082565,3.9
6.547390902610252,7.3
0.0,0.0
0.0,0.0
6.346671568203824,7.3
0.0,0.0
6.243718129668457,6.9
0.0,0.0
6.818182736818022,6.5
0.0,0.0
0.0,0.0
0.0,0.0
0.0,0.0
6.578251671465472,5.5
5.954211026544117,4.6
0.0,0.0
6.259738638574958,7.1
0.0,0.0
5.971964691914884,6.3
6.16900227899943,6.2
0.0,0.0
6.167720165184595,5.7
7.119162654737935,7.6
0.0,0.0
0.0,0.0
0.0,0.0
6.151085092157504,5.3
6.020628953890659,6.5
0.0,0.0
5.865280757132235,6.0
6.054646859191647,6.5
0.0,0.0
0.0,0.0
6.401174056609255,5.7
5.881724963248901,5.9
0.0,0.0
0.0,0.0
5.859707437737138,4.8
7.1517174604937095,6.7
5.835756197111761,6.0
5.860361001750374,5.4
0.0,0.0
0.0,0.0
6.225594233795448,6.3
6.432556189362873,7.6
6.080346945700914,5.9
0.0,0.0
0.0,0.0
6.035183698906603,5.8
6.179246530117643,5.7
6.024367719109035,5.0
0.0,0.0
0.0,0.0
6.342005077008235,5.9
5.97350137254812,5.2
6.065629835735611,6.6
0.0,0.0
0.0,0.0
5.979256196402328,4.7
6.3570556133676845,5.3
0.0,0.0
7.308360054862323,7.0
6.364558824334016,5.4
5.995121395006645,5.9
6.569115701346554,5.8
0.0,0.0
6.642360321910126,5.9
6.388267435846542,6.2
6.363442689854197,5.7
5.869483599508156,7.0
6.048962003571859,7.2
0.0,0.0
6.911250927482289,6.8
5.98775840318157,6.9
0.0,0.0
0.0,0.0
5.818686716018524,5.6
0.0,0.0
0.0,0.0
6.000278436798341,6.0
5.808552989490765,5.4
6.196045904914748,6.1
0.0,0.0
0.0,0.0
0.0,0.0
0.0,0.0
5.8446476690258535,6.4
0.0,0.0
0.0,0.0
6.25252274400149,7.1
0.0,0.0
0.0,0.0
0.0,0.0
5.879244971601255,6.4
0.0,0.0
0.0,0.0
5.827563225897124,6.7
0.0,0.0
5.919599243508454,6.6
0.0,0.0
0.0,0.0
0.0,0.0
6.8197378705366605,6.5
6.533589765070559,6.9
0.0,0.0
6.374015009544062,7.0
5.785691617553334,5.8
6.877744808480543,7.3
0.0,0.0
0.0,0.0
0.0,0.0
7.068309493036972,6.7
5.897450363885097,7.0
6.070668086491297,6.3
6.34122094417561,6.9
6.3651850983918905,6.9
6.053583229242941,6.0
5.997301607765572,5.1
5.874842603957228,5.8
6.337376186566599,5.3
5.969814221830633,4.9
5.849461457182833,5.6
0.0,0.0
6.218829543262317,6.8
5.88263229377778,6.0
0.0,0.0
0.0,0.0
0.0,0.0
0.0,0.0
6.18062494481692,6.3
0.0,0.0
5.7505169147742485,6.9
5.953854388001891,5.2
6.183598864588209,6.0
5.825195633622592,6.0
0.0,0.0
6.2906556759856365,6.4
0.0,0.0
0.0,0.0
0.0,0.0
6.034223738591069,5.9
6.347637240173738,7.1
6.0314390013268975,5.8
0.0,0.0
0.0,0.0
0.0,0.0
6.461445638099503,6.0
6.8208733125846015,7.0
0.0,0.0
6.278496928117513,5.2
0.0,0.0
6.427528986853807,6.0
0.0,0.0
6.048059277076986,5.5
5.982875412055453,7.0
7.435848509832962,8.1
6.42406544570523,5.8
6.382231721301899,6.3
0.0,0.0
0.0,0.0
6.240556080550198,5.9
5.915907728631096,5.3
5.971607339062836,5.9
5.996119130418027,6.7
0.0,0.0
6.64565701072326,7.2
6.43217404173038,5.9
6.721752928497229,6.1
6.246732169038864,7.0
5.872414400417857,6.8
6.09902507702028,5.5
6.4278831212321865,6.5
6.4173313458678765,6.2
0.0,0.0
0.0,0.0
6.047655467172367,6.7
0.0,0.0
0.0,0.0
5.947919845179719,5.5
0.0,0.0
6.549315541186349,6.2
0.0,0.0
5.885177344124879,6.5
5.71660905186434,6.5
6.4172262322601785,5.1
0.0,0.0
6.972647105623985,6.5
0.0,0.0
5.969932097492787,6.5
6.152956895925935,6.7
0.0,0.0
0.0,0.0
0.0,0.0
6.308311775669855,6.1
0.0,0.0
5.994373962655346,6.1
5.817810420689558,4.8
6.294818193503452,7.1
0.0,0.0
0.0,0.0
6.468023482124334,5.2
6.125037482478536,6.1
0.0,0.0
0.0,0.0
6.436453084530284,6.7
6.290560699023667,6.3
0.0,0.0
0.0,0.0
5.75217759217587,5.8
5.814085093698926,5.8
6.309014901355009,6.5
5.865135121577561,5.2
7.216955577228947,8.5
0.0,0.0
0.0,0.0
0.0,0.0
0.0,0.0
7.197026148421459,7.5
6.324062128066381,5.7
6.6669987812284806,6.7
0.0,0.0
5.880842890040805,5.7
6.467085367573483,6.7
5.890964014594141,6.3
6.970680973475994,7.4
0.0,0.0
5.835944241370847,5.5
6.257726985324055,5.8
6.242373098181792,6.8
5.939993943896859,6.0
5.864826941196244,5.8
6.116351335596351,5.7
0.0,0.0
6.169479714857678,6.7
5.869245443812312,6.4
6.239481629563499,5.1
6.215299901406781,7.2
0.0,0.0
0.0,0.0
6.182042341618388,6.4
6.016189729405299,5.9
6.382201901842596,6.1
6.049259679573161,6.4
0.0,0.0
0.0,0.0
0.0,0.0
6.034312617949215,6.7
6.383676275738004,6.7
0.0,0.0
6.1959531302726365,5.8
5.811838689644698,6.4
0.0,0.0
6.614395167543051,6.4
0.0,0.0
6.391376975396455,5.5
5.85126151075237,5.0
5.9034160200100345,6.3
6.016721221233299,5.7
6.082305513428701,6.4
0.0,0.0
0.0,0.0
6.589304160949899,5.5
5.899556156641514,6.3
0.0,0.0
6.320546229541702,6.6
6.371647163382663,7.5
0.0,0.0
6.465520250928015,6.5
6.6338548648480336,5.9
5.838161587084178,6.5
5.908921387443089,6.1
5.939793859289647,5.5
0.0,0.0
0.0,0.0
7.346521580970791,7.5
5.997201945771135,5.3
6.387089521516225,6.0
6.670395288875251,6.3
6.959846816984297,6.7
5.907746213140583,6.8
0.0,0.0
6.107438422609827,6.4
5.9217812395563225,5.9
5.848435292372797,6.0
0.0,0.0
0.0,0.0
5.949485506192128,5.8
5.935860747922384,6.5
0.0,0.0
0.0,0.0
5.839652097614404,5.6
0.0,0.0
6.399304344148999,5.6
5.841842894875752,6.2
7.532481322451596,7.1
5.891034404943201,5.5
5.800863480689887,5.8
0.0,0.0
5.868927525077215,5.9
7.321152848205262,6.7
6.285261877592983,6.2
7.04820005699273,6.9
6.009526766659587,6.7
0.0,0.0
0.0,0.0
6.207629099520008,6.7
0.0,0.0
6.209168192865504,7.1
0.0,0.0
6.199149959988238,5.8
5.902342582745042,6.0
0.0,0.0
6.554068351052396,7.7
0.0,0.0
0.0,0.0
6.528775389487571,6.9
6.427226269254915,7.0
0.0,0.0
5.906702600241037,6.3
5.984950003321995,5.5
0.0,0.0
6.39521468931811,5.8
6.377097144192461,6.9
7.310318059931487,8.0
0.0,0.0
0.0,0.0
0.0,0.0
0.0,0.0
0.0,0.0
0.0,0.0
0.0,0.0
6.553247728824704,6.4
6.093991521223279,6.8
0.0,0.0
5.87386267997057,6.6
0.0,0.0
6.88065274373042,6.8
5.894397640447632,5.8
5.786881416517258,7.4
6.300425553125043,5.5
5.923973122989256,4.3
0.0,0.0
5.98569303488147,6.2
0.0,0.0
6.787281407918,6.0
0.0,0.0
6.898408626565405,7.6
0.0,0.0
5.9955181619466265,5.9
0.0,0.0
6.164612455704232,5.4
0.0,0.0
7.198652688137661,7.4
0.0,0.0
0.0,0.0
6.260352171176249,6.0
0.0,0.0
6.323716856891522,6.2
6.831232726714668,6.6
0.0,0.0
5.9642329089597625,6.6
0.0,0.0
6.731462535899689,7.0
0.0,0.0
5.785402037548696,6.6
0.0,0.0
6.248287673827199,7.0
0.0,0.0
0.0,0.0
0.0,0.0
0.0,0.0
5.901925063065284,5.7
6.1132549138760535,5.4
6.393834551299976,5.9
6.379879853450388,6.2
6.40463288412198,5.2
6.307030593033404,6.3
7.047112524300936,6.9
5.928250650108639,5.9
5.975428666294439,4.7
7.118195406326928,7.3
6.27114956907992,7.0
0.0,0.0
6.046391177929203,6.2
6.025219712743777,5.7
5.978632605235425,7.1
6.001876748909863,6.9
0.0,0.0
0.0,0.0
6.845752105096604,6.8
6.134873185312625,7.4
0.0,0.0
6.271626942770329,6.4
6.258812116523195,5.8
0.0,0.0
6.297501968379403,6.8
6.984515075962295,7.2
5.949189394818044,5.9
0.0,0.0
7.044578807224622,6.8
6.132101661757637,5.1
5.900518114157043,5.7
0.0,0.0
6.469225719489744,5.9
0.0,0.0
0.0,0.0
6.13809809711441,6.6
0.0,0.0
5.883880247867433,5.8
5.821291496439886,5.8
0.0,0.0
6.462358702467703,6.0
0.0,0.0
6.005105871099628,5.5
6.3307132013692,5.1
0.0,0.0
0.0,0.0
6.400628609172084,6.3
7.25160485140579,7.0
0.0,0.0
6.101188140734176,7.0
5.886218876162382,5.6
0.0,0.0
0.0,0.0
6.0508474294738575,6.2
6.581494693979313,6.7
5.995009852365925,6.4
6.093377604597413,6.4
0.0,0.0
0.0,0.0
5.951482187059244,5.8
6.2225355272713205,5.3
0.0,0.0
6.025612295185007,6.1
0.0,0.0
5.840788856662742,5.9
5.843502594527711,6.4
0.0,0.0
0.0,0.0
0.0,0.0
0.0,0.0
0.0,0.0
6.388953169950021,7.0
0.0,0.0
0.0,0.0
0.0,0.0
5.8618145634924455,4.4
0.0,0.0
0.0,0.0
6.462086880104196,6.1
6.2617132596274425,4.9
7.085849674588161,8.1
6.449008229407174,5.9
6.392591202307694,6.6
6.585584641628019,7.1
6.935254695657602,6.0
6.277279467232042,6.5
0.0,0.0
5.941468434171773,5.1
5.923915618883048,5.3
0.0,0.0
0.0,0.0
0.0,0.0
5.767468747672545,5.4
5.821264346295378,7.5
6.265125298153531,5.3
0.0,0.0
6.141243312843063,6.5
0.0,0.0
6.1744881035435135,6.4
6.25142485918835,6.6
0.0,0.0
5.870138775162428,6.0
6.709557208542419,7.2
0.0,0.0
5.80239178331767,5.6
5.770606664541285,5.6
0.0,0.0
6.428814787540623,5.8
7.053549137254444,6.9
0.0,0.0
6.317048899216475,7.9
6.73140324191501,7.2
0.0,0.0
6.479978766613837,6.6
6.222385347323224,6.3
6.742182699351014,7.5
5.900488194645624,5.5
6.243499725700711,6.0
0.0,0.0
5.87331897312127,6.5
6.189830849089535,6.4
5.811114492384549,5.8
0.0,0.0
7.093289770103987,7.9
0.0,0.0
5.81526943513915,5.6
0.0,0.0
0.0,0.0
0.0,0.0
7.03640582066897,7.3
0.0,0.0
6.270011007422117,6.6
0.0,0.0
0.0,0.0
6.032966165669233,5.7
6.0193476126545455,4.9
5.955768282884402,5.2
5.992352080717111,5.3
6.671690436485592,6.2
6.281485843463623,5.5
0.0,0.0
6.743146626781473,6.0
6.1504739797858345,6.5
6.840040901159252,7.6
0.0,0.0
6.197434521489553,6.6
0.0,0.0
6.61509082620274,5.7
6.280240041264703,5.7
0.0,0.0
0.0,0.0
6.061156972174375,6.3
6.197462004151287,6.3
0.0,0.0
0.0,0.0
0.0,0.0
0.0,0.0
0.0,0.0
6.133552837756926,5.1
0.0,0.0
6.230583346409513,7.5
5.939305933693257,7.3
7.088034214894196,6.4
0.0,0.0
5.839241387482232,5.4
0.0,0.0
0.0,0.0
7.200647877872911,7.4
6.361314323375086,7.1
0.0,0.0
0.0,0.0
0.0,0.0
0.0,0.0
6.708498550727898,5.9
6.6111726156824,6.8
6.463632937577729,6.0
0.0,0.0
6.407018330752505,6.7
6.421228350266175,6.4
0.0,0.0
0.0,0.0
6.0263738269620974,6.1
5.863461963648093,5.8
6.222742079225765,6.8
5.913612920420207,5.8
6.918386987389086,6.1
0.0,0.0
5.742922893701693,5.7
5.900232895927501,6.1
5.872351436551333,6.1
0.0,0.0
6.179043773010336,7.1
5.921628288418191,5.5
0.0,0.0
5.929242168948506,6.3
0.0,0.0
0.0,0.0
7.125061135248224,8.0
0.0,0.0
5.97026909499948,5.5
0.0,0.0
0.0,0.0
0.0,0.0
6.304870241144405,6.6
5.924889541860615,6.0
5.898203361686756,6.9
5.881446310580073,5.7
0.0,0.0
6.254166213328018,6.3
6.283905582651784,6.3
6.29055463253921,6.6
6.316021508535646,5.8
5.97856683751284,5.3
0.0,0.0
0.0,0.0
6.719573660198403,5.8
0.0,0.0
6.2328816974708605,5.7
6.051434717701138,6.0
0.0,0.0
0.0,0.0
6.529677102905645,6.9
6.0964057936691045,4.7
6.342718831330817,6.1
6.70941484142349,6.5
0.0,0.0
6.256798854929169,5.8
0.0,0.0
0.0,0.0
6.205483099228197,6.5
6.285682467830785,6.8
5.8608967739017945,6.1
0.0,0.0
5.985231579884896,4.5
6.260294099841071,7.8
6.028304508300761,6.2
5.87408077156964,6.9
0.0,0.0
0.0,0.0
0.0,0.0
0.0,0.0
5.900340902018223,4.1
6.014208125996317,4.9
6.023890421093106,6.3
7.096857523287912,7.4
6.047465095949009,5.8
0.0,0.0
7.120662791295579,6.8
0.0,0.0
0.0,0.0
6.359306533722791,6.5
6.643676410536007,7.1
6.229935188870101,5.3
7.352369203144332,7.7
0.0,0.0
5.901276275047945,6.3
6.164349363829358,6.5
5.917351228951331,5.6
6.209766870161163,6.8
6.576076566347486,6.8
5.929234474474387,5.4
6.1975147620676765,5.1
5.837269210259162,4.8
0.0,0.0
5.966765304283538,4.2
5.82725289300412,5.3
0.0,0.0
6.01641930100423,5.7
0.0,0.0
6.259907428734949,6.2
6.236733869081297,6.2
0.0,0.0
7.005396596424669,6.3
0.0,0.0
6.254920853493192,6.2
0.0,0.0
6.248312835248183,6.6
6.268119814392166,5.8
5.905130665353188,5.7
0.0,0.0
0.0,0.0
0.0,0.0
0.0,0.0
0.0,0.0
0.0,0.0
0.0,0.0
0.0,0.0
0.0,0.0
0.0,0.0
5.956940091982613,6.6
7.303206446545228,6.4
6.169393306120481,4.9
6.391806665398251,7.1
6.066523863006396,6.3
5.814729971575315,5.2
0.0,0.0
0.0,0.0
5.830508357908302,5.5
6.162446162314855,6.3
0.0,0.0
6.697832399354765,6.8
6.30782384965451,5.3
0.0,0.0
6.5300398510199775,6.5
6.692005723675371,7.8
6.291518573032644,6.6
0.0,0.0
6.36215320298147,7.1
6.707668097108477,6.6
0.0,0.0
0.0,0.0
6.563015075838139,5.7
0.0,0.0
6.243558784648066,6.5
6.444759147730167,7.2
0.0,0.0
0.0,0.0
0.0,0.0
0.0,0.0
6.578170342872454,5.9
6.9176641103763306,7.3
0.0,0.0
6.95992920959609,7.5
5.982775227659196,6.7
0.0,0.0
5.907513794589852,6.0
0.0,0.0
5.866946927991083,5.8
0.0,0.0
6.324851623040855,6.3
7.0583665348816025,7.7
5.976802167002097,5.6
0.0,0.0
6.699680066229693,6.7
5.881126659247976,6.0
0.0,0.0
0.0,0.0
0.0,0.0
0.0,0.0
0.0,0.0
6.15283245293868,6.9
0.0,0.0
0.0,0.0
0.0,0.0
0.0,0.0
6.017573561843641,5.9
5.928349301231769,5.6
5.896964175161035,6.2
0.0,0.0
0.0,0.0
0.0,0.0
0.0,0.0
0.0,0.0
0.0,0.0
0.0,0.0
6.149502463310809,6.9
6.375046344958953,5.8
5.870161518219143,6.0
0.0,0.0
0.0,0.0
0.0,0.0
6.20514402140207,6.5
0.0,0.0
6.632977008008477,6.6
6.272669489449874,5.7
5.941029560562807,4.5
6.205248449544307,5.9
6.002524977338586,4.5
6.065448456013572,6.4
6.441979905142302,6.9
0.0,0.0
7.084354675832498,6.4
0.0,0.0
0.0,0.0
0.0,0.0
6.268138565874924,5.4
5.878341688802676,6.7
7.764544627933376,7.5
0.0,0.0
6.3561083865329175,6.8
0.0,0.0
6.827311403463525,6.1
0.0,0.0
6.045496227233778,5.7
5.895459498914477,5.1
6.086742829359134,6.5
0.0,0.0
0.0,0.0
6.181068493872127,6.9
5.892688456276315,5.9
6.3084729254279726,6.4
5.889129119366128,6.0
6.259423004386561,6.0
0.0,0.0
0.0,0.0
0.0,0.0
7.071896387961067,7.2
0.0,0.0
6.567487735524912,5.8
0.0,0.0
6.15110121124082,6.2
5.975651996286421,5.2
6.60375821296199,7.2
0.0,0.0
0.0,0.0
0.0,0.0
5.870378760215012,5.6
6.2100071300468525,5.4
5.837675155747479,5.3
6.067396689671734,7.0
6.282408630013927,6.1
6.686350335595125,7.1
0.0,0.0
6.574209695776454,5.7
0.0,0.0
0.0,0.0
0.0,0.0
0.0,0.0
6.351862311984971,7.5
0.0,0.0
6.269592952251167,5.1
7.146693081617711,8.8
5.972983186415773,6.3
0.0,0.0
0.0,0.0
6.623695628100687,6.6
6.47563775682777,6.9
0.0,0.0
5.819827941677942,5.1
5.795138706187176,5.6
6.876800878947928,7.9
5.921431943425306,5.7
6.069462871607171,5.8
5.844981787834804,4.7
0.0,0.0
5.998409412271222,6.0
0.0,0.0
6.225086229703076,7.0
6.394405580715223,5.7
6.258216854270364,7.5
5.876066973590678,6.5
0.0,0.0
0.0,0.0
0.0,0.0
6.342185846642322,6.5
6.23767849247692,7.0
5.878411360472652,5.4
0.0,0.0
5.951773405168747,7.0
0.0,0.0
6.250388127267128,5.9
0.0,0.0
5.903185775359793,6.0
0.0,0.0
5.887517915099089,5.8
0.0,0.0
6.0198946226831485,6.1
0.0,0.0
5.991592608604454,5.6
6.737698777458359,7.4
0.0,0.0
6.543200108814159,6.0
5.850783942002224,7.1
6.137238897253672,5.8
0.0,0.0
6.97972493103359,6.9
0.0,0.0
5.942578223913936,6.1
0.0,0.0
0.0,0.0
6.016313389171294,6.0
6.42826659802361,6.7
6.01301717433127,6.4
0.0,0.0
6.732123106960241,6.9
6.337589660132173,6.1
0.0,0.0
6.027192584244379,7.3
5.957040070322713,4.9
5.852536868804807,5.8
0.0,0.0
0.0,0.0
5.884045746191685,5.8
0.0,0.0
0.0,0.0
5.848045566791357,5.0
6.221267404719326,6.8
0.0,0.0
5.813102498339429,5.4
0.0,0.0
0.0,0.0
5.814360852722405,6.0
0.0,0.0
0.0,0.0
5.903689399913614,5.6
0.0,0.0
5.858252051063466,5.0
0.0,0.0
0.0,0.0
0.0,0.0
5.868302392024043,5.3
6.124933737834809,5.6
0.0,0.0
5.93319161777235,5.1
6.325419599696946,6.1
0.0,0.0
0.0,0.0
6.227206581091116,5.7
6.913921263236472,7.3
6.1483202423142025,6.1
0.0,0.0
5.977801228908078,6.4
0.0,0.0
6.139726570313218,5.6
0.0,0.0
0.0,0.0
5.881001833344758,6.6
6.407566920903544,6.2
6.279460553590312,6.4
0.0,0.0
5.932019137543769,6.0
0.0,0.0
0.0,0.0
7.355261125959342,6.9
0.0,0.0
5.822395506846788,6.3
5.850561361061407,6.6
5.894799392169334,5.4
0.0,0.0
6.003026801253873,5.1
0.0,0.0
0.0,0.0
0.0,0.0
0.0,0.0
6.059274629813226,6.4
5.841908807889803,5.0
6.629647727273206,6.3
6.922373786635373,6.4
6.37427834547648,7.9
6.694915571436182,6.1
5.854318613097328,6.1
6.306280340527125,6.6
6.243310478485366,5.8
6.750232246195133,7.1
5.840545270616821,6.2
7.357195912157953,7.8
6.364330752037472,5.5
6.067873437368975,5.3
6.131592530390807,6.2
0.0,0.0
0.0,0.0
0.0,0.0
7.062646427408742,6.8
0.0,0.0
6.047573804596876,6.5
6.360686882874701,6.8
0.0,0.0
5.8521198833385295,5.5
6.454579622991604,6.9
0.0,0.0
6.306484588106112,5.3
0.0,0.0
0.0,0.0
6.063803311141298,5.3
0.0,0.0
0.0,0.0
5.999456306865024,5.4
6.246408610067255,6.3
6.469676371108724,7.5
6.883027770605157,6.3
5.809030882038652,6.3
5.853179030018814,5.0
0.0,0.0
6.347857824162153,6.0
0.0,0.0
0.0,0.0
7.082500299104971,6.9
6.335673301189175,7.2
6.447660129859792,5.9
0.0,0.0
5.897370148129562,4.4
5.885139411522895,5.3
0.0,0.0
0.0,0.0
6.523380670081449,7.6
0.0,0.0
5.900139456141879,6.5
6.374997862678364,6.5
5.816782601471231,5.8
0.0,0.0
5.968973539777154,6.3
6.017544310462523,6.6
7.1029254674354965,7.6
6.061605394054906,6.5
0.0,0.0
0.0,0.0
6.515336969749203,7.9
6.602138935777975,7.0
6.239575549528195,6.1
0.0,0.0
5.966480438633163,7.0
0.0,0.0
6.109508789204449,6.3
7.177075618765294,6.7
0.0,0.0
5.8570155156159815,5.3
5.813559267121228,5.1
6.05845813324179,6.0
6.192146986195787,5.4
7.342643278853572,7.4
7.321233952701625,7.8
6.986255454542662,6.9
6.101785861462834,5.8
6.656619444463791,6.2
0.0,0.0
5.835938229897294,6.5
0.0,0.0
6.130445021265822,5.7
6.313488797145174,6.6
0.0,0.0
0.0,0.0
0.0,0.0
6.069168363677283,6.6
0.0,0.0
6.267867295103047,5.5
6.229338539891538,6.3
6.8769280439922245,6.8
7.058829126173539,7.1
5.985468013031375,6.1
6.6803555178234175,5.9
6.407822783418742,6.9
0.0,0.0
5.872216917411464,5.9
0.0,0.0
5.836966608490957,6.5
6.094639955976762,6.8
6.385503311086104,5.4
0.0,0.0
6.802891773195676,6.9
0.0,0.0
6.472879763021277,6.2
6.418451476476064,6.7
0.0,0.0
6.068406701735339,6.0
0.0,0.0
5.853001530376587,6.8
0.0,0.0
0.0,0.0
5.794480822089331,5.9
6.053982456253912,6.4
6.326714673244401,6.2
0.0,0.0
0.0,0.0
7.313927477281587,7.6
5.86878365702007,5.3
5.8689218997525225,5.0
0.0,0.0
6.826868369887384,6.5
5.7778370949132345,6.5
0.0,0.0
6.58695874446645,6.7
0.0,0.0
6.113868681336437,5.6
5.813338474800007,5.7
0.0,0.0
6.298695634550147,7.3
6.560172282479185,5.9
6.025554213832712,4.4
0.0,0.0
5.857248028518145,5.7
5.948505997695116,6.2
6.382399007101034,6.6
6.897358847797967,7.0
0.0,0.0
5.864488015763012,6.1
0.0,0.0
0.0,0.0
0.0,0.0
6.409813829195022,7.3
6.053640273169181,5.0
6.8277863952706666,7.5
6.531742311070006,7.2
6.275719487568988,7.2
6.4923100265973,5.8
5.908166324987568,6.1
0.0,0.0
5.919614285742595,5.9
0.0,0.0
0.0,0.0
0.0,0.0
0.0,0.0
5.875346869518534,6.0
6.129786266844936,6.3
6.52493313696653,6.7
6.095838787774316,6.4
0.0,0.0
6.049907487592552,5.8
6.017196821403018,6.0
6.038770055791586,5.9
0.0,0.0
0.0,0.0
6.083047443226634,6.6
0.0,0.0
0.0,0.0
0.0,0.0
6.654938813727561,6.9
0.0,0.0
5.978349654198882,6.0
5.804346311775993,6.1
0.0,0.0
0.0,0.0
7.231449489482556,7.5
0.0,0.0
0.0,0.0
5.903069948154919,6.0
7.078313287428534,6.4
5.939047488641685,7.0
6.249971104878975,4.8
6.70461986441235,6.7
5.876164949963543,5.8
5.816102762244223,5.9
0.0,0.0
0.0,0.0
5.862481041428874,7.5
0.0,0.0
6.148500061755165,5.8
6.410852722920143,6.3
6.283343479617456,6.8
6.015115259391084,6.4
0.0,0.0
0.0,0.0
6.104651206232774,6.2
6.154382219888246,5.3
5.877722848749439,6.5
7.171990734185096,7.3
5.819004026597142,6.3
0.0,0.0
6.076044072247986,5.6
5.972466477916788,5.9
6.273089057710501,6.2
6.967901889287418,7.5
5.886236683534409,5.8
6.274803053438476,6.7
5.885583534836893,5.4
5.9296781091427135,6.8
5.842031197229919,5.0
0.0,0.0
0.0,0.0
5.856521195824033,5.6
5.945728881732634,5.7
6.2841247455535525,4.9
0.0,0.0
0.0,0.0
5.793276337124515,5.1
0.0,0.0
0.0,0.0
5.882983994718918,5.0
6.609750720219487,5.7
0.0,0.0
6.140535193596119,6.0
5.93574433556468,5.4
6.259921163518802,6.0
5.737525295242086,5.7
5.910066993147416,5.5
5.883634115099456,6.8
0.0,0.0
7.024027102391416,6.1
6.292795186753343,5.5
0.0,0.0
0.0,0.0
0.0,0.0
6.390006803614928,6.3
6.224357167859025,6.0
6.0786224361647925,5.2
0.0,0.0
0.0,0.0
5.923703945695003,7.1
6.339402303978624,5.3
0.0,0.0
6.342051819189516,6.7
6.215456222649904,5.7
5.855340413594528,5.2
6.0258172843206825,6.6
5.987712494055697,6.3
6.471338146426317,6.0
0.0,0.0
7.104032894645445,7.3
6.371968918663098,6.7
6.272013722854856,7.1
0.0,0.0
0.0,0.0
0.0,0.0
0.0,0.0
0.0,0.0
6.339935160850572,6.0
0.0,0.0
6.14311139332899,5.6
5.91095444533209,5.9
6.683044623983096,6.7
0.0,0.0
0.0,0.0
0.0,0.0
0.0,0.0
6.799779630377571,7.7
0.0,0.0
6.368127045706995,5.9
6.171186886473548,6.0
0.0,0.0
6.015437747988873,6.0
6.35780237812186,6.9
0.0,0.0
0.0,0.0
5.8331398308493085,5.0
5.899281216025266,6.4
0.0,0.0
6.828392037985935,6.4
0.0,0.0
6.2523820989060415,5.8
6.015484704606394,6.6
6.010907615129978,5.1
5.9618507321897,5.9
6.317209111560165,5.7
6.307268343247968,6.8
0.0,0.0
6.564935250916334,8.3
0.0,0.0
0.0,0.0
6.247704110523447,5.6
0.0,0.0
6.533432065451031,6.3
6.811971705929827,6.6
5.900808119589369,4.4
0.0,0.0
0.0,0.0
5.872663170796946,6.0
6.4166306428536295,7.0
0.0,0.0
5.695257873961153,5.8
7.040814729720221,7.5
0.0,0.0
6.230877263660095,6.0
0.0,0.0
0.0,0.0
6.251865097488026,5.7
0.0,0.0
6.216588004288133,6.4
6.3776074525084985,7.1
6.231989601509556,6.8
6.0150578349847,5.9
0.0,0.0
6.174585190549886,6.2
0.0,0.0
5.969136165444074,5.4
5.929213974604236,6.8
0.0,0.0
6.237087797022141,6.0
0.0,0.0
5.9955486852096,6.3
0.0,0.0
5.901812181639285,5.4
0.0,0.0
5.87651318873835,5.8
5.9022538773849895,5.8
0.0,0.0
7.12480393487643,8.5
5.904797743989594,5.5
0.0,0.0
0.0,0.0
6.786990972000198,6.5
5.848652391221408,4.6
5.89326748529544,6.2
0.0,0.0
0.0,0.0
6.04738075127919,5.2
0.0,0.0
6.272911458201846,6.5
5.9339141621341565,6.1
6.598492758046439,5.8
6.553306699610129,6.1
0.0,0.0
5.947207827441645,5.7
6.1936250370939545,6.9
0.0,0.0
0.0,0.0
5.90581160525185,5.9
0.0,0.0
6.337176492516966,7.1
6.371138091924899,7.3
6.322874931260018,7.0
0.0,0.0
7.033928071676722,7.7
6.115017652562957,5.7
0.0,0.0
6.785819763164449,6.7
6.346096905840509,6.5
6.301311783550726,5.9
5.910418260645233,5.7
6.606825982746988,5.6
0.0,0.0
6.04750638237284,5.9
0.0,0.0
6.3591438667316185,6.4
0.0,0.0
0.0,0.0
6.23917698394508,6.2
6.185582896319987,6.5
7.085715486756703,7.0
0.0,0.0
0.0,0.0
0.0,0.0
6.560092844860599,7.2
5.765467042941397,5.8
0.0,0.0
6.403353542900604,6.9
5.997086851494866,6.1
0.0,0.0
6.573295537095095,6.8
6.65160398982497,5.9
6.540437582955901,7.1
5.839337951024541,5.7
0.0,0.0
6.07628659206748,5.8
0.0,0.0
6.119878031610355,7.0
0.0,0.0
6.182547166540892,7.1
0.0,0.0
6.926895849932723,7.2
5.95604540090371,6.0
6.288595033433107,6.6
5.963301765860923,5.9
0.0,0.0
6.004553955136059,6.3
0.0,0.0
7.427640811080505,8.1
5.998416337505146,6.4
0.0,0.0
5.988657452147299,5.8
6.2721937602708975,6.9
6.3447424905243714,6.4
6.555348186228358,5.4
0.0,0.0
5.843382363195622,6.0
0.0,0.0
5.867657671019716,7.4
0.0,0.0
0.0,0.0
0.0,0.0
0.0,0.0
6.083873748410114,5.4
5.996038251328664,5.8
0.0,0.0
0.0,0.0
0.0,0.0
0.0,0.0
6.066445488596581,5.3
6.719099011795901,7.5
6.647230283121696,6.4
6.326587541141101,5.6
0.0,0.0
6.970269522285853,7.5
5.821179501337435,5.5
0.0,0.0
6.696120260712272,6.5
0.0,0.0
6.002188116691395,6.1
0.0,0.0
5.902815558633325,6.5
6.199703116854929,7.0
5.744593091926929,5.5
7.06007935878013,7.5
0.0,0.0
6.408025322794269,6.9
0.0,0.0
0.0,0.0
6.284902388165701,5.8
5.837610615555012,6.0
0.0,0.0
0.0,0.0
0.0,0.0
7.057626360082444,7.2
0.0,0.0
5.835485232579591,7.3
0.0,0.0
0.0,0.0
5.89623056472436,6.6
5.895968559796731,6.3
0.0,0.0
6.787055786622785,6.1
0.0,0.0
6.891073912459696,7.1
6.019885076081522,5.4
6.260388826453955,6.5
0.0,0.0
0.0,0.0
6.400233919422715,5.9
0.0,0.0
5.884683889404144,5.7
5.908517633958585,7.1
0.0,0.0
0.0,0.0
5.825868199429825,5.6
6.138514312904484,6.5
6.654337098667546,6.4
6.586241370240818,6.0
6.091024657023708,6.1
0.0,0.0
0.0,0.0
5.789084960964621,6.0
6.88906960596733,6.7
0.0,0.0
0.0,0.0
6.052739695523278,5.3
0.0,0.0
7.054041161232668,7.0
6.01108960488757,5.5
5.988929443740096,7.0
0.0,0.0
6.0305339952670085,5.3
0.0,0.0
6.977702099575587,6.9
0.0,0.0
0.0,0.0
5.861610912107997,6.0
0.0,0.0
0.0,0.0
6.115881133534508,6.2
6.095417163717846,6.8
6.887532837423722,6.7
0.0,0.0
6.248341796188105,5.3
6.138472640653371,6.0
0.0,0.0
6.85282728417921,6.9
0.0,0.0
0.0,0.0
6.791533049611392,7.7
0.0,0.0
5.861820662896603,6.7
0.0,0.0
0.0,0.0
0.0,0.0
5.90938892006802,7.2
0.0,0.0
0.0,0.0
6.43218974256921,5.8
6.296645947028615,6.3
0.0,0.0
0.0,0.0
0.0,0.0
0.0,0.0
0.0,0.0
0.0,0.0
5.894824565172275,6.1
0.0,0.0
5.915167647114826,6.1
5.840077636125271,5.4
6.272867374538402,6.0
6.211653187195739,6.2
0.0,0.0
5.921177437058667,5.7
0.0,0.0
0.0,0.0
0.0,0.0
0.0,0.0
6.331280288988499,5.8
0.0,0.0
6.21280783396923,6.1
0.0,0.0
6.258151070784201,6.2
6.404731532178644,5.0
0.0,0.0
5.840050043918094,5.9
0.0,0.0
6.965926579158482,7.1
0.0,0.0
5.937146097579765,5.9
6.418558467183264,5.4
0.0,0.0
5.992289826465681,6.2
0.0,0.0
0.0,0.0
0.0,0.0
5.853217298611324,5.5
6.211517307472874,6.2
7.151682253470653,7.9
0.0,0.0
5.95080210527156,6.5
0.0,0.0
5.900891006225597,5.2
0.0,0.0
0.0,0.0
6.2271660062459455,6.5
6.261654143753787,6.0
0.0,0.0
6.139251645909667,5.4
0.0,0.0
0.0,0.0
6.275037775383552,6.3
6.148375602862804,5.8
0.0,0.0
6.290217257595836,6.0
0.0,0.0
6.36079395944982,6.7
6.347609779051654,5.7
5.98178670372735,7.4
0.0,0.0
0.0,0.0
0.0,0.0
0.0,0.0
6.733826784205196,6.2
0.0,0.0
0.0,0.0
6.536508156916359,6.8
0.0,0.0
6.789488037770164,7.1
5.909946008294579,5.1
0.0,0.0
5.82984363927636,5.2
6.564605700756542,6.8
5.920347384107309,5.7
6.275010956022163,7.0
0.0,0.0
5.90644334510236,6.7
6.538983319904159,6.3
0.0,0.0
6.3252628720376,7.2
0.0,0.0
7.0280654015537385,7.1
6.630690022842023,6.6
6.189277513640018,6.4
0.0,0.0
6.8197696146126185,7.5
6.328312408285204,6.2
5.951586933547151,7.0
6.422378546662519,6.1
0.0,0.0
5.918886576038977,6.0
0.0,0.0
6.2747158503750695,6.9
6.876833360588239,7.7
6.69525255640734,6.7
0.0,0.0
5.932903124021527,6.1
6.198879452837343,6.4
5.972320347087936,7.0
0.0,0.0
0.0,0.0
0.0,0.0
0.0,0.0
6.212934318627714,5.3
5.9305335713388425,5.6
0.0,0.0
6.214880876128034,5.7
5.878547614895852,6.3
5.82137648478198,5.3
6.039758888624781,6.0
0.0,0.0
6.330613410653716,6.0
0.0,0.0
6.346567823332291,7.0
5.914759758660871,6.7
6.033381154115121,6.4
0.0,0.0
0.0,0.0
7.098082175297354,8.3
0.0,0.0
0.0,0.0
6.410355594276714,5.9
6.408170379467298,7.2
0.0,0.0
7.528610572258098,7.4
0.0,0.0
7.337312130150321,6.8
0.0,0.0
0.0,0.0
6.56734981643476,5.7
7.056526588567237,7.6
5.889949039646022,5.6
6.154166981105026,5.7
0.0,0.0
6.331192506170665,6.2
0.0,0.0
0.0,0.0
5.953107891079098,5.6
6.109313750279057,5.7
0.0,0.0
6.378763343122007,6.0
0.0,0.0
5.837895528058273,6.0
6.1534387020422034,7.5
0.0,0.0
0.0,0.0
0.0,0.0
0.0,0.0
0.0,0.0
6.459682480787001,7.1
0.0,0.0
6.710638823387845,7.9
6.942279857682089,6.8
5.853979321699369,6.7
6.16899882277313,5.2
0.0,0.0
0.0,0.0
0.0,0.0
6.209805898665242,5.4
5.900477141139946,6.2
7.337294346171295,6.3
5.954755455439353,5.9
5.7997383404456455,5.6
0.0,0.0
0.0,0.0
0.0,0.0
5.850831988548841,6.8
6.992605748032747,6.6
6.11096212401405,5.1
5.920355488382889,6.1
0.0,0.0
0.0,0.0
7.030272473951475,6.5
6.964778157173207,5.6
6.406243948781381,7.3
0.0,0.0
6.066673394276196,6.5
5.90031985757262,5.8
5.869055944763716,5.9
0.0,0.0
5.8934945732696296,5.9
6.167536938035791,6.9
6.411578444420524,6.3
0.0,0.0
0.0,0.0
6.795797526905814,6.9
6.31036180220718,6.1
6.374010377955472,6.6
6.485929081015582,6.6
6.1179507223315,6.4
0.0,0.0
5.953721248462185,6.0
0.0,0.0
7.066232953598835,7.4
0.0,0.0
5.897608039224689,6.9
0.0,0.0
0.0,0.0
6.000293940385338,6.2
6.011261018380846,6.2
0.0,0.0
0.0,0.0
5.886601147178519,5.5
0.0,0.0
5.868565000287486,6.5
7.161649297668661,6.8
6.940017834677523,7.7
0.0,0.0
6.585222435284647,6.3
5.8215790297548695,6.4
0.0,0.0
6.641250219811388,6.7
6.039919765869652,5.8
0.0,0.0
0.0,0.0
0.0,0.0
6.620359696423596,5.9
6.551212373691891,5.2
0.0,0.0
7.066601946384543,8.3
0.0,0.0
5.675937387253612,5.2
6.401725917924901,6.2
5.834014091131213,5.8
6.170724925501547,6.9
0.0,0.0
0.0,0.0
6.714850420906515,5.8
0.0,0.0
6.543140610212986,8.2
0.0,0.0
0.0,0.0
6.835289869795467,5.8
6.079261275139454,6.3
6.376425145328694,6.4
0.0,0.0
0.0,0.0
0.0,0.0
6.149762853240533,5.6
6.151421987764615,5.1
5.921335065765104,6.3
6.322982050367765,5.9
5.979742930584513,5.2
0.0,0.0
6.115798614302592,7.5
0.0,0.0
0.0,0.0
5.800424667776663,6.1
7.096207527476564,7.1
0.0,0.0
0.0,0.0
6.267108169058117,6.2
0.0,0.0
7.476774778311707,7.0
6.86154150786781,7.2
0.0,0.0
7.171982125637679,6.9
0.0,0.0
0.0,0.0
0.0,0.0
0.0,0.0
5.921911476242311,5.4
6.79807342968402,7.5
0.0,0.0
0.0,0.0
6.030473027272295,6.2
6.056544138442768,5.9
0.0,0.0
0.0,0.0
0.0,0.0
0.0,0.0
6.406615270028955,6.0
6.046410332408563,6.5
0.0,0.0
0.0,0.0
0.0,0.0
6.20144265482983,5.9
6.351593417947566,6.2
5.999581994781197,5.5
6.006796610753426,5.8
6.099106993277934,6.4
0.0,0.0
0.0,0.0
0.0,0.0
0.0,0.0
6.039722817321775,6.7
6.237771163829401,6.6
6.396568841450489,7.8
6.314284087799453,6.6
0.0,0.0
6.943405810364198,7.6
5.891118166161446,5.6
5.9234037892086056,4.9
6.143335985151027,5.6
6.529136371933669,5.6
5.863437889927261,6.2
6.450856399693207,6.6
6.101211725943275,6.6
6.020453094103607,5.6
6.690883493776918,6.3
5.890270533198098,5.9
6.384273830298137,6.5
5.825483111127644,6.6
0.0,0.0
6.681707983646128,6.8
0.0,0.0
0.0,0.0
0.0,0.0
0.0,0.0
6.052303100126601,6.5
5.843502711087659,5.8
6.297239585106223,6.9
6.290173515227816,6.8
5.932878010942091,5.1
7.247125725961138,7.5
0.0,0.0
0.0,0.0
0.0,0.0
0.0,0.0
0.0,0.0
6.21709948880716,7.1
6.008933349551473,7.1
6.264580492848671,6.2
6.678023732598644,6.5
0.0,0.0
0.0,0.0
6.3718845557474735,6.0
6.301540625760178,6.7
0.0,0.0
6.012698469593865,5.7
0.0,0.0
0.0,0.0
6.311273001535038,5.2
0.0,0.0
6.086096007308205,6.2
5.759415617667522,6.5
0.0,0.0
5.900067878916923,6.4
0.0,0.0
6.313353694592721,5.8
6.007601471578071,6.1
5.918978323993324,5.9
5.868226145379867,6.2
5.797114936734257,6.4
0.0,0.0
0.0,0.0
0.0,0.0
0.0,0.0
0.0,0.0
6.745656931821339,7.0
5.903302293024438,7.0
5.553893715982428,6.2
5.964338689741481,6.0
0.0,0.0
5.9837945857287655,5.4
6.275540527781639,6.8
6.910431060380798,7.0
6.037658058902038,6.5
0.0,0.0
0.0,0.0
0.0,0.0
0.0,0.0
0.0,0.0
6.478930039410267,5.7
6.479952328479812,5.3
0.0,0.0
6.699910438002104,5.7
6.373497234665098,6.5
6.318030075032286,6.4
7.063673571807119,6.8
6.44372984587781,7.4
5.95128908650574,6.9
5.821510546531602,5.8
5.986075668102206,6.1
6.292585609713871,6.6
0.0,0.0
7.1383951718824745,6.4
0.0,0.0
0.0,0.0
6.229271078862693,6.3
6.372604640756911,5.3
0.0,0.0
5.933633857857592,5.8
0.0,0.0
0.0,0.0
5.803444493537746,6.1
0.0,0.0
0.0,0.0
5.808894282630464,5.6
0.0,0.0
6.102797855718544,5.6
6.061622760084416,5.2
0.0,0.0
6.015507222041922,5.9
6.226871502887486,6.9
5.992142129683585,6.1
0.0,0.0
0.0,0.0
6.352385697132907,5.7
0.0,0.0
0.0,0.0
6.683346157991444,6.7
6.198566141702312,5.7
0.0,0.0
0.0,0.0
0.0,0.0
6.721522345075379,7.2
5.993859458578763,4.5
6.326142663835831,6.7
6.095069165099153,6.4
0.0,0.0
0.0,0.0
6.345746312802628,5.3
6.2712908836462695,5.5
0.0,0.0
5.871959644005001,4.0
0.0,0.0
0.0,0.0
0.0,0.0
6.447142696975395,6.3
6.2143547077610055,6.4
6.98634560181861,8.1
0.0,0.0
6.0314710515321845,6.2
0.0,0.0
6.267872776581699,6.7
6.033981820231467,5.9
6.004737488005638,6.5
0.0,0.0
6.058821618836483,5.5
0.0,0.0
6.631111385173847,6.2
6.175711456304551,7.0
0.0,0.0
6.276760446494344,5.4
6.336108181905186,6.6
0.0,0.0
6.02249172538344,5.3
0.0,0.0
6.05702753502955,6.0
0.0,0.0
0.0,0.0
6.206193848680745,5.7
0.0,0.0
5.824012496884695,6.9
0.0,0.0
5.769217990909183,5.7
0.0,0.0
0.0,0.0
0.0,0.0
0.0,0.0
0.0,0.0
0.0,0.0
7.172584127899786,7.8
0.0,0.0
0.0,0.0
0.0,0.0
0.0,0.0
0.0,0.0
6.097952970552067,7.0
6.242327960637239,6.5
0.0,0.0
0.0,0.0
6.094465659680412,4.6
5.798997579299772,6.7
5.943740173792872,5.6
7.2393139217601,8.0
0.0,0.0
0.0,0.0
6.420131313914479,6.1
0.0,0.0
0.0,0.0
0.0,0.0
5.930841401944054,5.9
0.0,0.0
5.890792522017512,5.4
6.246144347211544,6.3
5.991268541099208,6.1
0.0,0.0
6.989278059330206,6.9
0.0,0.0
6.02618848178743,5.8
0.0,0.0
0.0,0.0
6.484306262892696,5.6
0.0,0.0
5.893508106011302,5.5
6.422145440235085,7.2
0.0,0.0
5.902105703361128,6.3
0.0,0.0
6.422995429879109,7.2
0.0,0.0
0.0,0.0
6.076120313417295,5.5
0.0,0.0
7.231820893961618,7.4
6.3277546692991455,5.8
5.932285734298882,6.2
6.011314457256367,5.9
6.072485717564169,5.8
0.0,0.0
5.8630675864544815,4.8
6.192767537123606,5.5
0.0,0.0
6.621533615622823,7.2
0.0,0.0
6.054099057924166,5.9
0.0,0.0
6.072860604737951,6.3
0.0,0.0
6.134968216115584,7.0
5.837230931627807,5.9
5.945313136214827,5.7
0.0,0.0
0.0,0.0
5.851797635999549,6.3
0.0,0.0
6.3189901536363084,7.2
6.039447453109346,5.1
6.355925967974718,5.7
6.766617383950953,7.3
5.97001295192202,6.4
6.194463982099104,7.4
6.468039433416927,6.6
6.531153267480385,5.0
0.0,0.0
7.124599227167495,7.7
0.0,0.0
0.0,0.0
5.901117503957448,4.2
5.904976600054774,5.6
6.257674945576524,6.0
6.027749589720692,7.0
6.029430072401841,5.9
0.0,0.0
0.0,0.0
0.0,0.0
0.0,0.0
0.0,0.0
6.022932158446194,7.0
5.997449256650556,5.3
7.106889038742045,7.4
0.0,0.0
6.273240689617576,6.3
6.313064519464421,6.4
0.0,0.0
5.930717970761739,5.8
6.833348627696088,6.8
0.0,0.0
6.434659035324233,7.4
5.984876208944626,5.9
0.0,0.0
5.853821656722632,5.1
5.979152767872429,5.9
6.034704740053204,6.2
5.99317412838868,6.5
0.0,0.0
6.6350208312701415,7.4
6.611646984766225,7.0
6.224411597812781,7.4
5.919202398233175,7.1
0.0,0.0
6.395572590350485,6.2
0.0,0.0
0.0,0.0
0.0,0.0
6.931283460515583,7.1
5.990046926383247,5.3
0.0,0.0
6.317601178987208,6.3
0.0,0.0
0.0,0.0
6.679977016546325,7.3
6.571953765233975,6.3
6.39875331731754,6.4
6.001148993137928,6.0
7.2097004611897795,6.4
0.0,0.0
0.0,0.0
6.807839526239227,7.2
6.294853569847156,6.3
0.0,0.0
5.927765743048041,6.1
6.135102076021925,5.6
6.230270062678161,5.6
6.19728647915062,6.5
6.977514060613494,6.0
6.094766218680435,6.7
0.0,0.0
0.0,0.0
6.3705897552148985,6.3
7.103796014025453,7.8
0.0,0.0
6.022696404830187,5.5
0.0,0.0
5.765646965531606,5.9
6.682802687687704,6.9
6.384097891639877,7.1
0.0,0.0
6.733341517769417,7.2
6.923154546466354,6.6
0.0,0.0
5.835315624147725,5.2
0.0,0.0
0.0,0.0
6.443962468119445,5.4
6.0956129510294375,6.7
6.268711708087937,7.1
6.540554695254009,5.3
6.275420029608035,5.4
5.8635078770576,6.3
0.0,0.0
5.837167815721063,4.9
5.910353613992584,6.5
6.845561658408663,7.2
6.2668152568951605,6.9
5.884233803579445,6.0
6.005517493629881,5.5
5.851844511167061,5.6
0.0,0.0
6.322375761274477,6.6
5.916389746338016,5.2
0.0,0.0
6.3329043883595215,5.8
6.8535172349780975,7.1
0.0,0.0
6.3702413914202936,6.8
5.941854743435536,5.7
6.006240732987399,5.7
6.27865486621869,6.1
6.450405253928637,6.4
5.973459373575621,5.5
0.0,0.0
0.0,0.0
0.0,0.0
0.0,0.0
6.58681753775085,5.7
6.127819514995092,6.0
0.0,0.0
5.9321176474861765,6.1
0.0,0.0
5.905217075123304,5.4
6.618864821546288,6.6
0.0,0.0
5.881079533687407,5.6
5.802938661116666,5.4
0.0,0.0
5.845981518800377,6.2
0.0,0.0
0.0,0.0
0.0,0.0
5.828458070396971,5.7
0.0,0.0
5.823272707970267,6.7
0.0,0.0
5.834374520197438,5.5
0.0,0.0
6.459214373047933,5.8
6.459348978401168,6.0
6.538806455373262,7.7
6.063701388189765,5.0
0.0,0.0
0.0,0.0
0.0,0.0
0.0,0.0
0.0,0.0
6.003636927216724,5.4
5.924767125867758,5.5
0.0,0.0
6.415054673982896,6.1
6.094114674442619,5.4
6.207213704354974,5.7
6.170533615224096,5.0
6.288403661535032,5.6
5.871772248044261,4.6
6.3142686170640205,5.8
6.352161458277363,6.8
0.0,0.0
6.953040065395473,7.3
0.0,0.0
6.625154551040044,6.1
0.0,0.0
0.0,0.0
6.965391376171572,7.2
0.0,0.0
0.0,0.0
0.0,0.0
5.861512590625519,5.8
6.277445503898747,6.1
5.908035474992689,6.3
6.2728791455138495,6.7
0.0,0.0
6.368756227925468,5.3
0.0,0.0
5.837672358175552,6.9
6.019081265368328,4.8
6.260222917626071,6.3
0.0,0.0
0.0,0.0
5.949134782238643,4.9
5.955353414765954,5.4
6.020624558077773,5.7
0.0,0.0
6.061956071344608,5.5
6.3056614655228085,6.5
6.022220392850014,5.7
0.0,0.0
6.208981082431373,6.8
6.013537164263792,6.5
7.412490831543851,7.2
0.0,0.0
0.0,0.0
0.0,0.0
6.944399150056307,6.4
5.999899328506209,5.9
0.0,0.0
6.17378601394259,5.3
6.456695826435729,5.4
5.963091952496161,5.7
5.987435123204648,7.0
6.356231092998783,7.0
0.0,0.0
7.20110281561113,7.0
6.466932309050433,6.6
0.0,0.0
6.860863265632783,7.4
0.0,0.0
6.393432060560042,5.4
0.0,0.0
0.0,0.0
5.853738059836296,6.5
5.926120891408775,6.8
0.0,0.0
0.0,0.0
5.917697692090481,5.6
5.782072870305186,5.8
0.0,0.0
6.147195838183904,6.1
5.856446889459958,6.0
5.882099592943954,5.3
6.356872585202295,6.3
0.0,0.0
7.10857996555878,6.1
0.0,0.0
6.071406687252768,5.4
0.0,0.0
6.220234539588448,6.2
0.0,0.0
0.0,0.0
0.0,0.0
5.995935200800788,5.3
0.0,0.0
5.7955735402037005,5.7
6.383885228706694,6.2
0.0,0.0
6.107579091195796,5.9
5.869767600272651,7.3
0.0,0.0
6.284594271313442,5.0
5.941597270968778,5.5
0.0,0.0
0.0,0.0
0.0,0.0
6.650087344686667,6.9
6.896065386685078,7.4
5.939379886403848,5.7
6.59647396687639,6.4
6.322346928952771,6.5
6.181321343439646,5.7
0.0,0.0
0.0,0.0
6.640472756452978,7.0
0.0,0.0
6.245775988197336,6.9
5.994322628673212,5.2
5.89832490576953,5.3
6.468574430368164,6.9
5.866139166344372,6.4
0.0,0.0
0.0,0.0
5.868956116322995,6.8
0.0,0.0
0.0,0.0
6.215326888711316,6.2
6.072002123331998,6.0
0.0,0.0
6.680740230701809,6.5
6.204471927196341,5.6
6.353623172139447,6.7
5.97458958145467,6.7
0.0,0.0
7.027567978859186,7.5
0.0,0.0
0.0,0.0
6.383291281527237,6.1
0.0,0.0
0.0,0.0
7.113933449590741,6.7
0.0,0.0
0.0,0.0
0.0,0.0
0.0,0.0
5.910384930802618,4.5
5.933877094719134,5.3
0.0,0.0
0.0,0.0
5.830132590485086,6.0
5.921638251950262,6.1
5.562162541323572,6.3
0.0,0.0
6.716436130080326,7.2
6.456275701322862,6.5
5.998348849489879,5.7
0.0,0.0
0.0,0.0
6.076891715549196,5.2
6.541896630707764,5.7
5.894094245666895,5.7
0.0,0.0
6.273431442785182,5.5
5.903475991492297,5.8
7.342135369229077,7.5
0.0,0.0
6.416592841815263,6.6
5.854270620216903,5.4
0.0,0.0
6.513427353967343,6.3
5.922947525894523,5.4
6.05441037668235,5.0
0.0,0.0
6.256258609729487,6.0
0.0,0.0
6.988640195205464,7.3
5.819360284534892,6.2
0.0,0.0
5.797673696743326,6.3
5.800885868952736,5.4
6.7255378149113305,8.0
6.15751845383421,6.7
5.862368547193474,5.8
0.0,0.0
0.0,0.0
0.0,0.0
0.0,0.0
5.908896767834702,5.4
0.0,0.0
6.443447978692678,5.9
6.554349237015855,5.8
5.993010734232353,6.0
0.0,0.0
0.0,0.0
5.976619595188067,5.1
5.987866041115528,7.4
0.0,0.0
6.731597353325492,6.5
0.0,0.0
6.098389218084142,5.1
6.255413901716423,6.2
0.0,0.0
0.0,0.0
0.0,0.0
0.0,0.0
7.319308263271406,7.3
6.173389509440521,7.5
5.8357669943894,5.7
5.902171780947423,6.0
6.075039365796349,5.7
0.0,0.0
7.275894794110516,8.0
0.0,0.0
6.316389195867531,7.1
7.068818247598205,8.0
0.0,0.0
5.82001357354195,5.5
7.10181489604235,7.1
6.4126058964188655,6.9
6.233541465434507,5.5
0.0,0.0
6.048558327808289,6.6
6.007238460584635,6.4
5.962321297977159,4.6
6.322216444179704,6.9
0.0,0.0
0.0,0.0
0.0,0.0
0.0,0.0
6.2314044236863175,5.5
6.3507923827425605,6.8
6.06655140811128,6.7
5.900445727089667,5.7
0.0,0.0
0.0,0.0
6.706602201390511,6.2
5.901266705329404,5.8
5.837019938105338,5.3
0.0,0.0
0.0,0.0
0.0,0.0
5.924427182211684,7.3
0.0,0.0
6.6184706421462405,6.8
0.0,0.0
6.378101657329931,6.7
0.0,0.0
6.81580415826097,7.4
6.283941408630861,5.7
5.994993633175344,6.4
0.0,0.0
5.829328418514116,6.2
5.904982146929694,5.6
6.39845141430905,6.9
0.0,0.0
0.0,0.0
6.98498131846587,7.1
5.807489712063067,5.5
0.0,0.0
6.005261938146411,6.3
0.0,0.0
6.111187212867621,6.3
6.126952570158023,5.7
6.059751910844369,5.6
0.0,0.0
0.0,0.0
7.404924772499439,7.4
5.958499850356901,6.6
6.064182038222868,5.7
5.95007799034258,5.5
5.995647396709898,6.3
6.3783265864002106,6.0
6.482199584506295,5.9
0.0,0.0
0.0,0.0
6.1191223202236085,5.2
6.182030958504868,7.2
6.419696167408076,6.4
0.0,0.0
6.04919674020292,6.0
6.423330091628736,6.4
6.364769828481935,6.6
6.280431275265809,5.7
6.0384919772915815,6.0
5.904555378005272,5.7
5.962764632253839,6.0
0.0,0.0
6.184553310115874,7.0
6.112783569445374,5.5
0.0,0.0
0.0,0.0
0.0,0.0
6.320998853327199,6.2
0.0,0.0
0.0,0.0
0.0,0.0
0.0,0.0
7.028754331639349,7.4
0.0,0.0
6.3354886582543575,7.0
0.0,0.0
6.033245290486984,6.4
0.0,0.0
6.871901415684923,6.8
0.0,0.0
7.257999716896766,6.6
6.307538992244453,6.0
5.914132712430577,5.6
0.0,0.0
6.073993561861589,6.8
6.10592798363575,6.5
6.032625301999824,6.0
6.370026810681027,6.0
6.160041185928302,5.7
6.293759570240111,6.6
0.0,0.0
0.0,0.0
6.132920404071884,5.0
6.928932056440636,6.9
0.0,0.0
0.0,0.0
0.0,0.0
0.0,0.0
0.0,0.0
5.80624086278641,5.6
6.8051304003625095,6.7
6.074893171965202,6.6
0.0,0.0
6.084750928416063,6.4
0.0,0.0
0.0,0.0
6.526082461250165,6.4
6.342263254618595,6.0
0.0,0.0
0.0,0.0
6.336314636595439,6.8
0.0,0.0
0.0,0.0
6.139694734682153,5.4
0.0,0.0
6.514522426787925,7.1
6.305319324161869,6.5
0.0,0.0
7.011274789374425,7.5
6.410257028035844,6.6
0.0,0.0
5.88312821830205,6.2
6.5983461091364966,7.1
5.797954288689349,5.6
5.757325637018118,6.6
6.33033584722754,6.4
0.0,0.0
6.684207457324638,6.5
5.918030475641373,6.6
0.0,0.0
0.0,0.0
5.968384558868196,5.4
0.0,0.0
6.462654604021972,6.8
6.2557161620561255,6.5
6.247536677546441,6.2
5.8961402933024285,5.4
0.0,0.0
0.0,0.0
0.0,0.0
6.247706828528224,6.1
0.0,0.0
5.911687420587883,5.8
6.12487819727402,6.1
6.232302333461314,6.2
0.0,0.0
0.0,0.0
6.71869237380253,6.1
5.911538476914221,6.0
0.0,0.0
6.235877008251714,5.9
6.003977993105747,5.8
0.0,0.0
5.925409370784164,6.5
0.0,0.0
0.0,0.0
0.0,0.0
5.867186043564855,4.6
5.894514613537319,5.7
0.0,0.0
5.902805738051852,6.1
6.259796657005752,7.0
5.8724715131990814,6.5
0.0,0.0
6.289885285430489,6.9
6.634652267514146,5.8
6.372434634953672,6.7
5.9285567327028055,6.9
0.0,0.0
6.64324325488288,6.7
6.175836335514069,6.9
0.0,0.0
6.356340795463008,7.3
0.0,0.0
6.019456564269428,5.3
0.0,0.0
6.318342855369619,5.9
6.411724879853646,6.0
7.45144336508216,7.3
0.0,0.0
6.414370967298448,7.0
5.8698390518516375,5.3
6.762527258722988,7.4
6.725822044127072,5.9
6.096567401370312,5.9
7.061815388274602,7.8
5.932515163125695,6.1
5.791326101166314,6.0
0.0,0.0
0.0,0.0
0.0,0.0
0.0,0.0
0.0,0.0
5.862113914191658,5.8
0.0,0.0
6.051023062102715,5.4
0.0,0.0
5.851297182849823,6.2
5.811873043630338,6.1
6.183428663896021,5.7
6.946543726154537,6.8
5.9057953231321525,5.9
0.0,0.0
6.383269380303579,6.4
0.0,0.0
0.0,0.0
6.344863199292294,5.8
0.0,0.0
0.0,0.0
0.0,0.0
0.0,0.0
7.006899932360595,6.6
0.0,0.0
6.270109247654489,7.1
6.615003633482365,6.1
0.0,0.0
0.0,0.0
7.003939653577362,5.8
6.182476014786458,5.8
5.882573195840227,5.2
6.057068225425319,5.8
6.021081363080805,5.2
5.965699601862153,6.5
6.034542436210623,6.1
0.0,0.0
0.0,0.0
0.0,0.0
6.1104298090733,5.8
6.068550132057811,5.6
6.328003031893703,5.5
6.969735907235145,7.6
0.0,0.0
0.0,0.0
6.318498728809179,6.5
6.25638111746408,6.2
0.0,0.0
0.0,0.0
7.11743511489071,7.7
0.0,0.0
0.0,0.0
5.893243553175944,6.4
0.0,0.0
6.775074436388566,8.1
0.0,0.0
5.953289881493463,5.6
6.949653342360926,6.1
0.0,0.0
0.0,0.0
6.3443986078459655,5.9
0.0,0.0
6.393362615750637,6.7
6.867368897398359,6.3
0.0,0.0
0.0,0.0
0.0,0.0
6.308082237311484,6.1
6.1908889425954525,5.4
5.92545651004976,5.6
0.0,0.0
0.0,0.0
5.988909540582823,5.4
0.0,0.0
0.0,0.0
0.0,0.0
6.450982687610277,7.1
5.9700550460166,6.4
6.5588879163356415,7.7
5.899282674520395,5.0
0.0,0.0
5.798567573900357,5.5
0.0,0.0
6.548058776191696,5.7
6.195401503405681,6.8
6.935890969009502,6.8
6.021802365074809,7.2
0.0,0.0
0.0,0.0
5.936680206909672,6.6
5.982200052379657,6.5
0.0,0.0
6.512866303881457,6.6
0.0,0.0
5.885043626867476,4.3
5.966124829012408,5.7
0.0,0.0
6.210850590650618,6.6
0.0,0.0
5.845851214796719,6.1
0.0,0.0
0.0,0.0
0.0,0.0
6.068718500630494,6.5
5.843157826033987,4.9
0.0,0.0
5.967195763039067,8.4
0.0,0.0
0.0,0.0
0.0,0.0
6.463616065495137,6.3
5.882005557526266,5.4
5.886105552876751,5.6
6.3250370864950005,6.4
0.0,0.0
7.243734415371402,6.9
0.0,0.0
0.0,0.0
0.0,0.0
0.0,0.0
5.988042397915357,6.4
5.980900143445236,6.6
6.539551196134949,7.2
0.0,0.0
5.912470141125871,6.6
0.0,0.0
0.0,0.0
0.0,0.0
6.88470780674553,6.6
6.056907641730576,5.9
0.0,0.0
0.0,0.0
0.0,0.0
6.72747278619312,7.5
0.0,0.0
0.0,0.0
6.549058747032727,7.3
6.888455541223184,6.0
0.0,0.0
6.943493723969892,6.4
5.96211892440469,5.2
7.156956907917554,6.3
7.015275520868435,7.0
5.86091762626781,6.8
0.0,0.0
0.0,0.0
0.0,0.0
0.0,0.0
0.0,0.0
6.563557407592346,6.7
0.0,0.0
5.879139097188736,5.0
0.0,0.0
0.0,0.0
5.999590081244937,5.5
7.171769180052511,6.7
6.361547469769949,6.8
0.0,0.0
6.590709108381871,6.3
5.896389806166877,4.5
0.0,0.0
6.26496137390227,6.4
6.188179618452469,6.7
0.0,0.0
6.006045907967809,6.2
6.350361533898257,5.8
6.195874055620365,5.9
7.18721467869249,8.4
0.0,0.0
5.914997482684542,5.8
0.0,0.0
6.356972761183849,6.6
5.89197466624374,5.7
0.0,0.0
6.050193913745022,7.8
5.95977559139148,6.4
0.0,0.0
5.945750058172159,7.1
6.525443253648515,5.0
6.377124471938748,6.2
6.289818464746056,5.3
7.282503453058647,6.6
0.0,0.0
0.0,0.0
6.712447595615322,6.5
5.7505013022555245,5.7
0.0,0.0
5.794902940982087,5.9
6.985933632914121,7.7
7.209868634887152,7.0
5.861225064145827,6.5
0.0,0.0
0.0,0.0
0.0,0.0
0.0,0.0
5.911437216523909,6.5
6.353807554831528,6.3
0.0,0.0
0.0,0.0
0.0,0.0
5.924336511130128,6.2
0.0,0.0
5.973754189717379,7.0
5.866947117114464,6.3
6.155286329309023,5.6
0.0,0.0
0.0,0.0
0.0,0.0
0.0,0.0
0.0,0.0
6.338364362555981,5.8
0.0,0.0
6.271211125355757,6.1
6.321533795960881,6.1
6.059745915129623,6.3
6.018987327608447,5.0
6.563957502550308,7.2
0.0,0.0
7.424426872719911,6.6
0.0,0.0
6.041524242239023,6.0
6.685506160251363,6.6
6.557614520132265,7.2
0.0,0.0
0.0,0.0
0.0,0.0
6.109567599546844,6.4
5.896324326656812,5.8
0.0,0.0
0.0,0.0
5.863224992991981,6.6
5.873576125376856,5.5
6.224004038338991,5.3
0.0,0.0
0.0,0.0
0.0,0.0
0.0,0.0
0.0,0.0
0.0,0.0
0.0,0.0
0.0,0.0
0.0,0.0
0.0,0.0
0.0,0.0
5.865402176553017,6.9
6.003953001218082,6.2
6.326866094781826,6.1
5.910443322681363,6.0
0.0,0.0
6.1975326289970765,5.8
5.996551049368456,6.3
6.221767726748592,6.5
0.0,0.0
0.0,0.0
7.022042162449213,7.3
6.408098499558594,6.4
0.0,0.0
7.129573576675573,6.9
6.013945276071975,5.9
6.227309428078385,6.8
0.0,0.0
5.943184718333507,6.0
6.358406223297517,6.4
6.10702800111312,5.2
0.0,0.0
6.769011391718661,6.1
6.142451417768043,6.5
5.926014204405962,5.2
6.284806454034298,6.2
0.0,0.0
6.114325448589641,5.6
6.368991414010512,6.0
0.0,0.0
0.0,0.0
0.0,0.0
7.028966909553251,6.3
0.0,0.0
6.903008900573956,7.0
0.0,0.0
5.985532468276465,6.0
0.0,0.0
0.0,0.0
6.552810212991618,6.8
7.579073326314097,8.3
6.438195961627489,6.7
6.380174785331928,5.1
7.058401362459683,7.9
6.4838691656089145,6.7
0.0,0.0
0.0,0.0
0.0,0.0
0.0,0.0
0.0,0.0
0.0,0.0
6.753725858209729,6.5
0.0,0.0
5.850306271269758,6.4
0.0,0.0
6.166461796656991,6.7
0.0,0.0
6.140339008082563,6.5
6.1412888578606815,6.2
6.087618014186131,5.3
6.703393588948383,7.2
0.0,0.0
0.0,0.0
6.0732822234355766,6.8
6.310796165644634,5.7
5.911866595708747,5.9
7.559557355887116,7.4
0.0,0.0
5.986227770285434,6.5
0.0,0.0
7.213955467999742,7.1
6.429241819339053,6.1
6.803948074660384,6.4
6.898187067490306,6.7
0.0,0.0
5.885732524530511,5.9
5.995473991817359,6.8
0.0,0.0
5.896725180481371,6.5
0.0,0.0
0.0,0.0
0.0,0.0
6.517333753483939,6.1
6.089723123250619,6.4
5.998117045351874,6.1
0.0,0.0
5.987977916261242,6.0
0.0,0.0
6.3175800593801545,6.2
6.490113126297453,5.7
0.0,0.0
5.893750067719811,5.1
0.0,0.0
7.050449468682417,6.5
6.281996112733026,6.3
6.2504472374714055,5.8
0.0,0.0
5.766446798923847,6.5
5.853595088198683,6.1
0.0,0.0
0.0,0.0
0.0,0.0
6.43928452385179,6.6
6.648783936241667,5.9
5.894498547541778,6.3
0.0,0.0
6.372501716112685,6.3
6.305795553409278,5.7
6.9501041005265405,7.3
6.745445281635491,7.5
0.0,0.0
5.853641760784346,5.9
6.179502089121184,6.6
0.0,0.0
5.958579455670047,5.6
5.89139118164625,5.7
6.488006561728173,7.2
6.400282025225344,5.6
6.570425878715865,6.4
5.984168615160276,5.7
6.559248613457388,6.8
6.924668283138134,7.1
0.0,0.0
0.0,0.0
0.0,0.0
0.0,0.0
7.31663558369605,7.8
5.819959226896078,6.9
0.0,0.0
6.352233648368778,7.0
6.099749398456835,5.7
0.0,0.0
0.0,0.0
0.0,0.0
0.0,0.0
6.20950873404401,6.4
0.0,0.0
0.0,0.0
0.0,0.0
6.011884274693251,5.3
0.0,0.0
6.014559765539545,4.8
0.0,0.0
0.0,0.0
0.0,0.0
5.852158671645482,5.2
0.0,0.0
6.06978380016297,5.3
6.006614166756411,6.1
5.981061521792559,5.7
6.054111458579303,6.3
0.0,0.0
0.0,0.0
0.0,0.0
0.0,0.0
6.518848164794973,6.4
0.0,0.0
0.0,0.0
0.0,0.0
6.870944812169996,6.6
6.412193347361894,7.2
6.015191094432405,5.6
0.0,0.0
5.799899445822374,6.3
5.816061570464589,6.0
5.941611338237662,5.8
6.357166719648644,6.3
0.0,0.0
6.1900009530390685,5.3
0.0,0.0
0.0,0.0
6.128053219693268,6.8
0.0,0.0
6.337547821013515,7.0
0.0,0.0
6.075643138401381,6.4
0.0,0.0
0.0,0.0
0.0,0.0
6.04769183222672,6.5
6.353297621891118,6.5
6.703731006864805,7.0
6.189434247022597,6.8
6.53616322519859,7.1
0.0,0.0
6.602023945190838,6.2
6.020059878736131,5.3
5.95277218056622,5.6
0.0,0.0
0.0,0.0
0.0,0.0
6.220932887019373,5.7
5.845678662074281,3.9
0.0,0.0
0.0,0.0
0.0,0.0
0.0,0.0
6.012074752890288,6.0
0.0,0.0
5.92983915423935,6.4
6.665259204931208,6.0
0.0,0.0
5.854558509533574,5.8
6.009443001988698,6.0
6.161798138904039,6.1
5.885155336491161,5.5
6.202464787667891,5.9
0.0,0.0
0.0,0.0
5.845607297913555,5.4
6.091493509040847,6.3
0.0,0.0
6.360730624201572,6.7
5.861115374327243,4.7
0.0,0.0
6.710093759824055,6.5
6.20281651713479,5.6
0.0,0.0
0.0,0.0
7.009475834734569,7.1
6.773405904850164,7.3
5.916242720346751,6.0
7.1073719976387375,5.9
6.036229711687461,5.8
6.563574068647086,6.2
6.2141142592749,7.3
0.0,0.0
7.008962057372095,8.4
0.0,0.0
6.174867740998344,7.3
7.113016128044268,7.6
0.0,0.0
0.0,0.0
6.203415010196161,6.1
6.40652433980758,5.9
0.0,0.0
0.0,0.0
5.850280372372057,6.6
0.0,0.0
6.601967460091914,7.4
6.149743160906164,6.9
6.206928613269847,7.3
6.315323813688282,7.0
0.0,0.0
6.385057412484904,6.4
6.345408212124938,7.3
0.0,0.0
6.066323319160397,4.9
6.587011391549854,6.3
0.0,0.0
5.930621618764595,5.0
6.018159869295522,6.3
5.98816440102597,6.0
6.07978245484867,6.4
0.0,0.0
5.995158837750744,5.6
0.0,0.0
0.0,0.0
6.033465728920474,5.9
0.0,0.0
5.849139086344672,6.2
0.0,0.0
0.0,0.0
6.482782737132096,6.4
6.377932816136707,7.0
6.395068062025846,5.8
6.56944303769666,5.9
6.331532377298332,6.4
0.0,0.0
5.892886959896479,6.9
6.5452381158759305,7.2
6.838103230255595,6.6
0.0,0.0
0.0,0.0
0.0,0.0
5.898788223739371,5.4
6.258159096138164,5.9
0.0,0.0
0.0,0.0
6.601578734644869,6.3
0.0,0.0
0.0,0.0
0.0,0.0
5.848755637230117,5.3
6.3640983319562965,6.6
6.223079411236176,7.0
7.081832996636646,6.2
6.201458577860886,6.1
6.000127014984136,7.1
5.951977004638628,5.4
5.827754975095679,5.7
6.243730766812469,5.2
6.135017486805891,5.9
0.0,0.0
6.348662457057433,5.7
0.0,0.0
6.073913893840112,5.8
0.0,0.0
0.0,0.0
0.0,0.0
5.899184852901311,6.0
0.0,0.0
6.096242516802447,6.5
0.0,0.0
6.195448381735867,6.2
6.623956866258388,6.6
5.86477515180448,6.0
0.0,0.0
0.0,0.0
5.871107464946217,6.0
6.274027231683171,5.4
5.917831376925708,5.5
0.0,0.0
6.471986046205882,6.0
7.081857422298231,7.3
0.0,0.0
6.291346349012351,4.7
0.0,0.0
6.719249301695292,6.3
5.993211778010573,6.4
6.432832693004899,6.2
6.350016084803788,6.6
5.9284354860644,5.3
6.10905567984485,6.6
6.4278233076906535,5.9
6.205035334557422,7.2
0.0,0.0
7.1092359597620405,7.3
0.0,0.0
5.802670874327189,4.8
0.0,0.0
0.0,0.0
0.0,0.0
6.647420537815344,6.4
6.031267466244223,4.9
5.966451615642398,6.2
0.0,0.0
0.0,0.0
6.0182999671165485,5.5
6.072169897038952,6.0
5.869668642708343,6.2
0.0,0.0
0.0,0.0
5.732267304773631,5.6
7.032131850508139,7.4
6.186331244797409,5.2
0.0,0.0
5.9383274805476045,6.2
6.339500721064769,5.5
0.0,0.0
0.0,0.0
6.253400146695751,6.5
6.401328565377779,5.9
5.962605540648736,5.1
0.0,0.0
0.0,0.0
6.681984225189358,7.5
0.0,0.0
6.366407731157097,7.1
5.945802416600923,5.3
0.0,0.0
6.014886572631062,6.7
6.264993087918203,6.8
6.01423524587179,5.3
5.994345832535361,6.0
0.0,0.0
0.0,0.0
7.640495448372262,7.2
6.104744297316218,6.5
6.113546948749043,6.1
0.0,0.0
6.8063306434275495,6.6
0.0,0.0
0.0,0.0
7.046326004362187,7.5
0.0,0.0
6.862637152183535,7.3
0.0,0.0
5.829475221303455,6.2
5.836878052835606,5.9
6.321454652565053,5.6
0.0,0.0
0.0,0.0
6.331523065230812,6.3
6.275458324661812,6.3
0.0,0.0
6.946102462663887,6.5
0.0,0.0
6.751099521594498,7.0
0.0,0.0
0.0,0.0
0.0,0.0
0.0,0.0
6.380075233524229,6.4
6.936889101783485,5.9
0.0,0.0
0.0,0.0
0.0,0.0
5.864354116224721,6.4
6.191463130104591,6.5
0.0,0.0
7.454048672880486,7.8
6.7583425758509685,6.1
6.049102504510872,6.1
5.985182869348023,6.1
0.0,0.0
6.975142231060453,6.4
6.008229812518096,5.7
0.0,0.0
5.883790170425537,4.2
0.0,0.0
7.409307673429371,8.0
5.929001474981995,7.0
5.873807552380184,5.6
6.465315584991991,6.1
6.035507065429558,5.5
0.0,0.0
6.260972878292416,6.5
0.0,0.0
6.202741334701153,6.7
5.985446521086501,5.5
6.606505152649107,8.0
6.349703725724833,6.5
0.0,0.0
6.014157970997076,5.9
6.372788022314428,5.9
0.0,0.0
0.0,0.0
5.961158479442331,6.3
0.0,0.0
5.932701529188335,6.8
6.810471083201694,5.6
0.0,0.0
6.38339562730067,8.1
5.8552385419071085,5.9
0.0,0.0
6.010981868454595,7.3
0.0,0.0
0.0,0.0
0.0,0.0
5.879425953609023,5.3
5.982918783204768,5.2
0.0,0.0
0.0,0.0
6.278392892620893,7.3
5.823495073430997,5.8
0.0,0.0
0.0,0.0
5.911914428719408,5.8
5.910478814287329,6.9
0.0,0.0
0.0,0.0
0.0,0.0
6.403904709981716,6.7
6.27613476408656,6.5
0.0,0.0
5.751012440765176,6.7
0.0,0.0
0.0,0.0
6.376162058820545,5.0
0.0,0.0
5.963878375488614,6.0
6.517249984784925,5.6
0.0,0.0
0.0,0.0
6.41298688695143,6.0
0.0,0.0
0.0,0.0
0.0,0.0
6.754071354274219,7.3
0.0,0.0
0.0,0.0
5.850347315654886,6.2
0.0,0.0
0.0,0.0
6.822345525281078,6.8
0.0,0.0
6.257546462738797,7.0
5.795006637026136,6.1
5.891756808980167,6.0
6.232300182527903,5.8
5.836279729289359,4.9
6.710192658049023,8.0
0.0,0.0
0.0,0.0
0.0,0.0
6.291276445702125,6.9
5.904884687976718,5.7
0.0,0.0
0.0,0.0
5.863891226794533,5.5
6.852321092339218,7.6
0.0,0.0
5.877239983222936,6.0
0.0,0.0
5.972019351682604,6.2
6.253631561919248,5.9
0.0,0.0
6.237055344993874,5.0
6.005710541295465,6.6
6.359341399659704,7.0
0.0,0.0
6.739145843627324,7.1
6.959396467453272,7.2
0.0,0.0
0.0,0.0
6.1733966702636325,6.2
0.0,0.0
0.0,0.0
0.0,0.0
5.875309222949497,6.3
0.0,0.0
0.0,0.0
5.862933485435259,6.1
6.092849447716286,6.0
6.061351462584943,5.5
6.457700905804032,6.4
5.995780382951236,6.5
0.0,0.0
6.074594319173633,5.9
0.0,0.0
5.84227904666472,5.6
0.0,0.0
6.169253128963035,6.1
6.1792517096475486,5.5
5.976487332985506,5.6
5.994488435859144,6.7
5.999445980998317,6.0
5.894697193077761,5.6
0.0,0.0
0.0,0.0
5.909353449431764,6.2
0.0,0.0
0.0,0.0
6.03570303938853,6.3
6.49061985993527,4.9
6.665321272984298,6.2
6.57851620822651,7.3
6.320677084223748,7.1
5.985595443272328,6.0
6.021575571173617,6.1
5.799393686933368,6.1
7.244319935272952,6.8
6.109211174664984,6.6
0.0,0.0
5.995775304358589,6.4
6.242543649553941,5.3
0.0,0.0
6.921636793492226,7.1
0.0,0.0
5.908545985575037,4.9
0.0,0.0
0.0,0.0
6.366338475679168,5.9
5.874053313176061,6.3
0.0,0.0
0.0,0.0
5.972287228946355,6.1
6.115544231257851,5.7
6.102707581547252,6.4
6.362766127977831,6.8
5.98085011406395,6.6
0.0,0.0
0.0,0.0
6.209779796496634,5.8
0.0,0.0
6.070796602988307,5.1
0.0,0.0
5.921432734083899,6.3
6.065170964163391,5.4
0.0,0.0
5.884576102575517,6.0
0.0,0.0
6.137851943705903,5.9
6.987648691924266,6.5
0.0,0.0
6.034103369499066,6.0
5.992795085905658,6.3
6.218847076274022,6.1
0.0,0.0
0.0,0.0
6.469724631445125,6.9
6.002628057983055,5.3
6.156606149341039,5.5
5.900990217853142,6.1
0.0,0.0
0.0,0.0
6.2479019012541634,6.0
6.3019209662687405,6.0
5.936207585979839,5.5
6.574468162877005,6.3
5.8813484787238615,6.0
5.852984122824052,5.1
5.864840344891782,5.8
0.0,0.0
0.0,0.0
6.280025248618395,6.0
0.0,0.0
0.0,0.0
6.833255301119734,6.8
6.0288041605203615,6.5
0.0,0.0
6.01208633658698,5.5
6.229534422485416,6.5
6.098405199722086,5.5
0.0,0.0
5.711608734760215,5.8
5.815986706257278,6.5
6.823276653287009,6.5
5.934654144493544,6.7
0.0,0.0
7.061542403194648,6.7
0.0,0.0
5.848685963710443,6.0
0.0,0.0
0.0,0.0
0.0,0.0
0.0,0.0
5.86584240464444,6.5
0.0,0.0
6.236489828229275,6.6
0.0,0.0
6.538352525302024,7.5
0.0,0.0
5.879244272423016,6.7
5.909736522069,5.8
0.0,0.0
6.3446421956688575,6.0
0.0,0.0
0.0,0.0
0.0,0.0
6.091080948762313,5.7
6.522318706779246,5.9
5.898545923736888,5.8
5.894705610393487,6.4
0.0,0.0
6.609002606390031,6.6
0.0,0.0
6.750113513793755,6.8
0.0,0.0
5.9145855651348525,5.3
6.260520452821297,6.3
6.25660930542148,5.7
0.0,0.0
5.858350312054931,5.2
0.0,0.0
0.0,0.0
0.0,0.0
5.889999117720408,5.2
5.829530761738536,5.7
0.0,0.0
0.0,0.0
6.100634969850864,6.9
5.850670629574831,5.0
5.929349378223222,5.9
6.586480649709153,7.3
0.0,0.0
6.31991355144867,6.2
0.0,0.0
6.268991252718594,5.1
0.0,0.0
7.076237218654082,7.9
6.123165924452076,6.0
0.0,0.0
0.0,0.0
0.0,0.0
7.028000069098554,7.4
6.257668505969511,6.8
6.1327806425757725,6.9
5.958342345049161,5.9
5.818165634322092,4.8
0.0,0.0
0.0,0.0
0.0,0.0
5.994849390132023,5.4
0.0,0.0
6.338623001883176,6.3
6.374001539460607,5.5
5.91170217327446,6.7
7.282073299454216,7.0
0.0,0.0
6.240033900726242,6.2
5.992473730567746,6.0
6.337125690454149,6.4
6.468888549527475,6.4
6.475200421302601,6.8
6.161733829730005,5.4
5.805178750708682,6.6
6.273722641706789,7.0
6.198141872898802,5.7
0.0,0.0
0.0,0.0
5.860518051103374,5.7
5.823218961327076,6.1
0.0,0.0
6.8110269280894205,6.6
0.0,0.0
0.0,0.0
6.314823541120218,6.4
6.268818847042831,6.5
5.761083003045481,6.0
0.0,0.0
0.0,0.0
0.0,0.0
5.98050602828268,6.1
6.404944965372716,6.7
0.0,0.0
0.0,0.0
0.0,0.0
0.0,0.0
5.888707067615766,5.3
5.87066286717013,6.9
0.0,0.0
0.0,0.0
6.023155634743273,6.9
0.0,0.0
6.427655301633623,6.2
0.0,0.0
6.58362833972466,6.8
0.0,0.0
6.2098593657342125,5.9
0.0,0.0
6.164544692576305,6.6
6.545043319718078,7.3
0.0,0.0
0.0,0.0
5.847924769186941,4.5
5.761663908195155,6.1
5.773006448178197,5.4
6.247141925793274,5.9
6.096107019006644,6.5
0.0,0.0
0.0,0.0
6.39058641342527,6.0
6.090689699045918,5.6
0.0,0.0
0.0,0.0
6.459711755598076,5.1
7.140852744015008,7.6
6.9918685598163925,6.9
0.0,0.0
6.77945532449815,6.4
6.356507581572791,6.4
0.0,0.0
6.692317959130655,6.7
7.165790332678136,7.0
0.0,0.0
0.0,0.0
0.0,0.0
0.0,0.0
0.0,0.0
6.060034528974053,6.6
7.163770474478862,7.2
6.404927441467517,6.1
6.438244895077522,5.9
5.802119219658276,5.4
0.0,0.0
0.0,0.0
5.857111701818525,6.0
5.970828945374977,6.6
0.0,0.0
0.0,0.0
5.980518577480816,5.6
0.0,0.0
5.87504865085258,5.3
5.8181462766789735,5.7
6.3523490484603,7.2
6.14645421902653,5.4
6.951233249711157,6.9
6.189531730671327,6.5
0.0,0.0
7.15988341286382,7.4
5.886183160206814,6.5
6.245285935421047,6.6
0.0,0.0
5.898891101978341,5.2
6.200777630641714,6.5
0.0,0.0
6.313411869020395,7.1
0.0,0.0
6.984560499098949,7.2
6.035752528570951,5.2
6.412751981546966,7.4
5.985028555840833,4.4
0.0,0.0
0.0,0.0
0.0,0.0
0.0,0.0
6.29237463170793,7.1
0.0,0.0
5.970649181988681,6.0
6.700508849898782,6.9
0.0,0.0
5.874231692035544,6.5
6.274256974512732,5.9
5.862001497581531,5.1
7.084091434466192,7.9
6.35754140024029,7.2
6.621033748286059,6.8
5.960852140772936,6.2
6.065658767376188,6.2
5.9520074746944855,7.0
0.0,0.0
6.282008134290696,6.8
7.805248768405828,6.6
6.626084504776781,6.5
0.0,0.0
6.1386045665266815,6.6
6.2691104945483485,6.2
0.0,0.0
6.144335044616097,6.9
5.8882809243993215,6.3
0.0,0.0
5.974080703514885,5.5
6.005659538142769,4.9
6.787503571833985,7.0
0.0,0.0
7.247200630150178,7.5
0.0,0.0
5.905885089648526,5.7
6.1344619007419805,5.8
5.896997650209288,4.8
0.0,0.0
6.6752330199545415,6.8
5.945790136476812,6.8
0.0,0.0
0.0,0.0
5.957593738194863,4.9
0.0,0.0
0.0,0.0
0.0,0.0
7.232330272016634,7.8
0.0,0.0
6.811656788685609,6.7
0.0,0.0
7.017752960006866,6.6
7.012094215208427,8.2
6.128192435980717,6.8
0.0,0.0
0.0,0.0
6.328130823828849,6.4
0.0,0.0
6.125571016009976,4.8
5.853814395813116,6.0
6.62950771818526,6.3
0.0,0.0
6.3528733503062575,6.1
6.412281294011644,5.2
0.0,0.0
0.0,0.0
6.013701275206057,5.2
5.967521557829679,6.7
6.149136087295408,5.6
6.272021254611489,5.6
6.132372514988499,5.9
0.0,0.0
0.0,0.0
5.790793861679261,5.4
0.0,0.0
0.0,0.0
0.0,0.0
6.0840783383964645,6.1
6.247100117811366,5.9
6.4884688823134935,6.8
0.0,0.0
6.954589117818966,6.9
0.0,0.0
0.0,0.0
0.0,0.0
5.856286613041752,5.5
0.0,0.0
0.0,0.0
6.118502372534146,5.2
5.972952319497771,5.8
0.0,0.0
0.0,0.0
0.0,0.0
6.260981425114866,5.5
0.0,0.0
0.0,0.0
5.945636815586362,6.7
0.0,0.0
0.0,0.0
6.115203861078999,5.7
0.0,0.0
6.2068025831601,6.2
0.0,0.0
6.283584716813659,6.8
0.0,0.0
5.876872240322021,4.9
6.220628723307312,5.9
6.38644750109937,5.6
0.0,0.0
0.0,0.0
0.0,0.0
6.010366443731662,5.9
0.0,0.0
6.671438684869122,6.6
6.3931963259904805,6.6
7.232359423452732,7.0
0.0,0.0
0.0,0.0
5.861644378204252,6.2
5.770159272022712,6.7
0.0,0.0
6.328853448820088,7.9
6.037323349286977,6.3
6.090830066310941,6.2
0.0,0.0
0.0,0.0
6.0390528381386295,5.3
6.28774535315665,5.5
5.790390023297212,5.3
5.923947309180555,5.1
6.289121801457273,5.4
0.0,0.0
6.404113306770431,6.3
6.64672420158866,6.5
5.891258104188873,5.4
6.19493769796531,6.1
6.0874849405491664,6.2
0.0,0.0
5.939347213220007,5.6
6.473988236580947,5.7
5.982008556273005,6.7
0.0,0.0
0.0,0.0
5.837672438254136,5.8
6.220633508835237,6.1
0.0,0.0
5.836756674779618,5.7
7.220454648456677,7.8
6.1057821870623705,6.2
6.707379644615878,5.5
0.0,0.0
0.0,0.0
6.012839652394462,5.4
0.0,0.0
0.0,0.0
7.091524037746196,7.8
0.0,0.0
5.9095180847160655,6.2
6.1632194546477885,7.4
6.261576809304342,6.4
5.837363479558476,6.1
7.239421523725192,7.8
5.913040242608027,5.5
0.0,0.0
5.854190672915683,6.3
0.0,0.0
5.811447160083375,6.0
6.166262939699877,5.9
0.0,0.0
6.850037257744089,7.3
6.651234370359997,7.1
0.0,0.0
0.0,0.0
6.160918225792401,6.3
6.5865855007991945,6.8
0.0,0.0
6.347308415746584,7.5
6.54556599385753,5.8
6.287346454382566,6.0
6.970766067483964,6.2
5.840386915875384,5.4
0.0,0.0
5.729988548371432,4.9
6.000391737721029,5.8
6.047825290869104,6.3
6.406271565244254,6.5
0.0,0.0
0.0,0.0
6.978533432591884,7.3
0.0,0.0
5.905552313821725,5.5
6.83620967650997,6.9
0.0,0.0
6.1048964766675535,6.0
0.0,0.0
0.0,0.0
6.962616169845854,7.2
0.0,0.0
0.0,0.0
6.111490725757986,5.6
6.039672589872627,6.9
0.0,0.0
0.0,0.0
0.0,0.0
7.425428768476501,6.6
6.381593718922266,6.2
5.998004006558462,6.9
0.0,0.0
0.0,0.0
5.986940138716948,5.5
5.875448052876863,5.7
7.04314990270158,7.7
6.201553408298497,6.6
5.918574026011568,6.2
6.049419669332908,6.5
6.085794036893967,6.0
6.031626147177158,5.3
6.3444365806579865,5.6
0.0,0.0
0.0,0.0
5.936190004928676,6.5
6.337262913171585,5.8
6.690045301341454,7.5
5.932494815580195,6.3
0.0,0.0
6.142082175196646,7.2
0.0,0.0
0.0,0.0
0.0,0.0
6.279148295252673,6.8
0.0,0.0
7.142660646352296,6.9
0.0,0.0
6.269908766032961,6.8
0.0,0.0
0.0,0.0
6.060779011322409,6.0
6.122118643298999,5.8
6.013255996836831,5.7
6.482219616471463,7.0
6.761026709900449,8.1
5.884628066270703,4.3
0.0,0.0
6.207939313247608,5.8
6.360020542849237,6.1
6.195189119409467,6.4
0.0,0.0
6.017810147227191,6.6
6.055583312067327,5.9
5.987484138927568,6.1
0.0,0.0
5.889781921580926,5.7
5.814260085872636,6.4
5.825935011827303,6.2
6.751470653873427,6.9
6.226671566550367,6.6
6.094028915126123,6.9
6.303093993992894,5.5
6.2073705754600335,6.6
6.0384261624346856,6.2
6.481887329792581,6.3
5.924976757547241,5.2
5.996729734217206,6.7
6.280355951892276,6.2
5.850802948909174,6.8
6.1883120230270965,5.9
5.751285196819836,6.3
6.094879510781735,6.4
0.0,0.0
0.0,0.0
0.0,0.0
0.0,0.0
6.470807983713756,7.1
5.807577077276401,5.7
6.96269780856885,7.6
0.0,0.0
6.095458117643921,6.1
0.0,0.0
0.0,0.0
0.0,0.0
0.0,0.0
6.691297093923968,6.4
6.215675702162063,5.1
6.834990096177967,8.1
0.0,0.0
0.0,0.0
6.92146333843826,7.5
6.110787852604616,5.3
6.303264886773489,5.5
6.162065940024924,6.5
6.256282329038888,6.3
0.0,0.0
7.182994237055283,7.2
6.527617521016582,7.5
0.0,0.0
5.884971684621071,6.6
6.550555529603052,6.2
0.0,0.0
5.989130156579544,6.4
6.382724822066076,7.6
0.0,0.0
0.0,0.0
0.0,0.0
6.143199962779884,5.8
7.281849257153076,7.8
0.0,0.0
5.862877117190986,5.7
0.0,0.0
5.849056454562478,5.5
6.215226652628972,6.9
6.1851131763429965,5.1
6.787292556825409,7.7
6.337832840276437,6.6
6.135068042140994,5.9
5.896320973898228,5.4
0.0,0.0
0.0,0.0
5.964819113757183,6.7
0.0,0.0
0.0,0.0
5.85231191289769,5.4
6.375917014466405,5.7
6.253785029622083,5.8
7.569302199696105,7.7
0.0,0.0
6.081244000681135,6.4
5.818920530212362,5.2
5.882116613626886,6.4
6.177443304891325,5.8
5.827891300245609,7.3
7.191510793425834,6.5
6.981923052978488,7.9
0.0,0.0
6.959482694513128,6.1
6.529780977992142,6.1
0.0,0.0
6.684567683335901,6.3
6.249356138363413,5.3
6.514777998281871,7.1
0.0,0.0
7.128359090248279,6.7
6.7630863209306975,7.6
5.960275768133211,6.8
0.0,0.0
0.0,0.0
5.993936397046109,6.5
6.185865155005485,5.3
0.0,0.0
6.379751927456439,6.4
0.0,0.0
6.172676688383447,6.2
0.0,0.0
6.518939459620773,5.2
5.913248168785154,7.3
6.410453888882992,6.6
5.972875366879844,5.6
6.038099063448942,5.7
0.0,0.0
0.0,0.0
6.065790028690543,6.4
0.0,0.0
6.404398393405818,6.3
6.979407301977759,7.4
5.945658023014388,5.0
6.4024207898386,6.0
6.228212241455211,7.1
0.0,0.0
0.0,0.0
0.0,0.0
0.0,0.0
0.0,0.0
0.0,0.0
6.537629973093433,6.2
0.0,0.0
0.0,0.0
0.0,0.0
6.113754313310904,5.7
0.0,0.0
0.0,0.0
6.795978286416445,6.6
0.0,0.0
6.423557496009244,6.6
0.0,0.0
0.0,0.0
0.0,0.0
0.0,0.0
0.0,0.0
6.095119804883713,5.7
5.812530797536095,5.1
0.0,0.0
6.056665427941042,6.4
0.0,0.0
0.0,0.0
5.993242218705174,6.3
0.0,0.0
6.310994814283048,5.9
6.099473878262464,5.4
0.0,0.0
7.088901040687321,7.2
0.0,0.0
5.813795725099948,6.4
6.343362157976134,5.8
0.0,0.0
0.0,0.0
0.0,0.0
0.0,0.0
6.955237222619122,7.8
0.0,0.0
0.0,0.0
6.321685989214026,6.5
0.0,0.0
6.434414571790356,6.1
6.118872586173497,5.6
5.9275515951618125,5.9
5.912908640939028,5.7
0.0,0.0
6.012152928022017,5.0
0.0,0.0
5.889835480305145,6.2
0.0,0.0
5.843453855741768,6.0
0.0,0.0
6.0127924763753295,5.3
7.118194372666011,7.5
0.0,0.0
6.011753606558729,5.6
0.0,0.0
0.0,0.0
0.0,0.0
6.285498495289693,6.0
0.0,0.0
7.252201562078963,7.0
0.0,0.0
5.929570468215985,6.7
0.0,0.0
0.0,0.0
0.0,0.0
0.0,0.0
6.648582308010959,5.9
6.299607697006093,6.7
0.0,0.0
0.0,0.0
5.987356372946682,5.2
5.79256343918353,6.2
6.640169723644445,6.6
6.04552735564426,6.6
0.0,0.0
6.008108783390322,6.5
6.324267032395058,5.5
0.0,0.0
0.0,0.0
6.588576816122999,6.7
0.0,0.0
7.07059995820877,7.9
0.0,0.0
6.026346419813938,5.8
6.2916126783563735,5.6
0.0,0.0
0.0,0.0
7.431304582687135,8.1
0.0,0.0
5.826664974273827,4.5
6.245954512898119,6.0
0.0,0.0
0.0,0.0
7.06554846652466,6.8
0.0,0.0
0.0,0.0
5.853040275095836,6.3
7.373710824517068,6.5
6.107853985205951,6.9
5.911194420924424,6.0
6.033873552589605,6.0
0.0,0.0
5.983010595440424,5.4
6.561765317064688,6.3
6.476022996653342,6.6
0.0,0.0
0.0,0.0
0.0,0.0
5.9469927323179785,5.0
0.0,0.0
6.358332668213991,6.4
0.0,0.0
5.872684377054857,6.9
0.0,0.0
6.560454440420243,7.3
6.133172918464394,5.2
0.0,0.0
0.0,0.0
6.126212825295304,6.5
6.344185653972037,6.7
6.469803566012851,6.4
5.8762565399502975,5.2
6.710926998540285,6.6
0.0,0.0
0.0,0.0
5.89000944289911,6.0
6.257665856823409,6.7
5.832074447177857,5.2
0.0,0.0
6.971450996378322,7.4
5.854093828227396,6.8
5.87136643329434,5.2
0.0,0.0
0.0,0.0
0.0,0.0
5.936749868292165,6.9
0.0,0.0
6.934345996225145,6.4
0.0,0.0
0.0,0.0
5.800103463383207,5.5
5.859990152868519,5.6
6.929288684224564,6.3
7.096040100666186,6.7
5.75767088201988,5.5
6.477665582430053,6.5
0.0,0.0
0.0,0.0
0.0,0.0
0.0,0.0
6.291898280594211,7.1
0.0,0.0
0.0,0.0
0.0,0.0
6.000701865528153,6.2
0.0,0.0
6.032191457197774,6.6
6.891631247446179,7.1
0.0,0.0
5.821554605402878,5.2
6.068324309385601,6.4
6.075937402058393,5.8
0.0,0.0
0.0,0.0
0.0,0.0
6.400616913741088,6.2
6.547524888539527,6.4
7.08733577162317,7.0
5.903053722750896,6.0
5.673139790999223,6.0
0.0,0.0
5.741390843643288,6.2
7.34769075773868,7.4
6.137896593387446,7.1
0.0,0.0
0.0,0.0
0.0,0.0
6.368504110909524,6.3
5.7447673220114845,5.1
0.0,0.0
6.238262538632102,6.3
0.0,0.0
0.0,0.0
0.0,0.0
6.529321034115741,6.7
0.0,0.0
6.006693457906345,6.4
0.0,0.0
6.294898422840546,7.0
6.185715448228216,5.8
5.823146806376699,6.1
0.0,0.0
6.706241732337115,6.6
6.512241036307941,5.8
5.863655484704425,7.1
0.0,0.0
0.0,0.0
0.0,0.0
6.000479770257727,5.9
0.0,0.0
5.938624418859403,7.2
0.0,0.0
0.0,0.0
6.34692099621684,6.0
6.011961657768437,5.7
0.0,0.0
0.0,0.0
0.0,0.0
5.894971747753283,6.0
6.118436953660908,5.7
6.201931878634985,6.4
0.0,0.0
7.018193448743859,6.1
0.0,0.0
6.007938387022112,6.1
0.0,0.0
0.0,0.0
5.881681985359776,5.5
6.106432440255653,6.0
0.0,0.0
0.0,0.0
5.991713185333267,5.0
0.0,0.0
0.0,0.0
6.530574293402653,6.6
6.204717923011247,6.4
0.0,0.0
0.0,0.0
0.0,0.0
6.38205185225143,6.5
0.0,0.0
6.06092273882174,5.8
5.895765056709917,5.6
6.030232449126402,5.0
5.864943362628964,6.0
6.422735021833886,6.8
5.849712298112577,5.1
0.0,0.0
6.223886661264393,6.6
0.0,0.0
0.0,0.0
0.0,0.0
5.8195484964113815,6.0
5.818031881349173,5.3
0.0,0.0
0.0,0.0
0.0,0.0
5.904133140897686,6.8
0.0,0.0
6.383680004636583,5.8
0.0,0.0
0.0,0.0
7.0284079269553095,6.8
0.0,0.0
5.928420744234077,5.9
6.364899499435906,5.7
6.306406950149069,6.7
0.0,0.0
6.909298849736292,6.9
0.0,0.0
5.837743462468229,6.5
6.244926446396116,7.1
0.0,0.0
6.01393059744023,6.3
6.478348726347743,7.1
5.999339165702638,5.4
6.043012630988841,6.5
6.404484671773706,6.9
0.0,0.0
6.0268197657459,6.2
6.639920237594316,6.1
0.0,0.0
5.941687110324246,5.2
6.236033621068691,6.7
5.823312508043776,6.1
0.0,0.0
7.135030310833811,6.5
0.0,0.0
5.832541633019128,6.0
0.0,0.0
0.0,0.0
6.898697377703961,7.0
0.0,0.0
7.029484226965959,7.5
5.930303438939589,6.0
5.799342599929244,5.4
0.0,0.0
0.0,0.0
0.0,0.0
6.441570447506275,6.2
0.0,0.0
0.0,0.0
0.0,0.0
0.0,0.0
0.0,0.0
6.215696818547507,6.9
6.463693010158621,5.4
6.001698802978834,5.4
5.793024585151828,6.0
0.0,0.0
5.960216306833905,6.3
0.0,0.0
0.0,0.0
0.0,0.0
0.0,0.0
5.94516578392432,4.3
6.252622113892135,6.4
7.224507838963434,7.7
0.0,0.0
6.078817449725638,5.6
0.0,0.0
6.009417600974316,6.6
0.0,0.0
5.879353833399752,6.2
0.0,0.0
6.8386366581915015,6.4
5.906126003708104,6.1
0.0,0.0
6.512839980214283,6.1
0.0,0.0
6.872397622970151,6.4
6.054430210470227,6.6
6.595122991048064,7.0
6.139260237357247,5.3
0.0,0.0
0.0,0.0
5.953827352656433,6.1
0.0,0.0
0.0,0.0
0.0,0.0
5.858598496791639,5.7
6.2125531183413685,6.9
6.251818849858958,6.6
7.066644864496471,5.7
6.157364670073597,5.5
0.0,0.0
0.0,0.0
0.0,0.0
0.0,0.0
6.180173555343856,6.8
0.0,0.0
6.100839197919687,7.3
0.0,0.0
7.274229269698151,7.3
6.909241381992376,6.2
5.9580246882321015,5.2
6.444181473991966,6.1
0.0,0.0
0.0,0.0
5.940192090430335,6.7
0.0,0.0
6.053915001526248,6.3
6.141283960942056,5.7
6.272134952633044,5.2
0.0,0.0
0.0,0.0
6.490475862448079,5.9
5.927824194391127,6.6
6.193635443996545,7.0
0.0,0.0
6.270150728523635,7.3
0.0,0.0
5.8568429833086935,5.5
6.098083296581393,6.2
0.0,0.0
6.311331904827871,6.3
6.449613375804395,6.5
6.1331823285257725,6.3
6.072777835347962,6.5
6.271507224777015,6.5
6.200270537911645,7.8
6.588223940370054,6.0
0.0,0.0
0.0,0.0
0.0,0.0
0.0,0.0
6.234199459028932,6.3
0.0,0.0
0.0,0.0
6.227433551522729,5.2
5.846361265527019,4.5
0.0,0.0
0.0,0.0
6.136219926862248,6.8
0.0,0.0
6.393102937374888,5.6
6.103648482249998,5.9
6.383624770110154,6.3
0.0,0.0
6.621870086122184,7.5
5.862074422903779,6.5
0.0,0.0
6.162510473871674,6.9
5.8747072931349456,5.7
0.0,0.0
5.919593419291515,5.9
0.0,0.0
0.0,0.0
0.0,0.0
6.160025272020867,6.9
5.962308089829817,6.2
0.0,0.0
0.0,0.0
0.0,0.0
6.1482596045122335,6.7
6.423511908964208,6.6
5.869470441692521,4.6
0.0,0.0
5.880004960929577,5.4
0.0,0.0
0.0,0.0
6.1037360031859125,6.6
5.970663167551208,5.4
6.029876507489099,7.1
6.078159780735324,6.2
0.0,0.0
5.947583446580548,6.0
6.947712186323774,8.2
0.0,0.0
6.483801638719968,6.4
0.0,0.0
5.957582013729033,5.1
0.0,0.0
6.307391987287411,6.3
0.0,0.0
5.894162276538501,5.0
6.751701433159001,6.5
0.0,0.0
6.223055125554549,6.8
0.0,0.0
6.428424886424256,5.4
6.051587149542822,6.2
7.174537677920324,8.1
0.0,0.0
0.0,0.0
0.0,0.0
6.821830467516777,6.6
0.0,0.0
0.0,0.0
0.0,0.0
6.581115631973876,5.9
6.595959632987479,5.2
0.0,0.0
0.0,0.0
6.217003757418143,5.8
0.0,0.0
6.393736967811015,6.6
6.010916492651336,6.5
0.0,0.0
5.975990864593731,6.1
5.9173868717716696,6.4
5.912686585019385,4.0
0.0,0.0
0.0,0.0
0.0,0.0
5.828783668547516,5.4
5.996019770770447,5.1
0.0,0.0
0.0,0.0
0.0,0.0
5.874011824705524,5.2
5.85032681878335,6.4
0.0,0.0
0.0,0.0
5.87865572723445,5.9
7.282197713424405,6.9
5.962479136066613,5.8
6.941390025259219,7.2
0.0,0.0
6.485090680681104,6.7
0.0,0.0
0.0,0.0
0.0,0.0
6.003784292512407,6.1
5.9915035106409205,6.4
0.0,0.0
0.0,0.0
0.0,0.0
5.908715705007458,5.5
0.0,0.0
5.929584951943902,5.8
0.0,0.0
7.366813971717256,7.5
5.934760067393261,5.2
6.412124613439339,6.2
0.0,0.0
0.0,0.0
0.0,0.0
5.86177560183734,6.1
6.713356220967444,6.3
6.050496211470239,5.9
6.276435358700261,5.0
0.0,0.0
5.938611061947789,6.2
5.961991335732756,6.2
5.843660732691646,5.6
0.0,0.0
6.41950112422598,6.2
0.0,0.0
7.1355410401542425,7.6
6.399652040294174,6.4
5.940539132132556,4.7
6.356539119402905,5.9
0.0,0.0
5.99012388504967,5.4
0.0,0.0
6.548944638451413,6.6
0.0,0.0
6.33453224224672,7.1
0.0,0.0
6.7968064338108976,7.2
0.0,0.0
6.062742912589255,5.8
6.208869311230635,6.5
5.862370966887333,5.6
6.083179071661966,6.6
0.0,0.0
0.0,0.0
0.0,0.0
6.053423403637755,6.0
5.903344574224974,4.9
6.742842809246092,6.2
6.69137753826429,7.5
0.0,0.0
0.0,0.0
6.836851419765715,6.5
0.0,0.0
0.0,0.0
0.0,0.0
5.858373975852269,6.0
6.344232944223038,6.1
5.975330734149411,6.6
0.0,0.0
0.0,0.0
0.0,0.0
0.0,0.0
0.0,0.0
5.950097362692195,6.4
0.0,0.0
0.0,0.0
6.577371345788113,7.2
6.3247141039473975,6.2
6.005471354355799,6.3
0.0,0.0
5.865965172924476,5.1
6.2119592796959004,6.1
0.0,0.0
7.247301381942984,7.1
6.1082874726974,5.5
0.0,0.0
5.885387314723309,6.7
0.0,0.0
6.301353663468685,5.8
6.468205879147137,6.9
5.864559507817864,5.6
7.224442291365965,7.3
5.961411453966352,6.1
6.927524785019861,6.6
5.944407525760058,5.4
5.901255114811366,6.1
0.0,0.0
5.946946829380685,5.4
5.9905471310185545,6.4
5.999276876073139,6.4
7.553566249144914,6.6
5.922569290022607,5.1
0.0,0.0
6.145430111759026,6.0
0.0,0.0
5.931983738827193,5.6
6.01814677766152,6.3
0.0,0.0
5.965537452370363,4.9
5.950109201218689,6.7
5.91259831329246,5.8
0.0,0.0
5.821185656156948,5.9
0.0,0.0
6.794284823834993,6.2
5.997640360853913,6.4
5.846061431016799,5.2
6.045332551505574,5.7
6.376028411699751,6.0
6.41040871100717,6.9
6.4851869409634535,6.3
5.939244287251541,6.5
6.930765529314447,6.3
0.0,0.0
6.206166551724136,5.2
0.0,0.0
7.078215230065466,7.2
0.0,0.0
5.9283671247269405,6.1
5.894382304429567,5.6
0.0,0.0
0.0,0.0
6.530654912252233,6.2
5.996777144085971,6.1
0.0,0.0
0.0,0.0
0.0,0.0
6.146293741130866,6.9
5.976676031918651,4.0
5.955031333599671,6.0
7.235087031861831,7.8
6.084575101874014,6.1
0.0,0.0
0.0,0.0
6.084151542998691,6.1
6.635163207314992,6.1
0.0,0.0
0.0,0.0
6.250724936842992,6.5
0.0,0.0
0.0,0.0
0.0,0.0
0.0,0.0
0.0,0.0
7.249645827751427,7.7
6.049478649184387,6.3
0.0,0.0
6.139420054035385,5.9
6.02596504945444,6.3
6.065339829825507,6.2
5.8432021500318205,6.3
6.197857878278236,6.9
6.165013910703984,6.0
6.280924264146066,7.2
0.0,0.0
6.110698724918313,6.3
5.721417812254537,4.7
6.008567984779527,5.4
0.0,0.0
0.0,0.0
6.133849159700107,6.3
0.0,0.0
6.6302588985228095,5.9
6.014129422315057,6.5
6.515555382088352,6.2
0.0,0.0
0.0,0.0
6.115503453923286,5.7
5.792743123529656,5.6
0.0,0.0
6.428163813846087,7.2
5.953049786382314,6.3
6.5692983276723504,6.6
0.0,0.0
5.894425228422572,4.6
6.449140740668737,6.1
5.849936304679066,5.8
0.0,0.0
5.758641304960381,5.0
0.0,0.0
6.3039531544894025,6.6
5.998673669139434,5.1
0.0,0.0
6.439784900857922,6.2
6.5378407124318905,7.2
0.0,0.0
6.843478397148912,6.2
5.96401794999106,4.6
7.212824323686088,7.2
6.698508622164646,5.8
5.9532754071087535,5.7
5.9479851203571314,6.4
6.019317656568568,7.7
5.881853811021434,6.0
5.872683200264568,5.5
0.0,0.0
5.874342870384075,5.9
6.014831061244957,6.1
6.091211333458713,6.6
0.0,0.0
6.366346635605264,6.4
7.160257323714734,7.3
5.946092443639554,6.7
0.0,0.0
6.023836510595965,5.4
5.907196960964862,6.3
5.893754179346227,5.0
6.863710509523178,6.2
0.0,0.0
5.89138842396007,5.9
6.688502000563595,6.1
5.873435812019543,5.7
6.298937267270776,6.4
5.802785554029977,6.6
6.0345490089887415,6.7
6.484350678698538,6.1
6.332402780505815,5.5
0.0,0.0
6.3879283232395325,6.7
6.095831558733073,5.9
0.0,0.0
5.838319940988587,5.6
5.7502760257085,5.5
0.0,0.0
0.0,0.0
0.0,0.0
6.364374113682959,6.8
6.79696548133511,7.2
0.0,0.0
0.0,0.0
0.0,0.0
0.0,0.0
0.0,0.0
0.0,0.0
0.0,0.0
6.414083378436117,6.8
7.063798889042917,7.9
0.0,0.0
5.95307802522878,5.7
6.389711596113969,5.9
5.975262938613059,5.7
7.106121623197093,6.8
0.0,0.0
6.203533410273482,5.9
6.979921036809026,6.9
6.960672287907095,7.6
6.347022603065807,6.1
0.0,0.0
0.0,0.0
0.0,0.0
5.855073432840912,5.5
0.0,0.0
7.125332445413771,7.3
5.948984642549157,6.9
0.0,0.0
5.973755673649437,6.1
5.841882726504658,6.1
0.0,0.0
0.0,0.0
0.0,0.0
6.404271963486538,6.7
0.0,0.0
6.543068718881488,6.1
0.0,0.0
6.784031670673353,6.8
0.0,0.0
0.0,0.0
0.0,0.0
6.096034483958039,6.4
5.811078733501408,6.1
0.0,0.0
0.0,0.0
6.120223035572511,5.6
6.201938258835551,6.1
0.0,0.0
0.0,0.0
6.040659104091315,6.1
6.070502196616956,6.0
7.323387878373707,6.4
6.18611020372092,6.4
0.0,0.0
5.998327476777132,5.4
0.0,0.0
0.0,0.0
6.520357695184908,7.0
6.595350898380673,7.3
7.165455876104911,7.6
0.0,0.0
0.0,0.0
5.75349559713205,4.7
0.0,0.0
5.88380463712046,6.2
6.0667468757477465,5.4
5.69023919176442,5.0
5.818094756781269,6.2
6.230993400332577,5.8
0.0,0.0
6.038006247809815,4.9
0.0,0.0
6.788202469119793,5.9
5.973136837959093,6.7
0.0,0.0
5.887465422933887,5.4
0.0,0.0
6.202664151918454,5.5
0.0,0.0
0.0,0.0
5.930636693803357,5.5
0.0,0.0
6.035115183782303,6.1
5.904715366408166,5.6
0.0,0.0
6.053087150232954,5.8
0.0,0.0
6.055782723561301,7.0
0.0,0.0
5.842542265766205,6.1
6.02588321555284,6.6
6.390930886416096,6.5
6.396436163529278,6.7
6.637325004097521,5.6
6.327963290153616,5.9
5.894129291949827,5.2
0.0,0.0
0.0,0.0
5.705103476483335,4.8
6.365523643624642,5.8
6.697690296937676,6.6
0.0,0.0
7.618227531178245,8.6
7.0463483561349545,6.8
5.888480171297798,5.9
0.0,0.0
6.164997972017508,6.6
0.0,0.0
5.912415500263148,6.8
0.0,0.0
6.640760968585158,6.1
6.019927035768856,5.9
6.7763507687880535,6.8
0.0,0.0
0.0,0.0
5.7729259676292335,5.8
5.7785321864382455,5.6
0.0,0.0
5.830713432964552,5.1
5.915786683799109,5.5
0.0,0.0
5.866396506863814,6.2
6.311315338381298,5.8
6.752099893910729,7.3
6.215458333779703,5.8
5.860310011921211,5.2
5.899986675989858,6.7
5.919969216032344,6.2
0.0,0.0
6.546137944805941,6.2
0.0,0.0
0.0,0.0
6.532067874194269,6.1
0.0,0.0
0.0,0.0
0.0,0.0
5.882726548469739,6.7
0.0,0.0
0.0,0.0
5.965369152063968,6.1
6.258494867537879,6.9
6.250637545016549,5.2
0.0,0.0
6.1062803304394855,5.5
5.9195270629356855,5.5
6.133106268111557,5.6
0.0,0.0
5.886095141448764,6.7
0.0,0.0
0.0,0.0
5.962801164787749,6.6
6.298749728199658,6.9
5.864871821361213,5.6
5.851935728411709,5.8
0.0,0.0
5.882450332005371,6.4
6.030412625567016,4.8
0.0,0.0
0.0,0.0
6.070686922389539,6.8
7.041033910871318,7.4
5.857453934428339,6.4
0.0,0.0
5.873842861008355,5.3
0.0,0.0
0.0,0.0
0.0,0.0
7.38694897022711,6.2
5.868837571816504,5.4
5.897370406158069,6.0
0.0,0.0
6.381480492977125,6.2
0.0,0.0
0.0,0.0
6.284346353617758,6.0
0.0,0.0
6.002483679298005,6.3
6.113384197365497,6.6
0.0,0.0
0.0,0.0
0.0,0.0
6.048985144965533,5.2
6.531746457729418,6.1
6.078437801493156,6.0
6.084995619924497,6.5
5.768590918056422,4.2
5.969805672475516,5.7
0.0,0.0
5.982853063670239,6.2
6.303397541734707,5.3
0.0,0.0
5.997157468859228,6.3
6.160107356595671,5.9
0.0,0.0
6.00984774936764,5.6
5.986999000026845,5.1
0.0,0.0
0.0,0.0
6.561214981006884,6.5
6.569655643461841,5.9
0.0,0.0
6.827971444519174,8.1
0.0,0.0
0.0,0.0
5.86762444306045,4.9
0.0,0.0
0.0,0.0
5.823944187305384,6.6
6.085480342108341,6.5
0.0,0.0
0.0,0.0
5.896672158874123,6.0
7.51364106116481,7.2
6.062098047825389,6.7
0.0,0.0
6.398099571081161,5.8
6.09510947061928,7.1
6.162454411766235,6.2
0.0,0.0
6.936279708685304,7.0
0.0,0.0
0.0,0.0
0.0,0.0
5.802149435441488,5.2
0.0,0.0
6.238691888614822,6.2
0.0,0.0
5.9966369927801,3.6
0.0,0.0
6.039970382338021,6.3
0.0,0.0
0.0,0.0
5.813174523871363,5.6
0.0,0.0
6.42022808634236,6.4
5.955096530278013,5.6
0.0,0.0
0.0,0.0
0.0,0.0
7.107140936603959,8.0
0.0,0.0
0.0,0.0
6.204792667146838,6.6
0.0,0.0
0.0,0.0
7.003715930665263,7.3
5.984449003292175,6.0
6.413354373029385,6.3
6.455604229124736,6.4
5.999880800789389,6.1
6.538396178020551,6.0
5.940170649601256,4.5
0.0,0.0
6.053495115620719,6.5
6.245453991814438,6.0
0.0,0.0
6.049883862869381,6.4
6.095264906916198,6.6
5.971397076273391,6.6
6.252231584766991,6.4
0.0,0.0
0.0,0.0
5.962056539203689,6.1
6.933768713661791,7.0
6.744340154136252,6.9
0.0,0.0
6.869134091647483,6.8
7.034812290555759,7.3
5.780597017748385,5.9
5.893914877140678,5.7
0.0,0.0
6.419211430274038,6.5
7.068948563996792,6.8
7.287868137490363,7.5
6.033162295891251,6.7
6.51831591288257,6.1
0.0,0.0
0.0,0.0
6.932557103230521,6.5
5.7953682255969365,5.6
6.3119064762442445,6.8
7.041591045469916,8.1
0.0,0.0
6.083382223616652,6.9
0.0,0.0
0.0,0.0
0.0,0.0
5.87233141592148,5.4
0.0,0.0
6.2210090548532335,7.4
6.515505328821638,6.2
5.868544934414315,5.9
0.0,0.0
5.872573854981456,6.3
0.0,0.0
6.273811117889158,5.6
6.075100450708206,6.2
0.0,0.0
6.986790879636855,6.2
0.0,0.0
0.0,0.0
5.954643447134014,5.8
0.0,0.0
6.481129363721276,7.4
6.270099746812458,5.7
0.0,0.0
0.0,0.0
6.438948123486863,7.0
0.0,0.0
5.927223451176573,6.2
6.668887167165458,6.7
5.811708276064562,5.7
6.193863669067047,6.4
6.273635841751632,6.3
5.91814908454487,5.8
0.0,0.0
6.580181651399597,5.8
6.880435180345858,5.7
6.731791200370387,5.6
0.0,0.0
5.925600862881066,6.1
0.0,0.0
6.19630649741429,6.4
7.093520487681196,7.1
0.0,0.0
6.399535939254972,6.4
6.650375861011616,7.4
0.0,0.0
6.094822411727218,6.9
6.085008512133971,5.3
7.151902308063451,6.9
0.0,0.0
5.93788647022282,5.4
5.980371461514141,4.8
5.998450801949271,5.5
6.553585715924164,6.1
6.557890481428422,5.5
0.0,0.0
0.0,0.0
0.0,0.0
0.0,0.0
0.0,0.0
0.0,0.0
0.0,0.0
5.96021732540018,6.1
0.0,0.0
6.618382136628258,6.3
6.186885060748047,6.8
6.825750110276017,6.3
5.775989062389528,5.9
6.754332838285234,6.8
6.205219956041905,5.6
5.906298279359489,5.9
0.0,0.0
6.337979630552987,7.0
6.370364679295804,6.3
0.0,0.0
7.021173854282572,7.3
6.521815904945324,6.2
6.436040555077559,7.0
0.0,0.0
5.77441594998145,7.5
6.077192696715128,6.1
7.355365761861285,7.9
6.150618486638396,5.2
0.0,0.0
5.93953485546374,6.8
5.696768339161849,5.7
5.87526125301024,6.2
6.670147902042245,7.4
0.0,0.0
0.0,0.0
6.375004091911577,6.3
0.0,0.0
0.0,0.0
6.1295330664052114,5.7
5.875370028615704,6.1
6.844223776051143,7.8
6.440157336426931,6.6
6.304581340904659,6.1
0.0,0.0
5.956951260465556,6.1
5.997781765925097,4.8
0.0,0.0
0.0,0.0
5.740320690722328,5.3
5.940217786160068,6.4
0.0,0.0
0.0,0.0
6.829610950417038,6.2
6.235275708567191,5.9
0.0,0.0
6.137306728146547,5.1
6.701690323221959,6.9
5.977839483921928,5.6
6.321260645800436,5.5
0.0,0.0
0.0,0.0
0.0,0.0
6.38229117586499,6.4
6.074401123665655,5.8
6.801001092433222,6.3
0.0,0.0
0.0,0.0
0.0,0.0
6.615298644149416,7.1
6.399360443211748,5.6
0.0,0.0
6.55372022173001,6.2
0.0,0.0
5.896842231111822,6.0
5.820525654583328,4.8
6.451791074590548,5.6
6.2511275483803805,6.1
0.0,0.0
6.56843057910959,6.2
0.0,0.0
0.0,0.0
0.0,0.0
0.0,0.0
6.195341637379762,6.7
0.0,0.0
5.881554856633158,5.7
6.048550406832797,5.4
0.0,0.0
5.930548477013235,6.8
6.1619303967909165,6.5
0.0,0.0
6.914502365506049,7.6
0.0,0.0
0.0,0.0
0.0,0.0
0.0,0.0
0.0,0.0
6.701122724977996,6.7
6.065432534847295,6.6
6.203226149049011,5.9
0.0,0.0
5.836286021090578,7.4
6.291730176720273,6.3
0.0,0.0
6.0232016544506655,5.9
5.844171890619599,6.1
0.0,0.0
0.0,0.0
0.0,0.0
7.892028292274217,8.4
0.0,0.0
6.212013068408838,6.3
5.833568511901716,5.4
5.947988795590579,6.9
0.0,0.0
6.277307596040301,5.9
6.523007285005612,6.7
6.15090184242661,5.8
0.0,0.0
6.033370564277819,7.0
6.469774782642241,7.5
0.0,0.0
6.399410299259633,5.6
7.423857398016923,6.9
6.393562496945386,6.0
6.155132739886364,5.3
0.0,0.0
5.96260861277802,5.7
6.004840874969603,5.9
0.0,0.0
0.0,0.0
5.8227176109230365,6.6
5.814709418411325,5.7
5.83461107485445,7.1
6.736461642197515,5.8
0.0,0.0
0.0,0.0
6.296356465987749,6.6
5.874489665750368,5.8
0.0,0.0
0.0,0.0
0.0,0.0
0.0,0.0
6.415466415323287,5.9
0.0,0.0
6.329734410659824,6.7
6.038867865579821,5.3
6.81085180629118,6.6
6.139711241925482,5.8
6.008696884051348,7.5
5.9501691938751975,6.9
0.0,0.0
0.0,0.0
0.0,0.0
0.0,0.0
6.865989398531385,6.2
6.754405332275367,6.3
0.0,0.0
6.464769780031343,6.4
0.0,0.0
0.0,0.0
5.848156833434482,5.5
0.0,0.0
6.284968052337953,6.4
6.019070453802367,6.2
6.473427260394374,5.9
0.0,0.0
0.0,0.0
5.872952375744432,5.1
5.893364594628297,6.3
0.0,0.0
6.2703404770565605,7.3
0.0,0.0
6.9788886256409,7.1
0.0,0.0
6.099964547885275,6.3
6.251631595262992,6.5
6.413104157084891,6.5
0.0,0.0
7.387803055745373,6.1
0.0,0.0
5.925097370372187,6.3
6.401771995811546,5.6
6.351657855932292,5.9
0.0,0.0
5.935575054520779,5.7
0.0,0.0
0.0,0.0
6.043284764419871,7.4
6.043953452699899,5.7
7.056088084766514,7.5
0.0,0.0
6.203753095215623,6.0
6.033355108993352,7.1
6.023111774359083,6.4
6.444765699925696,6.1
0.0,0.0
0.0,0.0
6.973567658113407,7.4
0.0,0.0
6.178516110691875,5.7
0.0,0.0
5.847781209369663,5.1
6.227171262803206,5.8
0.0,0.0
7.115707252374204,7.3
0.0,0.0
6.256750647411771,7.1
5.877569907932461,5.6
6.0457369376611165,6.8
0.0,0.0
0.0,0.0
0.0,0.0
5.955619794726607,5.2
0.0,0.0
0.0,0.0
6.410391499254377,6.5
5.780182640586111,6.0
6.387187699501398,6.3
0.0,0.0
5.831869671983005,6.1
5.877026295683496,5.4
0.0,0.0
0.0,0.0
6.2958499540798325,6.5
6.04664011651609,5.7
6.353850471388034,6.4
6.34333256711174,6.5
5.910451673262168,5.3
6.087203085684942,5.4
6.97843949291449,7.3
6.2022344565275525,6.3
0.0,0.0
6.375156964220196,7.1
5.958232515924623,6.5
5.845883721527832,7.0
5.932193284524256,5.4
7.201841841254886,6.9
5.877902060283971,5.8
0.0,0.0
5.899179902661733,5.3
5.877443184586306,6.3
5.982758806402261,6.5
0.0,0.0
6.338690747802713,7.1
6.102771590973074,5.8
5.799386023536773,6.1
5.913672601998879,5.7
0.0,0.0
0.0,0.0
0.0,0.0
6.748001039048779,7.4
6.474839642097972,6.8
6.0062609719894215,7.0
6.639644528366201,7.9
6.126867501817641,5.9
0.0,0.0
6.386906519273411,5.2
6.168363475160324,6.0
6.178682036540259,5.5
0.0,0.0
6.647067604303492,7.4
5.929437386303418,4.8
0.0,0.0
6.679185508939812,5.7
0.0,0.0
5.851408577365006,4.1
5.857658812625963,5.7
6.409893445803233,6.3
0.0,0.0
0.0,0.0
0.0,0.0
0.0,0.0
5.848450025521079,6.0
0.0,0.0
7.146636071952537,7.2
5.9783536847615215,5.6
5.906298742574391,6.9
0.0,0.0
0.0,0.0
6.10830422887817,5.8
7.52076919002371,8.1
0.0,0.0
5.97582870247266,6.7
0.0,0.0
6.0633738145739375,6.9
0.0,0.0
6.032893908368596,4.9
6.3510411641271975,8.2
0.0,0.0
6.0498809087416845,6.5
6.076105872015495,5.9
0.0,0.0
6.164767720516939,6.5
5.775837755218998,6.6
0.0,0.0
5.569621441990437,6.3
6.90860178784946,6.1
6.82746308028267,6.7
0.0,0.0
0.0,0.0
0.0,0.0
6.899079033668574,7.4
0.0,0.0
0.0,0.0
0.0,0.0
6.060553744991162,6.1
6.005205645415971,6.3
0.0,0.0
5.998799228074209,6.0
6.238029406301633,6.9
0.0,0.0
5.759368316512869,6.7
0.0,0.0
0.0,0.0
6.243558308264279,6.2
6.185023630926894,5.6
7.038880139327488,7.0
6.396833146541912,5.3
6.075161514905466,6.1
0.0,0.0
0.0,0.0
0.0,0.0
5.9995159288250415,5.9
5.918934527299777,5.9
5.7652885157672005,5.9
7.062793835166159,7.6
5.916240905416814,5.7
5.74307729371484,5.3
0.0,0.0
0.0,0.0
5.958679605644318,6.1
0.0,0.0
6.378499654392808,6.2
0.0,0.0
5.983258946622008,6.3
6.990757825347645,7.1
0.0,0.0
0.0,0.0
0.0,0.0
0.0,0.0
6.955340053795528,7.3
0.0,0.0
0.0,0.0
0.0,0.0
6.673750722092381,5.5
6.023108201259887,5.4
0.0,0.0
6.007164411606519,7.4
6.360394178910308,6.4
6.555008780624754,6.7
0.0,0.0
0.0,0.0
6.067340482306092,6.4
7.294525253691146,7.6
5.8993784042409,6.0
6.08351348477169,6.2
6.652137810342097,7.0
6.136649197899117,5.9
0.0,0.0
6.363773100799753,6.8
7.305774276930695,7.3
6.528429258188472,6.4
5.925751869699207,5.5
0.0,0.0
0.0,0.0
0.0,0.0
5.79204841117824,4.1
5.987686443967683,5.6
7.311800272174258,7.3
5.887465007744892,6.8
0.0,0.0
5.843395029072139,6.7
0.0,0.0
6.055021788682313,5.7
6.462583651573596,6.2
0.0,0.0
5.952331515398828,5.3
0.0,0.0
5.589790299129884,5.9
0.0,0.0
0.0,0.0
6.049034724889436,5.1
6.816863961423008,6.1
6.221215406071338,4.9
0.0,0.0
6.007874507486596,5.2
0.0,0.0
5.877798205199531,6.4
6.2887046871884165,5.7
5.931589968102583,6.1
6.354110992331097,6.5
0.0,0.0
0.0,0.0
7.015958022960135,6.3
6.471770658896376,6.2
5.883540390715643,5.3
0.0,0.0
0.0,0.0
0.0,0.0
6.216798180061346,6.7
0.0,0.0
6.112905899547631,7.0
7.332771838958751,7.4
0.0,0.0
6.310387056653359,6.4
5.896766379142369,6.9
6.392111750541814,6.9
6.41626005383438,6.8
5.979778965464949,5.7
6.124693781057418,5.2
6.3788051867252245,6.3
6.237677060278217,5.5
0.0,0.0
7.0432424263543645,7.1
0.0,0.0
6.323072909152335,6.5
0.0,0.0
6.092020104289441,5.7
0.0,0.0
5.992670884792468,5.7
0.0,0.0
7.211130159988117,6.7
6.2626306788977,6.3
0.0,0.0
6.034941139904705,6.1
5.858598821356238,5.6
0.0,0.0
6.7079285769711054,5.6
0.0,0.0
6.850929791595775,7.9
5.89658266171944,5.2
5.9936903356529685,6.8
5.938166621131876,6.0
5.865851897744038,6.0
6.40841411124595,6.6
0.0,0.0
6.40649651748679,6.2
6.115365618669027,5.5
0.0,0.0
0.0,0.0
0.0,0.0
6.037114670406247,5.4
0.0,0.0
6.292855725856263,6.6
5.887948557954539,7.1
5.725257511344124,5.9
5.895921803186537,4.5
0.0,0.0
5.876099805354409,5.4
6.182013716014331,7.7
0.0,0.0
6.990395420778337,7.9
0.0,0.0
0.0,0.0
0.0,0.0
6.199588508010175,7.0
6.457933858168696,6.9
0.0,0.0
0.0,0.0
0.0,0.0
0.0,0.0
6.3630294200228645,6.5
0.0,0.0
0.0,0.0
6.192051510635141,6.0
6.007894392106018,5.7
6.595871925781356,6.9
6.545977704545488,7.7
0.0,0.0
0.0,0.0
0.0,0.0
0.0,0.0
5.995580075442562,6.6
6.417271797506431,6.4
7.315936012922875,8.0
6.3649778431481225,7.0
6.067026041060272,4.2
6.02919872703434,6.4
5.874710903549154,6.0
5.796367973133682,6.1
6.269281845375982,7.0
6.01289481776534,6.3
0.0,0.0
6.491697610490364,6.2
0.0,0.0
7.143461246692793,7.3
6.054362872684667,5.4
0.0,0.0
6.334227160871529,7.0
0.0,0.0
6.294611603189915,7.1
6.116433280820149,6.6
5.906054223888752,5.7
0.0,0.0
0.0,0.0
6.393986075586263,6.8
5.796167643583949,6.0
0.0,0.0
6.258859693132759,5.3
5.882351835844688,6.6
6.107891224704916,6.1
6.197771612617455,6.9
0.0,0.0
5.827047076817661,4.9
6.119143462995761,6.9
0.0,0.0
5.912875276521446,6.0
0.0,0.0
5.942361364162607,5.3
0.0,0.0
0.0,0.0
6.01237180440118,6.3
6.464739788768583,7.4
6.307979542502835,6.3
6.232677413756989,6.2
5.89311186403973,4.9
6.139912603324127,6.2
0.0,0.0
0.0,0.0
6.334421941237511,6.3
5.814901192205957,5.6
6.276123387032812,7.3
6.460327049637557,6.7
6.809992562821392,7.0
0.0,0.0
5.859627982469717,4.9
6.464533924075124,6.2
6.190886121652946,7.4
6.856486299067037,7.8
5.911661148357764,5.1
0.0,0.0
0.0,0.0
0.0,0.0
0.0,0.0
6.787042084818473,6.9
0.0,0.0
6.969612016767701,6.5
6.367092899656978,5.6
5.869186026059964,5.3
0.0,0.0
6.43901507869443,7.2
0.0,0.0
0.0,0.0
6.999333713225166,7.5
0.0,0.0
6.18702853606274,4.6
6.402730713526134,5.8
5.950610796458761,6.0
6.968744639694856,7.1
0.0,0.0
0.0,0.0
0.0,0.0
0.0,0.0
0.0,0.0
0.0,0.0
0.0,0.0
6.441224096188022,5.7
5.736894240949965,6.7
0.0,0.0
7.025129137286316,7.3
0.0,0.0
5.795795872750722,5.1
6.519501553740512,7.3
0.0,0.0
7.069761981387837,7.8
6.550920278715946,7.1
6.341214154019711,6.9
5.936853764666692,5.6
0.0,0.0
6.99222956661727,7.5
6.291582407488893,7.0
5.890911997956379,6.6
5.837602991449531,5.5
0.0,0.0
0.0,0.0
0.0,0.0
6.305299117801258,6.2
6.27714728088403,6.2
0.0,0.0
6.166336886487907,6.4
0.0,0.0
0.0,0.0
0.0,0.0
5.941441836158863,6.5
6.375608387836591,6.2
6.057659582961442,5.5
0.0,0.0
7.164198522340101,6.6
0.0,0.0
7.110182941183833,7.3
7.100379221013515,7.4
0.0,0.0
6.599910162140182,7.3
0.0,0.0
5.780359128993112,6.2
0.0,0.0
6.226394011492999,6.9
6.987583910845479,6.7
6.954943188074528,6.5
5.996972708233999,5.7
0.0,0.0
0.0,0.0
6.109539280860502,6.2
5.959155896443528,5.5
5.949578599156787,6.2
5.898045283920547,6.9
6.426048525220439,6.2
0.0,0.0
6.352851069992155,5.8
7.213042691311804,7.2
6.727879615077571,5.4
6.038324502574593,5.7
0.0,0.0
6.897840875783176,7.2
5.870258473441592,5.5
5.903794311869249,7.1
0.0,0.0
0.0,0.0
0.0,0.0
5.788220328182699,5.9
6.3604815208472605,6.8
0.0,0.0
6.3698578671925326,5.2
6.265646154380165,5.9
5.892725540937181,6.2
0.0,0.0
0.0,0.0
6.174953741915012,7.1
5.8649060563801,6.0
0.0,0.0
0.0,0.0
0.0,0.0
5.863617048395037,5.9
0.0,0.0
6.181044169552062,5.3
6.289019199911969,5.7
0.0,0.0
0.0,0.0
5.940242855511296,7.0
0.0,0.0
6.727134405803082,6.5
6.016461094083522,6.5
6.994936760482651,6.3
6.248721839711547,6.7
6.297443202119296,6.6
0.0,0.0
0.0,0.0
7.072473742746113,6.9
0.0,0.0
6.219942461149159,5.7
7.118016150732401,6.9
0.0,0.0
6.041654938733272,6.2
5.862119495221873,6.1
6.518434479791877,8.0
5.974057777824909,4.9
0.0,0.0
0.0,0.0
0.0,0.0
5.998496500112012,6.7
0.0,0.0
6.22311808765164,6.1
6.793843650001713,7.7
6.401985468961373,6.1
0.0,0.0
6.577914183881343,6.7
0.0,0.0
0.0,0.0
5.7665212359724425,5.1
6.383149141015847,6.8
0.0,0.0
0.0,0.0
6.703125951938524,6.1
7.062856692697999,8.1
7.014650575407158,5.9
5.893103084816808,5.3
6.332145008181185,5.9
0.0,0.0
6.139932233674319,6.6
0.0,0.0
6.693898020910277,6.8
6.081559447411187,6.4
0.0,0.0
0.0,0.0
5.975982234513678,5.0
0.0,0.0
5.977765598966199,7.2
6.887364430011347,7.5
0.0,0.0
0.0,0.0
6.080517292130539,5.8
0.0,0.0
6.552784207628239,7.4
6.207236610051788,6.3
6.428607221370503,6.7
0.0,0.0
7.017738863023178,6.8
6.399270634658208,6.4
5.865079995733418,5.8
0.0,0.0
0.0,0.0
0.0,0.0
6.069571110817408,6.5
0.0,0.0
0.0,0.0
5.893253499972465,6.1
0.0,0.0
6.030037991930602,6.1
0.0,0.0
6.27808225157564,6.6
0.0,0.0
6.227851065483732,5.9
0.0,0.0
6.959030722790147,7.7
6.547835735475695,6.6
0.0,0.0
6.209345514183282,6.4
0.0,0.0
5.987683516294489,6.6
5.9855764230353685,6.4
5.842579277471084,4.7
0.0,0.0
0.0,0.0
0.0,0.0
0.0,0.0
6.130877053837637,6.7
6.366140892878038,6.6
5.798835704226471,5.0
6.657724012965304,6.1
0.0,0.0
0.0,0.0
6.701279832704879,6.8
6.08243820753339,6.0
5.99804228443133,6.1
6.028029782543011,6.1
7.09317073852557,8.0
5.92275893455972,5.8
6.057864050437045,5.4
0.0,0.0
0.0,0.0
6.237056987881324,5.9
0.0,0.0
6.555277954661553,8.0
0.0,0.0
5.93206621177492,6.5
6.068674331800227,6.4
6.1205043363133615,5.5
6.925455461067266,7.0
0.0,0.0
0.0,0.0
0.0,0.0
0.0,0.0
5.823668203360854,4.4
0.0,0.0
5.850290370136084,6.1
5.869343192988792,6.0
5.916741351306777,6.0
5.847211090645825,6.0
6.19608901640742,6.9
0.0,0.0
0.0,0.0
6.226308221865539,6.1
6.033031969668999,6.2
5.924095929652418,6.0
5.913002445670728,6.1
6.264046013067906,6.4
0.0,0.0
0.0,0.0
0.0,0.0
0.0,0.0
5.940067296687734,5.9
0.0,0.0
6.169370815047597,6.0
0.0,0.0
0.0,0.0
6.080014523769987,6.0
5.957553946648781,5.4
6.5180338599349685,7.4
0.0,0.0
6.387073143823036,6.3
6.550872977275891,6.1
6.117751269876137,6.5
0.0,0.0
6.766889788748247,6.6
6.782678334970145,7.0
0.0,0.0
7.141355947202259,7.1
0.0,0.0
0.0,0.0
6.753922485239895,7.4
6.465469618662662,6.4
0.0,0.0
0.0,0.0
0.0,0.0
0.0,0.0
6.132218955453689,5.8
0.0,0.0
0.0,0.0
6.232132594347446,5.1
0.0,0.0
6.064428240279409,6.5
6.0322359631623765,7.1
6.87678055831199,6.6
6.27153659485627,5.6
5.938200284509745,5.7
6.800761841334765,7.8
0.0,0.0
0.0,0.0
6.252989024418387,6.7
5.845042290239616,6.5
6.847363409636496,5.6
0.0,0.0
5.829056647964709,4.9
5.811169632960097,6.7
0.0,0.0
0.0,0.0
6.896564256087421,6.5
0.0,0.0
6.359664740030902,6.6
7.059687647589388,7.2
0.0,0.0
6.139788053284813,5.5
0.0,0.0
6.776723763570652,6.7
6.619953957670976,5.4
6.985341220349178,7.7
0.0,0.0
0.0,0.0
5.839051531426407,5.7
5.967480449443353,5.0
6.265326036773912,6.0
6.164860711815682,6.1
0.0,0.0
0.0,0.0
0.0,0.0
0.0,0.0
6.635783886133412,6.4
6.341206296533382,7.3
5.966146037308346,5.4
6.287595538757446,6.9
6.309520013271438,6.7
0.0,0.0
0.0,0.0
0.0,0.0
0.0,0.0
0.0,0.0
5.805032291180302,5.9
6.624118919635484,6.9
0.0,0.0
6.99618876982168,7.6
0.0,0.0
6.140521979986709,6.9
6.578192353572929,7.5
6.387683014918511,6.4
0.0,0.0
5.896301131748243,4.5
0.0,0.0
5.809178032268165,5.1
5.931023002864212,6.0
6.370846650864067,6.6
6.472622479477439,6.8
0.0,0.0
6.85867947291825,5.7
6.863304646874751,7.6
6.2156119317401854,6.1
0.0,0.0
0.0,0.0
0.0,0.0
0.0,0.0
6.089184607402067,5.0
6.427079153159865,6.2
6.248120949179019,5.3
0.0,0.0
6.513984403791623,5.5
6.398669163911309,7.0
6.0112526892916485,5.5
0.0,0.0
0.0,0.0
0.0,0.0
6.067964805132364,6.3
0.0,0.0
0.0,0.0
0.0,0.0
5.883532863445444,5.5
0.0,0.0
7.302992906893738,7.6
5.89341657080212,7.2
6.175380642434127,5.4
0.0,0.0
6.489073853979517,6.4
0.0,0.0
7.198691711908436,7.2
0.0,0.0
0.0,0.0
6.074889618081814,6.7
0.0,0.0
5.804941220873032,5.5
6.414176052166255,6.0
6.212729514524222,7.1
6.043616821061374,6.4
6.25164632252986,6.8
5.90417921867484,6.5
5.997279691048648,6.2
6.029213434768119,5.6
5.928647864184339,5.4
6.065146249854988,5.9
0.0,0.0
0.0,0.0
0.0,0.0
0.0,0.0
6.222572502606099,4.9
5.782628702385741,5.2
0.0,0.0
5.959230650720019,5.2
0.0,0.0
6.566784427992337,6.3
6.591037058620639,5.4
6.932731233318118,6.3
6.682125227228665,6.2
0.0,0.0
6.298907564209717,6.9
6.605624785268352,6.7
0.0,0.0
5.843494872787858,6.6
6.757524912405036,6.6
6.333810553563791,6.6
5.97561351732482,5.5
5.870993597550989,5.7
6.879461089647558,6.1
6.92861818810155,6.9
0.0,0.0
0.0,0.0
0.0,0.0
0.0,0.0
6.213314140595728,5.9
0.0,0.0
0.0,0.0
7.04453235820164,7.0
0.0,0.0
0.0,0.0
0.0,0.0
5.821916061496295,6.1
0.0,0.0
0.0,0.0
0.0,0.0
0.0,0.0
0.0,0.0
5.890345031966346,5.9
0.0,0.0
5.914847170691063,6.7
5.795441898926066,5.4
0.0,0.0
5.8542792952959966,5.5
0.0,0.0
6.456230885010583,6.3
0.0,0.0
0.0,0.0
6.452683174979703,6.6
6.07464765647653,5.6
6.415632261963801,7.4
6.322211148053406,5.1
0.0,0.0
0.0,0.0
7.031383225726069,6.9
0.0,0.0
5.943007143788078,6.3
5.98793444659645,5.5
0.0,0.0
6.139871427627938,7.0
5.821553155953855,5.4
0.0,0.0
6.268268474229896,5.9
5.884944430108018,6.3
0.0,0.0
6.322306836796495,5.5
6.29846005796115,7.0
5.997527533022938,5.2
0.0,0.0
7.1195338043447824,7.9
0.0,0.0
0.0,0.0
6.273632362735753,5.9
7.170791395086318,6.5
6.841285331931424,6.6
0.0,0.0
6.119028848417437,6.9
5.847556903031682,6.3
5.83850458403373,6.8
6.384851714469163,6.6
6.537277303792767,6.5
5.857610346307919,5.2
0.0,0.0
0.0,0.0
5.975266137801385,5.0
6.0782312898866,5.7
5.901873550070308,6.1
6.142499473380143,7.2
6.0971069830984455,5.9
6.372117063625138,7.3
0.0,0.0
6.471683680752657,6.7
6.618323592790634,7.2
6.082220934527053,6.1
6.033691565954548,5.5
0.0,0.0
6.520239884936302,5.8
0.0,0.0
0.0,0.0
6.767697900694492,6.9
6.954580594082854,5.8
6.100851287536915,5.6
0.0,0.0
5.85986844629682,6.5
0.0,0.0
0.0,0.0
5.837936114713389,5.4
0.0,0.0
5.772116217142567,5.4
5.815592905046151,5.6
5.875390844341413,5.6
5.806082260873316,5.3
6.312548897179581,6.0
0.0,0.0
6.088377126488508,6.6
0.0,0.0
6.842678010196814,8.1
0.0,0.0
5.977545871974352,5.6
0.0,0.0
5.804208071124633,4.5
5.9949559302641084,5.1
6.636653589367219,5.6
6.4557057402643006,6.2
6.811615611290552,7.9
0.0,0.0
5.827873116087794,6.9
0.0,0.0
