Id,player_rating
M00001_P00055,5.7863217620545235
M00001_P00057,0.0
M00001_P00059,6.308839580870782
M00001_P00064,0.0
M00001_P00066,7.358243483033471
M00001_P00071,6.412789941514842
M00001_P00077,0.0
M00001_P01223,0.0
M00001_P01234,0.0
M00001_P01236,0.0
M00001_P01241,6.210376217089453
M00001_P01242,0.0
M00002_P00136,7.258656915875875
M00002_P00141,6.905792921652996
M00002_P00148,0.0
M00002_P00156,6.267555662103064
M00002_P00625,0.0
M00002_P00630,6.105149149042219
M00002_P00632,6.399420376080999
M00002_P00635,6.339034013286914
M00002_P00644,0.0
M00002_P00645,0.0
M00002_P00650,6.509074300039949
M00003_P01020,6.714296712718093
M00003_P01034,6.027581256594124
M00003_P01037,6.029620662951357
M00003_P01038,6.1093886811929465
M00003_P01041,5.870825723300387
M00003_P01042,0.0
M00003_P01048,6.066688000462292
M00003_P01049,0.0
M00003_P01051,0.0
M00003_P01055,0.0
M00003_P01063,6.107150406118331
M00003_P01064,5.888558708942481
M00004_P00108,0.0
M00004_P00110,0.0
M00004_P00114,7.263120119388152
M00004_P00124,6.230872141100728
M00004_P00129,5.8706362439200355
M00004_P01177,6.269167969710372
M00004_P01182,6.067605007818361
M00004_P01184,0.0
M00004_P01193,6.053950454637507
M00004_P01196,6.827584209967923
M00005_P00136,7.092121982486282
M00005_P00141,7.078198798819199
M00005_P00148,0.0
M00005_P00156,0.0
M00005_P00478,5.878120680110974
M00005_P00479,6.827452414949155
M00005_P00486,0.0
M00005_P00491,0.0
M00006_P00443,0.0
M00006_P00448,6.089662602543196
M00006_P00452,0.0
M00006_P00462,6.489837791436898
M00006_P00463,6.785367783628558
M00006_P00465,6.344632652965121
M00006_P00468,6.327312256615078
M00006_P00625,0.0
M00006_P00630,0.0
M00006_P00632,6.326002951486152
M00006_P00635,6.291182192577482
M00006_P00644,6.087407074734587
M00006_P00645,0.0
M00006_P00650,6.045643518923694
M00007_P00266,6.033514788026642
M00007_P00271,6.329424441155368
M00007_P00278,6.753090916645735
M00007_P00286,0.0
M00007_P00625,0.0
M00007_P00630,0.0
M00007_P00632,6.37252221288513
M00007_P00635,6.5522510007351915
M00007_P00644,0.0
M00007_P00645,6.912143274008439
M00007_P00650,6.260194266794471
M00008_P00443,6.2236714416823204
M00008_P00448,0.0
M00008_P00452,0.0
M00008_P00462,6.755883069522741
M00008_P00463,0.0
M00008_P00465,6.3564919770203945
M00008_P00468,6.382054697815979
M00008_P01099,6.295891340261462
M00008_P01107,6.073503312336548
M00008_P01108,0.0
M00008_P01109,0.0
M00008_P01114,6.393723432853059
M00008_P01118,6.3891293459690575
M00009_P00991,0.0
M00009_P00993,5.865615258373039
M00009_P00997,5.8562816713263555
M00009_P01000,0.0
M00009_P01010,6.272245972996259
M00009_P01070,0.0
M00009_P01074,0.0
M00009_P01082,0.0
M00010_P00266,0.0
M00010_P00271,6.259554589037464
M00010_P00278,0.0
M00010_P00286,0.0
M00010_P00782,0.0
M00010_P00786,0.0
M00010_P00788,6.921869563856805
M00010_P00797,6.510027314277657
M00010_P00803,6.3360927243259395
M00011_P01041,0.0
M00011_P01042,0.0
M00011_P01048,0.0
M00011_P01049,7.0993554911028545
M00011_P01051,6.1633018918303515
M00011_P01055,5.903916387478479
M00011_P01063,6.027710899586204
M00011_P01064,0.0
M00011_P01177,0.0
M00011_P01182,6.072376312019536
M00011_P01184,6.226306507304298
M00011_P01193,6.0968911257763825
M00011_P01196,0.0
M00012_P00529,6.154709677732373
M00012_P00535,6.011094444013033
M00012_P00536,6.100521914101308
M00012_P00542,0.0
M00012_P00543,0.0
M00012_P01120,0.0
M00013_P00055,5.853636484912105
M00013_P00057,5.835051259683514
M00013_P00059,0.0
M00013_P00064,0.0
M00013_P00066,0.0
M00013_P00071,6.271580066587856
M00013_P00077,6.752482411715296
M00013_P00368,5.9561661069028995
M00013_P00372,0.0
M00013_P00378,0.0
M00013_P00382,0.0
M00013_P00383,5.907854493439921
M00014_P00108,5.872859099255462
M00014_P00110,0.0
M00014_P00114,7.130773337794504
M00014_P00124,0.0
M00014_P00129,0.0
M00014_P00443,0.0
M00014_P00448,5.877334365825263
M00014_P00452,0.0
M00014_P00462,6.230666353687192
M00014_P00463,0.0
M00014_P00465,6.051275900514767
M00014_P00468,6.402150731240387
M00015_P00345,5.888621704302568
M00015_P00347,6.235662912117662
M00015_P00351,0.0
M00015_P00353,5.895504947519762
M00015_P00359,6.219759095821223
M00015_P00362,5.8834643960290425
M00015_P01099,6.185508159715029
M00015_P01107,5.866453073523387
M00015_P01108,0.0
M00015_P01109,6.5813811663103055
M00015_P01114,0.0
M00015_P01118,0.0
M00016_P00761,0.0
M00016_P00772,5.873907840920224
M00016_P01070,6.012279398371698
M00016_P01074,6.2084854696904275
M00016_P01082,0.0
M00017_P00209,0.0
M00017_P00210,0.0
M00017_P00211,5.866377795065035
M00017_P00219,0.0
M00017_P00221,0.0
M00017_P00222,6.2373057073624745
M00017_P00232,6.248185775844816
M00017_P00234,7.0667497473436
M00017_P00423,6.733674339911436
M00017_P00424,0.0
M00017_P00425,0.0
M00017_P00426,5.888215933124683
M00017_P00431,0.0
M00017_P00436,0.0
M00017_P00440,6.360081090703231
M00018_P00965,0.0
M00018_P00966,0.0
M00018_P00975,0.0
M00018_P00978,7.0382665272383775
M00018_P00980,6.348936861853881
M00018_P00986,7.036803135021187
M00018_P01223,5.881874367782404
M00018_P01234,6.423531909462699
M00018_P01236,0.0
M00018_P01241,6.259932425697053
M00018_P01242,5.984125890424799
M00019_P00368,5.981416354666001
M00019_P00372,6.895277551633891
M00019_P00378,5.980205543574301
M00019_P00382,0.0
M00019_P00383,5.87983907264802
M00019_P00611,6.040419035558437
M00019_P00618,6.866646810724855
M00019_P00619,0.0
M00019_P00622,6.315164518270118
M00020_P00079,6.781504872040485
M00020_P00082,6.231897387684361
M00020_P00087,6.145104551613835
M00020_P00097,6.388350855459603
M00020_P00102,0.0
M00020_P00136,6.925371300775045
M00020_P00141,6.781175292014238
M00020_P00148,5.873187963134582
M00020_P00156,6.2051200370393
M00021_P00266,0.0
M00021_P00271,0.0
M00021_P00278,6.860219338063151
M00021_P00286,6.238121072677235
M00021_P01041,6.072581473071606
M00021_P01042,0.0
M00021_P01048,0.0
M00021_P01049,7.211615804946447
M00021_P01051,6.327358972921308
M00021_P01055,0.0
M00021_P01063,6.042828906610427
M00021_P01064,0.0
M00022_P00108,5.950854010215306
M00022_P00110,6.051327646279006
M00022_P00114,0.0
M00022_P00124,0.0
M00022_P00129,6.102184883293233
M00022_P00991,0.0
M00022_P00993,5.894585270458369
M00022_P00997,0.0
M00022_P01000,6.258945614488313
M00022_P01010,6.378707834781007
M00023_P00761,0.0
M00023_P00772,5.878646932984224
M00023_P00991,0.0
M00023_P00993,5.80203306263357
M00023_P00997,0.0
M00023_P01000,6.101878671542371
M00023_P01010,6.230685085660453
M00024_P00011,5.868284164462273
M00024_P00024,5.785181098224841
M00024_P00922,6.042922054991543
M00024_P00927,5.825924943024377
M00024_P00931,0.0
M00024_P00935,6.720499510849745
M00025_P00888,5.9636476562626735
M00025_P00889,5.860186345532615
M00025_P00893,5.905976111930366
M00025_P00894,0.0
M00025_P00895,6.374730869224815
M00025_P00901,6.940446549287619
M00025_P00909,6.2704628000174445
M00025_P01120,5.860814416072329
M00026_P00549,0.0
M00026_P00552,6.152592584400544
M00026_P00554,6.349026206486586
M00026_P00561,6.848621864523431
M00026_P00562,5.983315511178863
M00026_P00568,0.0
M00026_P01070,0.0
M00026_P01074,6.267992588145696
M00026_P01082,0.0
M00027_P00266,0.0
M00027_P00271,0.0
M00027_P00278,0.0
M00027_P00286,6.248222051449326
M00027_P00705,5.944717765019662
M00027_P00707,6.713581218182993
M00027_P00716,6.2481874053535735
M00027_P00718,0.0
M00027_P00724,5.958805198662842
M00027_P00728,6.310485938323154
M00028_P01201,6.166237593052069
M00028_P01209,0.0
M00028_P01210,5.882430170980515
M00028_P01211,6.760171424966953
M00028_P01214,5.866039538693097
M00028_P01223,0.0
M00028_P01234,6.785569033617424
M00028_P01236,6.0993116857509415
M00028_P01241,6.495218551075998
M00028_P01242,0.0
M00029_P00157,5.882751449723092
M00029_P00159,0.0
M00029_P00164,6.1975050995434815
M00029_P00169,5.865156319225887
M00029_P00171,0.0
M00029_P00175,0.0
M00029_P00835,0.0
M00029_P00840,6.266831793662276
M00029_P00844,5.982236010764592
M00029_P00847,0.0
M00029_P00848,6.168336700056055
M00029_P00856,0.0
M00030_P00835,0.0
M00030_P00840,5.87500308987878
M00030_P00844,0.0
M00030_P00847,5.868826713150068
M00030_P00848,5.966300900675087
M00030_P00856,0.0
M00030_P01041,6.014803329728128
M00030_P01042,0.0
M00030_P01048,0.0
M00030_P01049,0.0
M00030_P01051,0.0
M00030_P01055,5.993270754654515
M00030_P01063,6.050887255342754
M00030_P01064,0.0
M00031_P00241,0.0
M00031_P00244,0.0
M00031_P00245,6.486457924836674
M00031_P00248,6.324098923184858
M00031_P00255,7.2073452260073365
M00031_P00260,0.0
M00031_P00625,0.0
M00031_P00630,0.0
M00031_P00632,6.256793893671731
M00031_P00635,6.086158729770149
M00031_P00644,6.1708914284143495
M00031_P00645,6.780213407863207
M00031_P00650,6.580131067962122
M00032_P00863,6.230371522441469
M00032_P00880,0.0
M00032_P00882,0.0
M00032_P00888,0.0
M00032_P00889,6.149843090936362
M00032_P00893,6.054136323497887
M00032_P00894,6.359853871658802
M00032_P00895,0.0
M00032_P00901,7.103691560196353
M00032_P00909,6.239009948411254
M00033_P00032,0.0
M00033_P00044,6.489745102148023
M00033_P00045,6.1569608202372414
M00033_P00050,5.972155495459437
M00033_P00052,0.0
M00033_P00807,6.173169925825351
M00033_P00812,0.0
M00033_P00819,0.0
M00033_P00826,6.142587756033532
M00033_P00827,6.375409462224791
M00034_P00391,0.0
M00034_P00399,5.962139934967328
M00034_P00410,6.325158193372834
M00034_P00416,6.3222994089388544
M00034_P00515,6.062355818405412
M00035_P00136,0.0
M00035_P00141,6.905039321323848
M00035_P00148,0.0
M00035_P00156,6.265143286766639
M00035_P00940,0.0
M00035_P00948,0.0
M00035_P00950,5.9833860412345885
M00035_P00951,6.200671913899213
M00035_P00959,6.2909387891377975
M00035_P00962,0.0
M00036_P00108,0.0
M00036_P00110,5.9829668672053
M00036_P00114,0.0
M00036_P00124,6.371004635059318
M00036_P00129,6.01961989431128
M00036_P00922,6.246263854755288
M00036_P00927,0.0
M00036_P00931,0.0
M00036_P00935,0.0
M00037_P00209,6.199920984936598
M00037_P00210,0.0
M00037_P00211,0.0
M00037_P00219,5.987026981814801
M00037_P00221,6.312032034420393
M00037_P00222,0.0
M00037_P00232,6.096913022016574
M00037_P00234,7.526884844551323
M00037_P01120,0.0
M00038_P00423,0.0
M00038_P00424,5.880595078059303
M00038_P00425,0.0
M00038_P00426,0.0
M00038_P00431,0.0
M00038_P00436,6.2311804409130085
M00038_P00440,0.0
M00038_P00888,6.170983429022287
M00038_P00889,6.043813883376789
M00038_P00893,6.0356013252710685
M00038_P00894,0.0
M00038_P00895,6.240786964069352
M00038_P00901,7.5470186628509435
M00038_P00909,0.0
M00039_P00345,6.017467795745112
M00039_P00347,6.386718086355864
M00039_P00351,6.245898125535873
M00039_P00353,6.1515921052005105
M00039_P00359,6.241115137206967
M00039_P00362,5.989853322432679
M00039_P00922,0.0
M00039_P00927,5.888975737313107
M00039_P00931,6.170815474789833
M00039_P00935,0.0
M00040_P00515,0.0
M00040_P01177,0.0
M00040_P01182,5.830565635115705
M00040_P01184,5.901639726717117
M00040_P01193,5.862548558806499
M00040_P01196,6.5218558795774575
M00041_P00732,6.152662320815692
M00041_P00738,0.0
M00041_P00742,0.0
M00041_P00744,0.0
M00041_P00747,7.081115613968596
M00041_P00753,6.264125997091713
M00041_P00888,5.866301589264313
M00041_P00889,6.015041303301023
M00041_P00893,5.807956561944601
M00041_P00894,6.23053484030942
M00041_P00895,6.1802344772872475
M00041_P00901,7.01886595266494
M00041_P00909,0.0
M00042_P00368,0.0
M00042_P00372,6.807815382404381
M00042_P00378,6.240347865465977
M00042_P00382,0.0
M00042_P00383,5.871869673358638
M00042_P00391,0.0
M00042_P00399,0.0
M00042_P00410,6.404726056794328
M00042_P00416,5.884896118330301
M00043_P00032,7.218845651024559
M00043_P00044,6.781877244137648
M00043_P00045,0.0
M00043_P00050,0.0
M00043_P00052,6.384402908078538
M00043_P00991,0.0
M00043_P00993,0.0
M00043_P00997,0.0
M00043_P01000,6.205263428808955
M00043_P01010,6.262647972412476
M00044_P00368,5.872767692082893
M00044_P00372,6.799218039114967
M00044_P00378,5.908093609755458
M00044_P00382,0.0
M00044_P00383,5.883680764339623
M00044_P00965,0.0
M00044_P00966,0.0
M00044_P00975,0.0
M00044_P00978,6.845828503547417
M00044_P00980,0.0
M00044_P00986,6.932194266821429
M00045_P01041,5.883654249476308
M00045_P01042,0.0
M00045_P01048,6.229694928506195
M00045_P01049,6.921715718313192
M00045_P01051,0.0
M00045_P01055,5.867104373041568
M00045_P01063,0.0
M00045_P01064,5.946136753206857
M00045_P01177,6.259993454915617
M00045_P01182,0.0
M00045_P01184,5.983294057395582
M00045_P01193,6.030955313628088
M00045_P01196,0.0
M00046_P00055,0.0
M00046_P00057,6.058417355004548
M00046_P00059,0.0
M00046_P00064,0.0
M00046_P00066,0.0
M00046_P00071,0.0
M00046_P00077,0.0
M00046_P00108,5.859744186758641
M00046_P00110,0.0
M00046_P00114,7.258030403187654
M00046_P00124,6.1445445706954525
M00046_P00129,6.248422682739289
M00047_P00391,0.0
M00047_P00399,6.1908813556823725
M00047_P00410,6.565879837726829
M00047_P00416,6.013167131010901
M00047_P00835,6.241521518476621
M00047_P00840,0.0
M00047_P00844,0.0
M00047_P00847,0.0
M00047_P00848,0.0
M00047_P00856,6.793863824230089
M00048_P00345,5.904922184705281
M00048_P00347,0.0
M00048_P00351,6.186552220150419
M00048_P00353,0.0
M00048_P00359,6.091111679052234
M00048_P00362,6.0134765040903435
M00048_P00922,0.0
M00048_P00927,0.0
M00048_P00931,5.857655887130198
M00048_P00935,0.0
M00049_P00391,0.0
M00049_P00399,6.342261396423968
M00049_P00410,6.081370395307196
M00049_P00416,6.424000066459347
M00049_P00807,0.0
M00049_P00812,7.430940949894793
M00049_P00819,5.950004786261721
M00049_P00826,0.0
M00049_P00827,6.919407180734479
M00050_P00157,5.895831557809386
M00050_P00159,0.0
M00050_P00164,0.0
M00050_P00169,0.0
M00050_P00171,6.057165512237065
M00050_P00175,6.318712596585496
M00050_P00185,5.991036641688666
M00050_P00193,6.335378818869051
M00050_P00197,5.864965933467886
M00050_P00199,0.0
M00050_P00200,5.951055906106898
M00051_P00574,0.0
M00051_P00579,5.971030668174593
M00051_P00582,0.0
M00051_P00584,6.24113436473288
M00051_P00586,0.0
M00051_P00590,6.799401340220849
M00051_P00732,0.0
M00051_P00738,6.066913352374572
M00051_P00742,6.327433252815614
M00051_P00744,6.0330812428455936
M00051_P00747,0.0
M00051_P00753,6.1556167967010476
M00052_P00079,6.398895115612079
M00052_P00082,6.093569570637796
M00052_P00087,0.0
M00052_P00097,6.2439685610771605
M00052_P00102,5.993736617251336
M00052_P01201,5.964847618037085
M00052_P01209,0.0
M00052_P01210,0.0
M00052_P01211,6.753624758200304
M00052_P01214,0.0
M00053_P00079,0.0
M00053_P00082,6.232320385196017
M00053_P00087,5.868006642418227
M00053_P00097,0.0
M00053_P00102,5.874279641771937
M00053_P00678,0.0
M00053_P00679,0.0
M00053_P00680,0.0
M00053_P00681,6.354822519745944
M00053_P00683,0.0
M00053_P00694,0.0
M00054_P00157,0.0
M00054_P00159,0.0
M00054_P00164,6.296020496759405
M00054_P00169,0.0
M00054_P00171,6.483101919846682
M00054_P00175,5.963994507803185
M00054_P00423,0.0
M00054_P00424,0.0
M00054_P00425,6.239862187094171
M00054_P00426,5.881571672895931
M00054_P00431,5.838050014468009
M00054_P00436,6.25189094166603
M00054_P00440,5.899581728642407
M00055_P00732,6.058823749442779
M00055_P00738,5.983516055321106
M00055_P00742,0.0
M00055_P00744,0.0
M00055_P00747,0.0
M00055_P00753,6.064078882978408
M00055_P00888,0.0
M00055_P00889,5.8869681763153014
M00055_P00893,5.829191491749596
M00055_P00894,0.0
M00055_P00895,6.248179912609984
M00055_P00901,7.304320573840958
M00055_P00909,6.304468855615178
M00056_P00287,0.0
M00056_P00290,5.958487207630385
M00056_P00291,0.0
M00056_P00295,7.2061047143071075
M00056_P00297,5.945605208469395
M00056_P00298,0.0
M00056_P00299,0.0
M00056_P00304,6.207273928841201
M00056_P00307,6.405348310607855
M00056_P00309,6.3910853497559055
M00056_P00310,6.290430440188471
M00056_P00478,0.0
M00056_P00479,6.511732911861338
M00056_P00486,0.0
M00056_P00491,0.0
M00057_P00108,6.096226428229985
M00057_P00110,6.031647708900878
M00057_P00114,0.0
M00057_P00124,6.350400897874428
M00057_P00129,6.019667453321594
M00057_P00761,0.0
M00057_P00772,6.270711229582312
M00058_P00079,0.0
M00058_P00082,6.354196871912607
M00058_P00087,6.061963605603505
M00058_P00097,6.3615094560377505
M00058_P00102,6.055642027949761
M00058_P01099,6.232081228161423
M00058_P01107,5.840431482804191
M00058_P01108,6.735925748734392
M00058_P01109,0.0
M00058_P01114,6.252198904287995
M00058_P01118,0.0
M00059_P00136,0.0
M00059_P00141,7.125650545181006
M00059_P00148,6.074318257422589
M00059_P00156,0.0
M00059_P00423,0.0
M00059_P00424,0.0
M00059_P00425,6.233111862133703
M00059_P00426,5.877814561214755
M00059_P00431,5.899987754337331
M00059_P00436,0.0
M00059_P00440,5.877698920718191
M00060_P00782,0.0
M00060_P00786,0.0
M00060_P00788,6.7679551126536674
M00060_P00797,6.378782544011964
M00060_P00803,6.57883377136501
M00060_P00807,6.230177823335936
M00060_P00812,7.21431805386731
M00060_P00819,6.2673436464256245
M00060_P00826,0.0
M00060_P00827,6.762346389289065
M00061_P00079,0.0
M00061_P00082,6.204710001385599
M00061_P00087,5.894632505430143
M00061_P00097,0.0
M00061_P00102,5.960530557911992
M00061_P00287,5.877559279396726
M00061_P00290,0.0
M00061_P00291,5.8333130485080895
M00061_P00295,6.923404047478216
M00061_P00297,5.7871167448021525
M00061_P00298,0.0
M00061_P00299,5.494263160157278
M00061_P00304,5.861861253677469
M00061_P00307,0.0
M00061_P00309,0.0
M00061_P00310,6.333076030186082
M00062_P00423,0.0
M00062_P00424,5.804450055595729
M00062_P00425,6.139298476493792
M00062_P00426,5.863709320434531
M00062_P00431,0.0
M00062_P00436,6.1699811315234
M00062_P00440,5.899637321590937
M00062_P00625,0.0
M00062_P00630,0.0
M00062_P00632,6.2309360632289
M00062_P00635,6.246097138289388
M00062_P00644,6.322085275088235
M00062_P00645,6.888628705258307
M00062_P00650,6.317146605129101
M00063_P00478,6.181308005834078
M00063_P00479,7.2312387739552575
M00063_P00486,6.387413655046802
M00063_P00491,0.0
M00063_P00732,5.814063588256363
M00063_P00738,5.8730090970640365
M00063_P00742,6.238578274637302
M00063_P00744,0.0
M00063_P00747,7.230672913144582
M00063_P00753,6.519003412775417
M00064_P00241,5.808178519327043
M00064_P00244,5.902929524251777
M00064_P00245,0.0
M00064_P00248,0.0
M00064_P00255,7.404412746985029
M00064_P00260,6.813254859481699
M00064_P00345,6.040046563735095
M00064_P00347,0.0
M00064_P00351,6.232746721595959
M00064_P00353,6.013837335771041
M00064_P00359,6.925548620043788
M00064_P00362,6.062909507425376
M00065_P00079,6.783160351833915
M00065_P00082,0.0
M00065_P00087,5.8603483809392545
M00065_P00097,6.088021570385832
M00065_P00102,6.365712745893348
M00065_P00991,0.0
M00065_P00993,5.82825566562453
M00065_P00997,5.884335322645466
M00065_P01000,0.0
M00065_P01010,6.24155306581843
M00066_P00529,0.0
M00066_P00535,0.0
M00066_P00536,6.090737883550931
M00066_P00542,6.089526457930988
M00066_P00543,0.0
M00066_P01223,0.0
M00066_P01234,6.847897003400772
M00066_P01236,5.856934386157811
M00066_P01241,0.0
M00066_P01242,5.872850270889789
M00067_P00782,0.0
M00067_P00786,0.0
M00067_P00788,6.908982464873233
M00067_P00797,0.0
M00067_P00803,6.28838681761146
M00067_P00965,0.0
M00067_P00966,5.888007515756285
M00067_P00975,6.9198204467181865
M00067_P00978,0.0
M00067_P00980,6.271775723218102
M00067_P00986,0.0
M00068_P00079,6.350389978597391
M00068_P00082,6.089539389423169
M00068_P00087,5.870680762810793
M00068_P00097,6.318477048604347
M00068_P00102,0.0
M00068_P00863,6.058704760991785
M00068_P00880,6.3848065931277524
M00068_P00882,7.41978188753393
M00069_P00108,0.0
M00069_P00110,0.0
M00069_P00114,0.0
M00069_P00124,6.236752379039234
M00069_P00129,5.896183753026235
M00069_P01020,6.793114235110117
M00069_P01034,5.797492637308403
M00069_P01037,5.884856116168916
M00069_P01038,5.869479259687021
M00070_P00185,6.138466281390235
M00070_P00193,0.0
M00070_P00197,6.085102374503369
M00070_P00199,5.992338216443011
M00070_P00200,6.054675866945147
M00070_P00655,0.0
M00070_P00662,5.906218841469445
M00070_P00666,0.0
M00070_P00668,5.848191900071404
M00070_P00669,0.0
M00070_P00673,6.267318431349218
M00070_P00674,5.974309352464651
M00071_P00965,0.0
M00071_P00966,5.879621030329309
M00071_P00975,0.0
M00071_P00978,6.786506762991835
M00071_P00980,6.3041259832064815
M00071_P00986,7.037173173134021
M00071_P01020,0.0
M00071_P01034,5.95941187191113
M00071_P01037,5.971650490029935
M00071_P01038,0.0
M00072_P00678,0.0
M00072_P00679,0.0
M00072_P00680,6.02034140761349
M00072_P00681,0.0
M00072_P00683,0.0
M00072_P00694,6.322746638168958
M00072_P01120,6.299198529476777
M00073_P00345,6.072549157515146
M00073_P00347,6.231904368399771
M00073_P00351,6.379390630259544
M00073_P00353,5.9864091181726025
M00073_P00359,6.243200873188534
M00073_P00362,6.415770204064842
M00073_P00423,6.7700111690375
M00073_P00424,5.858963128505259
M00073_P00425,6.238321921931944
M00073_P00426,5.866554780333772
M00073_P00431,5.835412739847171
M00073_P00436,0.0
M00073_P00440,0.0
M00074_P00391,0.0
M00074_P00399,6.26434069220976
M00074_P00410,6.495546030185684
M00074_P00416,6.210001965106855
M00074_P00443,6.349136413295433
M00074_P00448,0.0
M00074_P00452,5.882515643334736
M00074_P00462,6.385920345919779
M00074_P00463,0.0
M00074_P00465,6.261048936866531
M00074_P00468,6.241110849795453
M00075_P01070,5.88499826520145
M00075_P01074,0.0
M00075_P01082,0.0
M00075_P01099,6.329377565471678
M00075_P01107,5.821219725280972
M00075_P01108,6.806153875924153
M00075_P01109,6.235818643955532
M00075_P01114,6.0759305367157435
M00075_P01118,0.0
M00076_P00108,0.0
M00076_P00110,5.9061988003314285
M00076_P00114,7.552730157534751
M00076_P00124,0.0
M00076_P00129,6.079375193684494
M00076_P00529,5.797343686309743
M00076_P00535,0.0
M00076_P00536,5.870999781749822
M00076_P00542,0.0
M00076_P00543,6.313878802795475
M00077_P00940,6.160564605462007
M00077_P00948,6.390188465606036
M00077_P00950,6.302498559674386
M00077_P00951,6.432326058616084
M00077_P00959,0.0
M00077_P00962,6.559727577182315
M00077_P01020,0.0
M00077_P01034,0.0
M00077_P01037,5.89541953081532
M00077_P01038,5.865382639958719
M00078_P00345,5.875207938493857
M00078_P00347,6.244893009246664
M00078_P00351,6.34821941380523
M00078_P00353,5.944852962282701
M00078_P00359,6.182632579360708
M00078_P00362,0.0
M00078_P00888,5.968068152662068
M00078_P00889,0.0
M00078_P00893,5.881456595330684
M00078_P00894,0.0
M00078_P00895,0.0
M00078_P00901,0.0
M00078_P00909,6.514905096852931
M00079_P00209,5.905218046748226
M00079_P00210,0.0
M00079_P00211,0.0
M00079_P00219,5.8596173445237145
M00079_P00221,6.34095106299265
M00079_P00222,6.386763046168448
M00079_P00232,0.0
M00079_P00234,0.0
M00079_P00611,6.1441855140908395
M00079_P00618,0.0
M00079_P00619,0.0
M00079_P00622,0.0
M00080_P00478,0.0
M00080_P00479,6.594751037369965
M00080_P00486,6.251806588465189
M00080_P00491,5.895228962422408
M00080_P00611,5.867380399384921
M00080_P00618,6.303448886940873
M00080_P00619,5.871762964541276
M00080_P00622,5.898321970615961
M00081_P00888,6.043607157302243
M00081_P00889,6.093996969912829
M00081_P00893,6.08119075711426
M00081_P00894,6.323014017705271
M00081_P00895,0.0
M00081_P00901,7.213108876624487
M00081_P00909,0.0
M00081_P01201,5.840269874881142
M00081_P01209,0.0
M00081_P01210,0.0
M00081_P01211,6.363595998014118
M00081_P01214,0.0
M00082_P00922,0.0
M00082_P00927,0.0
M00082_P00931,0.0
M00082_P00935,0.0
M00082_P01099,6.1656592711883995
M00082_P01107,0.0
M00082_P01108,0.0
M00082_P01109,6.1780356127485145
M00082_P01114,6.519510062986082
M00082_P01118,6.267337013590078
M00083_P00209,6.02635588049023
M00083_P00210,0.0
M00083_P00211,0.0
M00083_P00219,0.0
M00083_P00221,0.0
M00083_P00222,6.349620441738051
M00083_P00232,5.864281160798035
M00083_P00234,0.0
M00083_P00443,0.0
M00083_P00448,5.989686042491138
M00083_P00452,0.0
M00083_P00462,0.0
M00083_P00463,6.367599609561638
M00083_P00465,6.387619897623585
M00083_P00468,6.321961811465884
M00084_P00922,6.354928542203492
M00084_P00927,5.985091139371239
M00084_P00931,0.0
M00084_P00935,6.234405970403791
M00084_P01223,0.0
M00084_P01234,6.746444128736457
M00084_P01236,5.992914981279862
M00084_P01241,0.0
M00084_P01242,6.035107900558904
M00085_P00478,5.8938061791779415
M00085_P00479,6.788083888891318
M00085_P00486,6.334078548778207
M00085_P00491,6.047454445068688
M00085_P01020,6.389887156001967
M00085_P01034,5.721446277181682
M00085_P01037,5.849086363098829
M00085_P01038,5.8708416922479945
M00086_P00345,0.0
M00086_P00347,6.56631568349283
M00086_P00351,0.0
M00086_P00353,6.104229747226709
M00086_P00359,0.0
M00086_P00362,0.0
M00086_P01146,0.0
M00086_P01157,5.823630925393495
M00086_P01166,6.793531686359567
M00086_P01169,5.885950393853676
M00087_P00807,0.0
M00087_P00812,7.256305811003268
M00087_P00819,6.254310856168518
M00087_P00826,0.0
M00087_P00827,7.075700015934482
M00087_P00835,0.0
M00087_P00840,0.0
M00087_P00844,0.0
M00087_P00847,5.97150132278779
M00087_P00848,0.0
M00087_P00856,0.0
M00088_P00136,0.0
M00088_P00141,7.0751078535887935
M00088_P00148,5.987413738526017
M00088_P00156,6.1737917129156274
M00088_P01070,6.169707942099557
M00088_P01074,0.0
M00088_P01082,6.071617953494519
M00089_P00011,0.0
M00089_P00024,0.0
M00089_P00055,0.0
M00089_P00057,0.0
M00089_P00059,6.24873092605991
M00089_P00064,5.816516613341421
M00089_P00066,0.0
M00089_P00071,6.32955131175396
M00089_P00077,0.0
M00090_P00423,0.0
M00090_P00424,5.878325123092335
M00090_P00425,6.268043342637236
M00090_P00426,5.8601385619407935
M00090_P00431,5.824834464861349
M00090_P00436,6.319568818040494
M00090_P00440,6.21595878304101
M00090_P01041,0.0
M00090_P01042,5.819981957399841
M00090_P01048,6.225257792942203
M00090_P01049,0.0
M00090_P01051,6.267767218952229
M00090_P01055,0.0
M00090_P01063,5.855452908460317
M00090_P01064,5.790230746501341
M00091_P00922,6.386114780169763
M00091_P00927,6.068316530310251
M00091_P00931,6.172755373831633
M00091_P00935,6.9091807282312
M00091_P01201,0.0
M00091_P01209,5.8682152895147
M00091_P01210,0.0
M00091_P01211,6.781041965146549
M00091_P01214,0.0
M00092_P00108,5.874760647289542
M00092_P00110,0.0
M00092_P00114,7.218007362879558
M00092_P00124,6.257628585417412
M00092_P00129,0.0
M00092_P00185,0.0
M00092_P00193,6.179744674202058
M00092_P00197,0.0
M00092_P00199,5.868616323109093
M00092_P00200,5.771586947471934
M00093_P00055,0.0
M00093_P00057,5.894562584586838
M00093_P00059,0.0
M00093_P00064,0.0
M00093_P00066,7.2307516209578795
M00093_P00071,0.0
M00093_P00077,6.311051115163644
M00093_P00888,6.0660322978298
M00093_P00889,6.150427273708395
M00093_P00893,5.993410984533267
M00093_P00894,6.42202919417977
M00093_P00895,6.324151457512357
M00093_P00901,0.0
M00093_P00909,0.0
M00094_P00209,0.0
M00094_P00210,7.119855133577003
M00094_P00211,0.0
M00094_P00219,0.0
M00094_P00221,0.0
M00094_P00222,6.331467208967031
M00094_P00232,0.0
M00094_P00234,0.0
M00094_P00705,0.0
M00094_P00707,6.381681543396056
M00094_P00716,6.035587440651231
M00094_P00718,6.90328098689784
M00094_P00724,0.0
M00094_P00728,6.422020589558485
M00095_P00055,0.0
M00095_P00057,0.0
M00095_P00059,0.0
M00095_P00064,0.0
M00095_P00066,0.0
M00095_P00071,0.0
M00095_P00077,0.0
M00095_P00611,6.155663915962746
M00095_P00618,0.0
M00095_P00619,6.146033977268543
M00095_P00622,0.0
M00096_P00391,0.0
M00096_P00399,6.330728181857923
M00096_P00410,0.0
M00096_P00416,6.270657477088988
M00096_P01120,0.0
M00097_P00574,0.0
M00097_P00579,6.230244363768334
M00097_P00582,0.0
M00097_P00584,0.0
M00097_P00586,5.8618539581274645
M00097_P00590,6.595884381291569
M00097_P00940,5.863753415782424
M00097_P00948,0.0
M00097_P00950,6.187668551362544
M00097_P00951,0.0
M00097_P00959,0.0
M00097_P00962,7.302124823578621
M00098_P00266,6.770403882941816
M00098_P00271,6.253466860597691
M00098_P00278,0.0
M00098_P00286,0.0
M00098_P00391,5.813490563322108
M00098_P00399,6.1894254405472635
M00098_P00410,0.0
M00098_P00416,6.221486345459595
M00099_P00032,6.771168898084704
M00099_P00044,0.0
M00099_P00045,0.0
M00099_P00050,5.867400757681628
M00099_P00052,0.0
M00099_P00313,0.0
M00099_P00324,0.0
M00099_P00329,6.19833758731123
M00099_P00333,6.721065482293695
M00099_P00334,6.355321753045408
M00100_P00678,0.0
M00100_P00679,0.0
M00100_P00680,6.040229176644125
M00100_P00681,0.0
M00100_P00683,0.0
M00100_P00694,0.0
M00100_P01120,0.0
M00101_P00266,6.361461674806007
M00101_P00271,6.262599502144869
M00101_P00278,0.0
M00101_P00286,6.237453960175387
M00101_P00443,0.0
M00101_P00448,5.841437307414806
M00101_P00452,5.828854018971334
M00101_P00462,6.384113787584546
M00101_P00463,6.166175616330417
M00101_P00465,0.0
M00101_P00468,6.185167844841021
M00102_P00055,0.0
M00102_P00057,6.235709412176521
M00102_P00059,6.2313259336641895
M00102_P00064,5.865146439949345
M00102_P00066,0.0
M00102_P00071,0.0
M00102_P00077,6.291479671298288
M00102_P00625,0.0
M00102_P00630,5.895850102939256
M00102_P00632,6.303344702704439
M00102_P00635,0.0
M00102_P00644,0.0
M00102_P00645,0.0
M00102_P00650,6.069551651705392
M00103_P00313,6.498295964729886
M00103_P00324,6.768061398106098
M00103_P00329,5.988117447664942
M00103_P00333,6.1982850465639965
M00103_P00334,6.3905942686788375
M00103_P00782,6.234036900644883
M00103_P00786,0.0
M00103_P00788,0.0
M00103_P00797,0.0
M00103_P00803,6.186269870543158
M00104_P00368,5.862879146172478
M00104_P00372,6.38871431113077
M00104_P00378,0.0
M00104_P00382,5.887848573858271
M00104_P00383,5.903422289060449
M00104_P00391,0.0
M00104_P00399,0.0
M00104_P00410,6.75593602855558
M00104_P00416,6.36182325306011
M00105_P00549,0.0
M00105_P00552,5.903391637654489
M00105_P00554,6.162361391445291
M00105_P00561,0.0
M00105_P00562,5.88098093745625
M00105_P00568,5.905770300089427
M00105_P00655,0.0
M00105_P00662,6.077279399716382
M00105_P00666,0.0
M00105_P00668,6.146953417743675
M00105_P00669,6.151964192564332
M00105_P00673,6.407492303551744
M00105_P00674,0.0
M00106_P00443,0.0
M00106_P00448,0.0
M00106_P00452,0.0
M00106_P00462,6.579105927489153
M00106_P00463,6.374532079555635
M00106_P00465,0.0
M00106_P00468,6.383715387156594
M00106_P00611,5.903135741515181
M00106_P00618,6.2394297638429865
M00106_P00619,5.876629342680619
M00106_P00622,5.908373066810421
M00107_P00888,5.87994048824139
M00107_P00889,5.822022278143155
M00107_P00893,6.52979770516134
M00107_P00894,0.0
M00107_P00895,0.0
M00107_P00901,7.200264562594114
M00107_P00909,6.548934410509855
M00107_P01120,0.0
M00108_P00185,0.0
M00108_P00193,6.3015862484476015
M00108_P00197,0.0
M00108_P00199,0.0
M00108_P00200,5.875369661278607
M00108_P00443,0.0
M00108_P00448,0.0
M00108_P00452,0.0
M00108_P00462,6.353411434310042
M00108_P00463,6.734661994499436
M00108_P00465,6.100657813258953
M00108_P00468,0.0
M00109_P00055,5.850963502494887
M00109_P00057,0.0
M00109_P00059,6.291158805033744
M00109_P00064,5.822210992201207
M00109_P00066,0.0
M00109_P00071,6.303968005922724
M00109_P00077,6.363029480878182
M00109_P00185,6.0832688667734365
M00109_P00193,6.25263486014605
M00109_P00197,0.0
M00109_P00199,0.0
M00109_P00200,5.962822395862177
M00110_P00574,6.045436699780099
M00110_P00579,0.0
M00110_P00582,6.3398402373409555
M00110_P00584,6.335451078994146
M00110_P00586,6.151965008235661
M00110_P00590,7.029569861909869
M00110_P01223,0.0
M00110_P01234,6.525100616627092
M00110_P01236,5.863338493113454
M00110_P01241,6.250232764428968
M00110_P01242,5.871208508076052
M00111_P00705,5.877148895401451
M00111_P00707,0.0
M00111_P00716,6.266760788113147
M00111_P00718,6.397654625191036
M00111_P00724,6.195111310502786
M00111_P00728,6.711115811012445
M00111_P01020,6.8180833763030835
M00111_P01034,6.044527514146191
M00111_P01037,6.090788544413076
M00111_P01038,0.0
M00112_P00625,6.197954813312409
M00112_P00630,5.859038415048975
M00112_P00632,6.21198282718577
M00112_P00635,6.219734664352595
M00112_P00644,0.0
M00112_P00645,0.0
M00112_P00650,6.231090843798473
M00112_P00965,0.0
M00112_P00966,0.0
M00112_P00975,6.782775144678805
M00112_P00978,6.823301579939144
M00112_P00980,0.0
M00112_P00986,0.0
M00113_P00055,0.0
M00113_P00057,0.0
M00113_P00059,6.330454375651873
M00113_P00064,0.0
M00113_P00066,7.344814232762576
M00113_P00071,0.0
M00113_P00077,6.406610466261382
M00113_P01201,5.858006890802404
M00113_P01209,5.89048092468187
M00113_P01210,5.861278294468378
M00113_P01211,6.782025171950702
M00113_P01214,5.8612894978193
M00114_P00863,5.850750860707342
M00114_P00880,6.0680692186981755
M00114_P00882,0.0
M00114_P00922,6.362707051362184
M00114_P00927,5.9883755991911745
M00114_P00931,6.168252683485287
M00114_P00935,0.0
M00115_P00611,6.094802228132872
M00115_P00618,6.3260724045905885
M00115_P00619,0.0
M00115_P00622,0.0
M00115_P00732,0.0
M00115_P00738,0.0
M00115_P00742,6.564537154060075
M00115_P00744,0.0
M00115_P00747,7.099173850007179
M00115_P00753,5.987541754316781
M00116_P00529,0.0
M00116_P00535,5.7964291166634165
M00116_P00536,5.888436256205751
M00116_P00542,0.0
M00116_P00543,0.0
M00116_P01020,0.0
M00116_P01034,5.813343536296632
M00116_P01037,0.0
M00116_P01038,5.882418924023278
M00117_P00515,0.0
M00117_P01201,6.098485272750314
M00117_P01209,6.019459680073028
M00117_P01210,0.0
M00117_P01211,6.7867087937007415
M00117_P01214,0.0
M00118_P00678,0.0
M00118_P00679,0.0
M00118_P00680,6.012512521472068
M00118_P00681,5.895366939017786
M00118_P00683,6.268486736987403
M00118_P00694,0.0
M00118_P01099,6.241055990108885
M00118_P01107,0.0
M00118_P01108,6.778295050261346
M00118_P01109,0.0
M00118_P01114,0.0
M00118_P01118,0.0
M00119_P00478,0.0
M00119_P00479,0.0
M00119_P00486,6.573069928951491
M00119_P00491,5.892695841336963
M00119_P01146,7.061326507905433
M00119_P01157,0.0
M00119_P01166,6.552187350192297
M00119_P01169,5.961388979389111
M00120_P00313,6.188601338825703
M00120_P00324,6.503230301428943
M00120_P00329,5.875182808559509
M00120_P00333,6.5764923297475235
M00120_P00334,0.0
M00120_P00705,0.0
M00120_P00707,6.378035250775021
M00120_P00716,6.186333193276557
M00120_P00718,0.0
M00120_P00724,5.883968313876302
M00120_P00728,5.982203773169561
M00121_P00287,0.0
M00121_P00290,0.0
M00121_P00291,5.887311554563164
M00121_P00295,7.087143279933179
M00121_P00297,5.798340277205548
M00121_P00298,0.0
M00121_P00299,0.0
M00121_P00304,0.0
M00121_P00307,6.235961515077993
M00121_P00309,6.223309204095678
M00121_P00310,6.697110028762456
M00121_P01120,0.0
M00122_P00655,0.0
M00122_P00662,5.991278281538917
M00122_P00666,6.241349350268005
M00122_P00668,0.0
M00122_P00669,6.234214204456301
M00122_P00673,0.0
M00122_P00674,0.0
M00122_P00940,6.071673224985125
M00122_P00948,6.39937721112162
M00122_P00950,0.0
M00122_P00951,6.26180258428135
M00122_P00959,0.0
M00122_P00962,0.0
M00123_P00345,0.0
M00123_P00347,0.0
M00123_P00351,0.0
M00123_P00353,0.0
M00123_P00359,6.237787202127831
M00123_P00362,6.1763287623052845
M00123_P00478,6.043633592518762
M00123_P00479,0.0
M00123_P00486,6.386154205327801
M00123_P00491,6.755143395707558
M00124_P00732,5.786528727649645
M00124_P00738,0.0
M00124_P00742,0.0
M00124_P00744,5.862328800423294
M00124_P00747,7.222065496198737
M00124_P00753,6.2169124695029945
M00124_P00761,6.328206060287213
M00124_P00772,6.019540582934866
M00125_P00782,0.0
M00125_P00786,6.046994030742902
M00125_P00788,6.808532751981521
M00125_P00797,6.324047542253206
M00125_P00803,0.0
M00125_P00835,0.0
M00125_P00840,5.84171512168543
M00125_P00844,5.900812411603795
M00125_P00847,0.0
M00125_P00848,0.0
M00125_P00856,0.0
M00126_P00136,0.0
M00126_P00141,7.097074931540863
M00126_P00148,5.904637485174257
M00126_P00156,0.0
M00126_P01099,6.528485906674575
M00126_P01107,6.01446107564277
M00126_P01108,0.0
M00126_P01109,6.377213986600587
M00126_P01114,0.0
M00126_P01118,6.31984157452031
M00127_P00136,0.0
M00127_P00141,6.802087103954657
M00127_P00148,0.0
M00127_P00156,6.335383852071902
M00127_P00423,0.0
M00127_P00424,0.0
M00127_P00425,6.3347778974097855
M00127_P00426,6.175101471697708
M00127_P00431,0.0
M00127_P00436,6.526523567371835
M00127_P00440,0.0
M00128_P00313,0.0
M00128_P00324,6.287300560334894
M00128_P00329,5.89851470355328
M00128_P00333,6.241822310554105
M00128_P00334,6.199736417027001
M00128_P00368,0.0
M00128_P00372,6.808682039269471
M00128_P00378,6.18253164746219
M00128_P00382,5.991888761328046
M00128_P00383,0.0
M00129_P00055,0.0
M00129_P00057,0.0
M00129_P00059,0.0
M00129_P00064,0.0
M00129_P00066,7.22192472020535
M00129_P00071,0.0
M00129_P00077,0.0
M00129_P00423,0.0
M00129_P00424,0.0
M00129_P00425,6.176190301976349
M00129_P00426,0.0
M00129_P00431,5.890404269374429
M00129_P00436,6.483707000111009
M00129_P00440,0.0
M00130_P00678,0.0
M00130_P00679,0.0
M00130_P00680,0.0
M00130_P00681,5.884866117717419
M00130_P00683,6.262383534053343
M00130_P00694,5.972084297356544
M00130_P00761,6.348530598211655
M00130_P00772,6.176378262150821
M00131_P01146,0.0
M00131_P01157,6.0105562378933515
M00131_P01166,6.783226136159339
M00131_P01169,0.0
M00131_P01177,0.0
M00131_P01182,0.0
M00131_P01184,5.951158717571146
M00131_P01193,5.890787753344039
M00131_P01196,6.2489194322519035
M00132_P00391,0.0
M00132_P00399,6.227009602865522
M00132_P00410,0.0
M00132_P00416,0.0
M00132_P00655,0.0
M00132_P00662,5.846166585060902
M00132_P00666,0.0
M00132_P00668,5.889791291314778
M00132_P00669,6.237425810801884
M00132_P00673,0.0
M00132_P00674,5.8838107076614605
M00133_P00157,0.0
M00133_P00159,5.815595165503601
M00133_P00164,6.033225870278029
M00133_P00169,5.96468346676522
M00133_P00171,6.180240590536566
M00133_P00175,0.0
M00133_P00732,0.0
M00133_P00738,5.9886190371836285
M00133_P00742,6.386473865697683
M00133_P00744,6.049201668412767
M00133_P00747,0.0
M00133_P00753,0.0
M00134_P00863,0.0
M00134_P00880,6.237152962039038
M00134_P00882,6.7640055641010095
M00134_P01146,0.0
M00134_P01157,5.9659860896713965
M00134_P01166,6.7347794869056505
M00134_P01169,6.041097416478206
M00135_P00391,0.0
M00135_P00399,0.0
M00135_P00410,6.3230586774871425
M00135_P00416,0.0
M00135_P00922,6.245699072999175
M00135_P00927,5.868136490645454
M00135_P00931,6.29891462133197
M00135_P00935,6.031628563767378
M00136_P00209,0.0
M00136_P00210,0.0
M00136_P00211,5.889334372124902
M00136_P00219,5.858009320507919
M00136_P00221,6.172895175244336
M00136_P00222,6.224990154115561
M00136_P00232,0.0
M00136_P00234,7.104653630080592
M00136_P00782,0.0
M00136_P00786,5.878289424476856
M00136_P00788,6.812597596728124
M00136_P00797,6.257240829331861
M00136_P00803,6.219991202003762
M00137_P00732,0.0
M00137_P00738,5.870240385405721
M00137_P00742,0.0
M00137_P00744,0.0
M00137_P00747,7.559907633394366
M00137_P00753,5.877894665454521
M00137_P01041,0.0
M00137_P01042,0.0
M00137_P01048,6.2168166094801425
M00137_P01049,7.368928432399405
M00137_P01051,0.0
M00137_P01055,5.950870999307364
M00137_P01063,0.0
M00137_P01064,0.0
M00138_P00732,5.76894214492954
M00138_P00738,0.0
M00138_P00742,6.696236367620715
M00138_P00744,0.0
M00138_P00747,7.2610866625356305
M00138_P00753,0.0
M00138_P00922,0.0
M00138_P00927,5.815034810056965
M00138_P00931,5.890654276710987
M00138_P00935,0.0
M00139_P00423,7.206229389295002
M00139_P00424,6.018901813755458
M00139_P00425,6.098930676664708
M00139_P00426,6.083808891052057
M00139_P00431,0.0
M00139_P00436,0.0
M00139_P00440,6.245331504372358
M00139_P00732,5.8407085313601215
M00139_P00738,5.874538273919898
M00139_P00742,0.0
M00139_P00744,5.860142941990194
M00139_P00747,7.224466199435367
M00139_P00753,5.9780842800609975
M00140_P00443,0.0
M00140_P00448,0.0
M00140_P00452,5.894532061241538
M00140_P00462,6.75510558479273
M00140_P00463,0.0
M00140_P00465,6.252023650040359
M00140_P00468,0.0
M00140_P01041,0.0
M00140_P01042,5.897540842581404
M00140_P01048,6.037263407660892
M00140_P01049,0.0
M00140_P01051,0.0
M00140_P01055,5.8531655754047085
M00140_P01063,5.874958436295053
M00140_P01064,5.969015954309886
M00141_P00391,0.0
M00141_P00399,0.0
M00141_P00410,6.429693277754179
M00141_P00416,6.3875043001831395
M00141_P01041,0.0
M00141_P01042,0.0
M00141_P01048,6.3633178736681675
M00141_P01049,7.201478775290192
M00141_P01051,0.0
M00141_P01055,6.192998675374222
M00141_P01063,6.3084039493883965
M00141_P01064,0.0
M00142_P00108,6.014555648850358
M00142_P00110,5.991182896702388
M00142_P00114,0.0
M00142_P00124,6.312106410944903
M00142_P00129,6.171757658002081
M00142_P01201,5.985935940721653
M00142_P01209,0.0
M00142_P01210,5.718154843586462
M00142_P01211,0.0
M00142_P01214,5.901529207695843
M00143_P00443,0.0
M00143_P00448,5.828242097656371
M00143_P00452,5.890807951111849
M00143_P00462,6.522137408993023
M00143_P00463,6.322605330669887
M00143_P00465,6.167048385442273
M00143_P00468,0.0
M00143_P00574,0.0
M00143_P00579,6.161153597540192
M00143_P00582,0.0
M00143_P00584,0.0
M00143_P00586,5.887793255850428
M00143_P00590,6.362551852448668
M00144_P00209,5.865460861778474
M00144_P00210,0.0
M00144_P00211,0.0
M00144_P00219,0.0
M00144_P00221,6.220116341577517
M00144_P00222,6.41818677213957
M00144_P00232,5.857559140994816
M00144_P00234,7.2200979352813395
M00144_P00266,0.0
M00144_P00271,6.346161458407823
M00144_P00278,6.926630748965576
M00144_P00286,6.915685632857942
M00145_P00241,0.0
M00145_P00244,0.0
M00145_P00245,6.428144094597444
M00145_P00248,6.771332781772071
M00145_P00255,7.386164087615049
M00145_P00260,7.101616727831427
M00145_P01146,0.0
M00145_P01157,5.878458346391036
M00145_P01166,6.195853061828064
M00145_P01169,5.889820364490179
M00146_P00108,5.8939115056270115
M00146_P00110,0.0
M00146_P00114,0.0
M00146_P00124,0.0
M00146_P00129,6.017516654498541
M00146_P00705,0.0
M00146_P00707,6.427710934507761
M00146_P00716,0.0
M00146_P00718,0.0
M00146_P00724,6.102322610285789
M00146_P00728,6.2479034205902035
M00147_P00761,0.0
M00147_P00772,5.881831227559261
M00147_P00888,6.035804034328461
M00147_P00889,0.0
M00147_P00893,6.033774535414029
M00147_P00894,0.0
M00147_P00895,0.0
M00147_P00901,0.0
M00147_P00909,6.514536635531671
M00148_P00345,5.882357069106236
M00148_P00347,6.095024209575482
M00148_P00351,0.0
M00148_P00353,5.881492570942297
M00148_P00359,6.019582366415446
M00148_P00362,0.0
M00148_P00705,5.9005980731281324
M00148_P00707,6.4046851339731
M00148_P00716,6.138281189225801
M00148_P00718,0.0
M00148_P00724,5.952408124470046
M00148_P00728,0.0
M00149_P00625,6.314889708473773
M00149_P00630,0.0
M00149_P00632,6.595784134341711
M00149_P00635,6.327337355044151
M00149_P00644,6.29826762778691
M00149_P00645,0.0
M00149_P00650,6.772922208255416
M00149_P00940,0.0
M00149_P00948,0.0
M00149_P00950,6.260722697839228
M00149_P00951,0.0
M00149_P00959,0.0
M00149_P00962,7.4353528032629095
M00150_P00515,5.8660689534913795
M00150_P00574,0.0
M00150_P00579,6.101502324953173
M00150_P00582,6.333168672446105
M00150_P00584,6.3318635520157525
M00150_P00586,6.032164625805627
M00150_P00590,7.062008941634766
M00151_P00678,0.0
M00151_P00679,0.0
M00151_P00680,6.072477076233275
M00151_P00681,5.990615750003219
M00151_P00683,6.3208817898388014
M00151_P00694,6.333955879193675
M00151_P00922,0.0
M00151_P00927,5.8606095703266465
M00151_P00931,6.179882071154154
M00151_P00935,6.187275902362239
M00152_P00368,0.0
M00152_P00372,6.770937212709556
M00152_P00378,6.163091946023189
M00152_P00382,0.0
M00152_P00383,5.834684526994915
M00152_P00807,6.505767747417512
M00152_P00812,0.0
M00152_P00819,6.082076258117099
M00152_P00826,6.24875213830442
M00152_P00827,0.0
M00153_P00032,0.0
M00153_P00044,6.902814023746891
M00153_P00045,6.041692253521903
M00153_P00050,6.083821621957714
M00153_P00052,6.798091361114261
M00153_P00807,6.227113818336747
M00153_P00812,6.771148207503451
M00153_P00819,0.0
M00153_P00826,6.528553934792754
M00153_P00827,0.0
M00154_P01099,0.0
M00154_P01107,5.7849659968463
M00154_P01108,6.790284851469912
M00154_P01109,0.0
M00154_P01114,0.0
M00154_P01118,6.181516974864239
M00154_P01146,0.0
M00154_P01157,5.874515446042008
M00154_P01166,0.0
M00154_P01169,5.8886007221492225
M00155_P00209,0.0
M00155_P00210,0.0
M00155_P00211,6.080961947916458
M00155_P00219,0.0
M00155_P00221,6.419043763152952
M00155_P00222,6.347049117396476
M00155_P00232,6.030290064318346
M00155_P00234,7.41982409071889
M00155_P00761,0.0
M00155_P00772,5.827361586868493
M00156_P00655,6.313201554699251
M00156_P00662,5.868572440119552
M00156_P00666,6.246213157873408
M00156_P00668,0.0
M00156_P00669,6.523291741929501
M00156_P00673,0.0
M00156_P00674,0.0
M00156_P00991,6.871887683090643
M00156_P00993,0.0
M00156_P00997,5.8162023641263785
M00156_P01000,6.359643969131447
M00156_P01010,0.0
M00157_P00136,0.0
M00157_P00141,7.0858797921227605
M00157_P00148,5.86747629154746
M00157_P00156,6.299358974387244
M00157_P01099,6.347963584898156
M00157_P01107,0.0
M00157_P01108,6.791188013359691
M00157_P01109,6.515229817980296
M00157_P01114,6.023677674035129
M00157_P01118,6.700971218265212
M00158_P00287,5.859161654141771
M00158_P00290,0.0
M00158_P00291,0.0
M00158_P00295,6.573697412105512
M00158_P00297,5.839896683558398
M00158_P00298,5.878861757641352
M00158_P00299,0.0
M00158_P00304,5.894684093064084
M00158_P00307,0.0
M00158_P00309,0.0
M00158_P00310,6.264112244439713
M00158_P00761,6.2580004084366045
M00158_P00772,5.985943550146541
M00159_P00529,5.863551886623133
M00159_P00535,5.8812389891854275
M00159_P00536,5.8212663203189905
M00159_P00542,0.0
M00159_P00543,0.0
M00159_P00625,6.428979062454855
M00159_P00630,0.0
M00159_P00632,7.227392512975812
M00159_P00635,0.0
M00159_P00644,0.0
M00159_P00645,7.07883366712559
M00159_P00650,0.0
M00160_P00529,0.0
M00160_P00535,0.0
M00160_P00536,0.0
M00160_P00542,5.875166496250917
M00160_P00543,0.0
M00160_P00574,0.0
M00160_P00579,0.0
M00160_P00582,0.0
M00160_P00584,6.301927456996818
M00160_P00586,5.898250833255274
M00160_P00590,6.790114317999673
M00161_P00443,6.2743673207966015
M00161_P00448,5.90641680395474
M00161_P00452,5.885792060044496
M00161_P00462,0.0
M00161_P00463,0.0
M00161_P00465,6.2603980597997655
M00161_P00468,6.431999792144173
M00161_P00705,0.0
M00161_P00707,6.7552708262859555
M00161_P00716,6.352612734671534
M00161_P00718,7.212017165838635
M00161_P00724,0.0
M00161_P00728,6.369968900807449
M00162_P00032,6.494516782128227
M00162_P00044,6.788761719355998
M00162_P00045,0.0
M00162_P00050,6.025002111351968
M00162_P00052,6.171623657517655
M00162_P00782,0.0
M00162_P00786,0.0
M00162_P00788,7.097484003013255
M00162_P00797,6.3178719953343645
M00162_P00803,6.372856868437419
M00163_P00368,6.266504054779366
M00163_P00372,6.807477831006485
M00163_P00378,0.0
M00163_P00382,5.982742939255187
M00163_P00383,6.045186891162393
M00163_P00574,5.8898795949483445
M00163_P00579,0.0
M00163_P00582,0.0
M00163_P00584,6.052678174257167
M00163_P00586,5.865119799154551
M00163_P00590,0.0
M00164_P00055,5.794377235859819
M00164_P00057,5.904038177189119
M00164_P00059,0.0
M00164_P00064,0.0
M00164_P00066,7.118604206591674
M00164_P00071,6.230800983962911
M00164_P00077,6.099507335064883
M00164_P01070,6.149266080341713
M00164_P01074,0.0
M00164_P01082,6.0106540232930135
M00165_P00313,6.318176416747192
M00165_P00324,0.0
M00165_P00329,6.329012777884025
M00165_P00333,0.0
M00165_P00334,6.4266804409648115
M00165_P00391,5.870170434791946
M00165_P00399,0.0
M00165_P00410,6.752876142375928
M00165_P00416,0.0
M00166_P00209,0.0
M00166_P00210,0.0
M00166_P00211,5.884566202249888
M00166_P00219,5.791454408625671
M00166_P00221,6.324582988829477
M00166_P00222,6.273759954177718
M00166_P00232,0.0
M00166_P00234,7.649746380895093
M00166_P00391,0.0
M00166_P00399,0.0
M00166_P00410,6.2495079264898195
M00166_P00416,6.707459862328797
M00167_P00345,5.8973118231573345
M00167_P00347,6.301762633202617
M00167_P00351,0.0
M00167_P00353,5.7887073434904
M00167_P00359,0.0
M00167_P00362,5.83459331160533
M00167_P00940,6.01829434988517
M00167_P00948,6.343043039372532
M00167_P00950,6.563899910721507
M00167_P00951,6.343177745093992
M00167_P00959,0.0
M00167_P00962,6.779348298084414
M00168_P00266,6.366795838599394
M00168_P00271,0.0
M00168_P00278,6.91217025111601
M00168_P00286,0.0
M00168_P00611,5.901362792570109
M00168_P00618,0.0
M00168_P00619,0.0
M00168_P00622,0.0
M00169_P00266,0.0
M00169_P00271,6.402703002243779
M00169_P00278,6.900777250438736
M00169_P00286,0.0
M00169_P00529,5.864534318484795
M00169_P00535,0.0
M00169_P00536,5.879060183168597
M00169_P00542,0.0
M00169_P00543,6.213780174230572
M00170_P00515,0.0
M00170_P00965,0.0
M00170_P00966,6.011612022375412
M00170_P00975,6.769548828160673
M00170_P00978,6.765535411028985
M00170_P00980,6.348163507428644
M00170_P00986,0.0
M00171_P00655,6.179364998856486
M00171_P00662,0.0
M00171_P00666,6.086113823374455
M00171_P00668,0.0
M00171_P00669,6.420540985715447
M00171_P00673,0.0
M00171_P00674,5.867034740020008
M00171_P01201,6.184290787720706
M00171_P01209,6.15390467533963
M00171_P01210,0.0
M00171_P01211,0.0
M00171_P01214,0.0
M00172_P00965,0.0
M00172_P00966,5.859120372080784
M00172_P00975,6.913197042088004
M00172_P00978,0.0
M00172_P00980,6.210970360701879
M00172_P00986,6.903412164742217
M00172_P01177,6.155891490809333
M00172_P01182,0.0
M00172_P01184,5.856463107147878
M00172_P01193,0.0
M00172_P01196,6.322752006293695
M00173_P00157,5.761642896661482
M00173_P00159,0.0
M00173_P00164,6.318448383966938
M00173_P00169,5.87740354742189
M00173_P00171,6.364313821465811
M00173_P00175,0.0
M00173_P01177,0.0
M00173_P01182,6.042017788958111
M00173_P01184,0.0
M00173_P01193,6.184301236438074
M00173_P01196,0.0
M00174_P00991,0.0
M00174_P00993,5.840898462485572
M00174_P00997,0.0
M00174_P01000,0.0
M00174_P01010,6.588983407882937
M00174_P01120,0.0
M00175_P00574,5.889767083061304
M00175_P00579,6.152123005266973
M00175_P00582,6.207973433973859
M00175_P00584,6.233007638913366
M00175_P00586,0.0
M00175_P00590,6.7255965670685285
M00175_P00922,0.0
M00175_P00927,0.0
M00175_P00931,6.323830869756865
M00175_P00935,6.34620264384213
M00176_P00108,0.0
M00176_P00110,5.8154157515800415
M00176_P00114,7.025298676913297
M00176_P00124,6.262306989452154
M00176_P00129,6.077778881659272
M00176_P00863,0.0
M00176_P00880,0.0
M00176_P00882,0.0
M00177_P00011,5.90459505550959
M00177_P00024,6.097515052709017
M00177_P00705,0.0
M00177_P00707,6.21046693439183
M00177_P00716,6.2896578694623155
M00177_P00718,6.842293629783001
M00177_P00724,0.0
M00177_P00728,0.0
M00178_P00611,0.0
M00178_P00618,0.0
M00178_P00619,6.012009010365603
M00178_P00622,5.828209439796433
M00178_P00705,6.03423057080066
M00178_P00707,0.0
M00178_P00716,0.0
M00178_P00718,6.788015826662039
M00178_P00724,0.0
M00178_P00728,0.0
M00179_P00241,0.0
M00179_P00244,0.0
M00179_P00245,0.0
M00179_P00248,6.3591468383850875
M00179_P00255,7.051257619095153
M00179_P00260,0.0
M00179_P01177,6.402654155582136
M00179_P01182,6.036176716297687
M00179_P01184,5.953373768185995
M00179_P01193,0.0
M00179_P01196,0.0
M00180_P00863,6.057791776377396
M00180_P00880,0.0
M00180_P00882,0.0
M00180_P01201,0.0
M00180_P01209,5.891360853060341
M00180_P01210,0.0
M00180_P01211,7.222259615557315
M00180_P01214,5.900875455196255
M00181_P00888,0.0
M00181_P00889,6.172378959710597
M00181_P00893,0.0
M00181_P00894,6.732649276237221
M00181_P00895,0.0
M00181_P00901,0.0
M00181_P00909,6.558035556384338
M00181_P01020,6.792475890609467
M00181_P01034,5.814341585851251
M00181_P01037,5.860462477967293
M00181_P01038,6.261704771481883
M00182_P00705,0.0
M00182_P00707,6.351591612087331
M00182_P00716,6.258696786439098
M00182_P00718,6.754523820807302
M00182_P00724,5.868818976884883
M00182_P00728,6.18827582333087
M00182_P00761,0.0
M00182_P00772,5.967217086429148
M00183_P00391,0.0
M00183_P00399,0.0
M00183_P00410,6.230895152726745
M00183_P00416,5.980654110747728
M00183_P00529,0.0
M00183_P00535,0.0
M00183_P00536,0.0
M00183_P00542,0.0
M00183_P00543,6.321872592256053
M00184_P00391,5.878715832005142
M00184_P00399,0.0
M00184_P00410,6.364292898659824
M00184_P00416,6.520371228011636
M00184_P00732,0.0
M00184_P00738,0.0
M00184_P00742,6.244740608492778
M00184_P00744,0.0
M00184_P00747,0.0
M00184_P00753,5.906784736725035
M00185_P00940,0.0
M00185_P00948,0.0
M00185_P00950,6.182684893594542
M00185_P00951,6.33166347713161
M00185_P00959,0.0
M00185_P00962,6.81204795805522
M00185_P01041,0.0
M00185_P01042,0.0
M00185_P01048,6.231576064686867
M00185_P01049,7.214234055106019
M00185_P01051,6.360601664133927
M00185_P01055,0.0
M00185_P01063,0.0
M00185_P01064,6.082296282838948
M00186_P00032,6.301819986797422
M00186_P00044,7.336772374991034
M00186_P00045,0.0
M00186_P00050,0.0
M00186_P00052,0.0
M00186_P00549,6.094167895220108
M00186_P00552,5.890578838490229
M00186_P00554,0.0
M00186_P00561,0.0
M00186_P00562,5.958577768405893
M00186_P00568,5.8957936964783215
M00187_P00287,0.0
M00187_P00290,6.058967948238069
M00187_P00291,6.039300293281899
M00187_P00295,6.896054215651341
M00187_P00297,0.0
M00187_P00298,0.0
M00187_P00299,5.875273635631743
M00187_P00304,6.05676063384938
M00187_P00307,0.0
M00187_P00309,0.0
M00187_P00310,6.32099416921624
M00187_P00835,5.862319237640365
M00187_P00840,5.8585751396636185
M00187_P00844,0.0
M00187_P00847,5.8905752726260765
M00187_P00848,0.0
M00187_P00856,6.168898546915422
M00188_P00423,0.0
M00188_P00424,0.0
M00188_P00425,6.5756682907998405
M00188_P00426,6.072365587352801
M00188_P00431,5.8740293912975385
M00188_P00436,6.272159675260911
M00188_P00440,5.945998040930812
M00188_P00574,0.0
M00188_P00579,0.0
M00188_P00582,5.962194092913193
M00188_P00584,6.340105217101535
M00188_P00586,5.796545682250971
M00188_P00590,7.0934013225112205
M00189_P00011,0.0
M00189_P00024,5.903264430199932
M00189_P00922,0.0
M00189_P00927,5.90722527058795
M00189_P00931,0.0
M00189_P00935,0.0
M00190_P00136,0.0
M00190_P00141,6.943282150982295
M00190_P00148,6.079979889807309
M00190_P00156,6.333142307177639
M00190_P00423,0.0
M00190_P00424,0.0
M00190_P00425,6.106287235321959
M00190_P00426,5.8688596954695065
M00190_P00431,5.761861876746119
M00190_P00436,0.0
M00190_P00440,0.0
M00191_P00807,0.0
M00191_P00812,7.330112771151118
M00191_P00819,0.0
M00191_P00826,6.228603241731283
M00191_P00827,0.0
M00191_P00940,0.0
M00191_P00948,0.0
M00191_P00950,0.0
M00191_P00951,0.0
M00191_P00959,6.224067215793358
M00191_P00962,0.0
M00192_P00782,6.391385124284524
M00192_P00786,6.201233540860668
M00192_P00788,7.089511857744544
M00192_P00797,0.0
M00192_P00803,6.7809282057489915
M00192_P01146,7.06273751955976
M00192_P01157,5.886203756949793
M00192_P01166,6.903032231160654
M00192_P01169,0.0
M00193_P00032,6.760642277919661
M00193_P00044,6.769558674038338
M00193_P00045,5.88640073893251
M00193_P00050,6.183498115159091
M00193_P00052,0.0
M00193_P00732,0.0
M00193_P00738,0.0
M00193_P00742,6.725066977803907
M00193_P00744,0.0
M00193_P00747,0.0
M00193_P00753,6.5633748358069095
M00194_P00368,5.809376217064838
M00194_P00372,6.568061234933535
M00194_P00378,0.0
M00194_P00382,0.0
M00194_P00383,0.0
M00194_P00678,0.0
M00194_P00679,0.0
M00194_P00680,5.901005607322838
M00194_P00681,5.901525473652562
M00194_P00683,6.313912727504557
M00194_P00694,6.216454367360343
M00195_P00515,0.0
M00195_P01120,6.017741553900457
M00196_P00782,0.0
M00196_P00786,0.0
M00196_P00788,0.0
M00196_P00797,6.324083649838359
M00196_P00803,6.346459941473792
M00196_P00940,5.874513469693614
M00196_P00948,6.271980987455009
M00196_P00950,0.0
M00196_P00951,0.0
M00196_P00959,0.0
M00196_P00962,7.038323569844805
M00197_P00705,0.0
M00197_P00707,0.0
M00197_P00716,6.161455313065356
M00197_P00718,6.880907315853313
M00197_P00724,0.0
M00197_P00728,0.0
M00197_P00940,6.026486325454786
M00197_P00948,0.0
M00197_P00950,6.3389893189899835
M00197_P00951,6.583435530956407
M00197_P00959,6.038858347200982
M00197_P00962,7.022919623017211
M00198_P00761,6.369899115720984
M00198_P00772,6.060691047739156
M00198_P01146,0.0
M00198_P01157,0.0
M00198_P01166,6.219876713698253
M00198_P01169,0.0
M00199_P00368,0.0
M00199_P00372,0.0
M00199_P00378,0.0
M00199_P00382,6.077880144902001
M00199_P00383,0.0
M00199_P00423,0.0
M00199_P00424,5.8820193206920965
M00199_P00425,6.241236530300423
M00199_P00426,5.9049790564886235
M00199_P00431,0.0
M00199_P00436,6.261844140564897
M00199_P00440,0.0
M00200_P00185,0.0
M00200_P00193,0.0
M00200_P00197,5.885928560154484
M00200_P00199,5.826036620505856
M00200_P00200,5.886294570260702
M00200_P00529,0.0
M00200_P00535,5.869112107693095
M00200_P00536,0.0
M00200_P00542,0.0
M00200_P00543,6.018074479313601
M00201_P00313,0.0
M00201_P00324,6.394555881211732
M00201_P00329,0.0
M00201_P00333,0.0
M00201_P00334,6.502304368671895
M00201_P00368,5.89832068365606
M00201_P00372,6.768737455360352
M00201_P00378,6.056973060302203
M00201_P00382,5.9062715234341505
M00201_P00383,6.090306501157679
M00202_P00443,6.256885761308764
M00202_P00448,5.986458353463075
M00202_P00452,0.0
M00202_P00462,6.229363874087962
M00202_P00463,0.0
M00202_P00465,6.199940614188652
M00202_P00468,0.0
M00202_P01223,0.0
M00202_P01234,6.415883695963722
M00202_P01236,5.833607114007384
M00202_P01241,6.228506008409643
M00202_P01242,0.0
M00203_P00157,0.0
M00203_P00159,0.0
M00203_P00164,0.0
M00203_P00169,6.095180370624439
M00203_P00171,0.0
M00203_P00175,6.306378940511191
M00203_P00345,5.868358198787716
M00203_P00347,6.251489664304204
M00203_P00351,6.187579952647763
M00203_P00353,0.0
M00203_P00359,0.0
M00203_P00362,5.94939054054746
M00204_P00287,0.0
M00204_P00290,6.100165615405489
M00204_P00291,0.0
M00204_P00295,7.229849344621362
M00204_P00297,6.066020719440659
M00204_P00298,0.0
M00204_P00299,6.177593649572982
M00204_P00304,6.2306676263518055
M00204_P00307,0.0
M00204_P00309,6.366605358893164
M00204_P00310,0.0
M00204_P00611,0.0
M00204_P00618,6.266147824110336
M00204_P00619,0.0
M00204_P00622,6.036341581227461
M00205_P00888,0.0
M00205_P00889,0.0
M00205_P00893,5.883125258239715
M00205_P00894,6.487554872902649
M00205_P00895,6.019251177322941
M00205_P00901,6.87162314311769
M00205_P00909,0.0
M00205_P01177,0.0
M00205_P01182,6.31921697524401
M00205_P01184,6.019142274033635
M00205_P01193,6.080345882642961
M00205_P01196,0.0
M00206_P00055,0.0
M00206_P00057,6.019180177275197
M00206_P00059,0.0
M00206_P00064,6.027370192760935
M00206_P00066,7.121296604587169
M00206_P00071,6.546848371297441
M00206_P00077,6.487762552136206
M00206_P00108,5.882729508522922
M00206_P00110,6.053032118123938
M00206_P00114,7.188863768160963
M00206_P00124,0.0
M00206_P00129,5.903536199085942
M00207_P00209,0.0
M00207_P00210,7.239212720323044
M00207_P00211,0.0
M00207_P00219,0.0
M00207_P00221,6.164269164739436
M00207_P00222,6.364139619265189
M00207_P00232,0.0
M00207_P00234,0.0
M00207_P01146,0.0
M00207_P01157,0.0
M00207_P01166,6.794110998542468
M00207_P01169,6.03370462764703
M00208_P00011,5.858719326142833
M00208_P00024,0.0
M00208_P00157,6.06684916288835
M00208_P00159,0.0
M00208_P00164,6.322268578110891
M00208_P00169,6.0608169136273045
M00208_P00171,0.0
M00208_P00175,0.0
M00209_P00782,6.235310017364982
M00209_P00786,0.0
M00209_P00788,0.0
M00209_P00797,6.337886639261391
M00209_P00803,0.0
M00209_P00807,6.175414655158791
M00209_P00812,6.897652286686773
M00209_P00819,6.24389208547756
M00209_P00826,6.2483006153904554
M00209_P00827,7.0326164023176165
M00210_P00079,0.0
M00210_P00082,6.234079489832502
M00210_P00087,5.894088128515344
M00210_P00097,6.30103395011661
M00210_P00102,0.0
M00210_P00287,0.0
M00210_P00290,5.8617815292503455
M00210_P00291,6.026739194595775
M00210_P00295,7.057833462490698
M00210_P00297,0.0
M00210_P00298,6.010948184395543
M00210_P00299,5.967573843524475
M00210_P00304,0.0
M00210_P00307,0.0
M00210_P00309,0.0
M00210_P00310,0.0
M00211_P00108,0.0
M00211_P00110,6.066824842724044
M00211_P00114,6.915166048395198
M00211_P00124,0.0
M00211_P00129,6.066469108350856
M00211_P00185,0.0
M00211_P00193,6.320992768766371
M00211_P00197,0.0
M00211_P00199,0.0
M00211_P00200,5.903711857475537
M00212_P00108,5.868066028380194
M00212_P00110,5.89559491626883
M00212_P00114,0.0
M00212_P00124,6.242207129612947
M00212_P00129,5.900365701963156
M00212_P00965,0.0
M00212_P00966,5.892256390785501
M00212_P00975,0.0
M00212_P00978,6.908814306659824
M00212_P00980,6.334860065110112
M00212_P00986,6.509298203105506
M00213_P00241,5.89729660558916
M00213_P00244,5.78352566678998
M00213_P00245,0.0
M00213_P00248,0.0
M00213_P00255,0.0
M00213_P00260,6.795686378293301
M00213_P00266,6.268958757511161
M00213_P00271,6.343640832339401
M00213_P00278,6.799937909768242
M00213_P00286,0.0
M00214_P00136,7.12202517534169
M00214_P00141,0.0
M00214_P00148,0.0
M00214_P00156,6.340614446858384
M00214_P00423,0.0
M00214_P00424,5.874635289307714
M00214_P00425,6.202737534085706
M00214_P00426,0.0
M00214_P00431,5.953501091814673
M00214_P00436,0.0
M00214_P00440,5.868527564839383
M00215_P00991,6.790330180305139
M00215_P00993,0.0
M00215_P00997,5.825814468238899
M00215_P01000,6.070407330238021
M00215_P01010,0.0
M00215_P01020,6.7851656860638805
M00215_P01034,0.0
M00215_P01037,0.0
M00215_P01038,5.885458599568587
M00216_P00625,0.0
M00216_P00630,6.176524750496828
M00216_P00632,0.0
M00216_P00635,6.4299261385327515
M00216_P00644,6.4169414527431385
M00216_P00645,0.0
M00216_P00650,6.84979173407853
M00216_P00863,0.0
M00216_P00880,6.266112881586415
M00216_P00882,0.0
M00217_P00515,0.0
M00217_P00991,6.898820000642801
M00217_P00993,5.766309208033266
M00217_P00997,6.09015054527105
M00217_P01000,6.243311042927865
M00217_P01010,0.0
M00218_P00940,0.0
M00218_P00948,6.22784310837103
M00218_P00950,6.234576798451659
M00218_P00951,6.575697280826682
M00218_P00959,5.880309166219967
M00218_P00962,0.0
M00218_P01041,0.0
M00218_P01042,5.85715901114448
M00218_P01048,0.0
M00218_P01049,7.067699930241202
M00218_P01051,6.223770069217365
M00218_P01055,6.044155127114325
M00218_P01063,0.0
M00218_P01064,6.098672225015656
M00219_P00345,5.881507528978508
M00219_P00347,5.949894740421539
M00219_P00351,6.206478093318278
M00219_P00353,0.0
M00219_P00359,6.31560236980643
M00219_P00362,5.794605818085152
M00219_P01070,0.0
M00219_P01074,0.0
M00219_P01082,0.0
M00220_P00136,0.0
M00220_P00141,6.752383713410017
M00220_P00148,5.862566403442753
M00220_P00156,6.089053233748543
M00220_P01099,6.246239543033817
M00220_P01107,0.0
M00220_P01108,0.0
M00220_P01109,6.306215892883515
M00220_P01114,6.222117036260756
M00220_P01118,0.0
M00221_P00287,0.0
M00221_P00290,6.025064000169518
M00221_P00291,6.272873239400404
M00221_P00295,0.0
M00221_P00297,0.0
M00221_P00298,5.868234986805446
M00221_P00299,5.864992376472006
M00221_P00304,5.797009291655123
M00221_P00307,6.2547046339820564
M00221_P00309,6.175089363423022
M00221_P00310,6.17950899012379
M00221_P00940,0.0
M00221_P00948,6.241097075053802
M00221_P00950,6.781283936948477
M00221_P00951,6.293701987410767
M00221_P00959,0.0
M00221_P00962,0.0
M00222_P00011,5.895941161482185
M00222_P00024,0.0
M00222_P00705,5.948305314565389
M00222_P00707,0.0
M00222_P00716,6.221619671598716
M00222_P00718,0.0
M00222_P00724,5.871841922857589
M00222_P00728,6.334002219554411
M00223_P00055,0.0
M00223_P00057,0.0
M00223_P00059,6.343057221028477
M00223_P00064,5.858537924677193
M00223_P00066,7.20195595632775
M00223_P00071,0.0
M00223_P00077,6.38943196582083
M00223_P00478,5.891910808490124
M00223_P00479,0.0
M00223_P00486,6.335176279663849
M00223_P00491,0.0
M00224_P00478,6.044946275641731
M00224_P00479,0.0
M00224_P00486,0.0
M00224_P00491,0.0
M00224_P01177,6.215383390578783
M00224_P01182,0.0
M00224_P01184,0.0
M00224_P01193,0.0
M00224_P01196,6.373618634720708
M00225_P00108,6.183034104605007
M00225_P00110,5.869347398674317
M00225_P00114,7.193797355666207
M00225_P00124,5.987540932796692
M00225_P00129,5.889238998039253
M00225_P01146,7.105252840266278
M00225_P01157,6.204300911906162
M00225_P01166,0.0
M00225_P01169,5.971713619591925
M00226_P00965,0.0
M00226_P00966,5.859605183549651
M00226_P00975,6.753023895810462
M00226_P00978,0.0
M00226_P00980,6.150735146302896
M00226_P00986,0.0
M00226_P01041,6.044905917361439
M00226_P01042,0.0
M00226_P01048,0.0
M00226_P01049,0.0
M00226_P01051,6.176418789192025
M00226_P01055,6.011656645811858
M00226_P01063,5.98686736318665
M00226_P01064,0.0
M00227_P00185,0.0
M00227_P00193,0.0
M00227_P00197,5.8640637287959905
M00227_P00199,5.945871522699699
M00227_P00200,0.0
M00227_P00705,5.878573683053994
M00227_P00707,0.0
M00227_P00716,6.177898037678372
M00227_P00718,0.0
M00227_P00724,5.86297486536226
M00227_P00728,6.259049323518805
M00228_P00241,0.0
M00228_P00244,5.845648494955997
M00228_P00245,6.248265213967178
M00228_P00248,6.072207448049078
M00228_P00255,0.0
M00228_P00260,7.025329157529527
M00228_P01070,0.0
M00228_P01074,6.316511575351547
M00228_P01082,0.0
M00229_P00079,0.0
M00229_P00082,0.0
M00229_P00087,5.870329061546228
M00229_P00097,6.221398680212587
M00229_P00102,0.0
M00229_P00108,0.0
M00229_P00110,5.895248244776871
M00229_P00114,7.226790738662788
M00229_P00124,6.140780500891699
M00229_P00129,6.175553155417169
M00230_P00940,5.879468618030904
M00230_P00948,6.3003441892739644
M00230_P00950,0.0
M00230_P00951,6.338337463677304
M00230_P00959,5.766411767170649
M00230_P00962,6.517540543703674
M00230_P00991,0.0
M00230_P00993,5.835998730396945
M00230_P00997,5.859003320416629
M00230_P01000,6.382639999525004
M00230_P01010,0.0
M00231_P00185,5.864513163300915
M00231_P00193,0.0
M00231_P00197,5.945079173385633
M00231_P00199,6.163774631353143
M00231_P00200,5.960386716636862
M00231_P00782,6.100975058555002
M00231_P00786,5.8705973478478395
M00231_P00788,0.0
M00231_P00797,6.334695841686244
M00231_P00803,6.099675488167531
M00232_P00655,6.766440938017426
M00232_P00662,0.0
M00232_P00666,0.0
M00232_P00668,0.0
M00232_P00669,0.0
M00232_P00673,6.869471908029011
M00232_P00674,6.109402559099962
M00232_P01146,0.0
M00232_P01157,0.0
M00232_P01166,6.576395000709506
M00232_P01169,6.166524546541266
M00233_P00136,7.103310083017022
M00233_P00141,7.059157221499713
M00233_P00148,6.561741995985719
M00233_P00156,6.5746318629642015
M00233_P00732,6.049163015868622
M00233_P00738,6.071597723089679
M00233_P00742,0.0
M00233_P00744,5.965697704299212
M00233_P00747,7.440028448501569
M00233_P00753,6.529643690886874
M00234_P00529,6.052941798974113
M00234_P00535,6.030992154638907
M00234_P00536,6.050138582445274
M00234_P00542,0.0
M00234_P00543,0.0
M00234_P00705,0.0
M00234_P00707,0.0
M00234_P00716,6.382954868306648
M00234_P00718,6.816629114393816
M00234_P00724,5.855185339872087
M00234_P00728,0.0
M00235_P00032,7.1219213121552025
M00235_P00044,0.0
M00235_P00045,5.894227533857537
M00235_P00050,5.877051209703389
M00235_P00052,0.0
M00235_P00157,0.0
M00235_P00159,6.1713311071050665
M00235_P00164,0.0
M00235_P00169,6.056580272851547
M00235_P00171,6.228182296899401
M00235_P00175,0.0
M00236_P00443,0.0
M00236_P00448,0.0
M00236_P00452,5.863952772577877
M00236_P00462,6.25900046350228
M00236_P00463,0.0
M00236_P00465,6.170500978105009
M00236_P00468,6.312508549245769
M00236_P01120,5.864429934259439
M00237_P00287,0.0
M00237_P00290,5.801044283932614
M00237_P00291,5.800076109514607
M00237_P00295,0.0
M00237_P00297,0.0
M00237_P00298,5.892437784720579
M00237_P00299,5.828753819904796
M00237_P00304,5.876119679246254
M00237_P00307,6.369718178176493
M00237_P00309,0.0
M00237_P00310,0.0
M00237_P00807,0.0
M00237_P00812,7.38414810193912
M00237_P00819,6.045862537514687
M00237_P00826,6.260985665690303
M00237_P00827,0.0
M00238_P00287,5.865114748692477
M00238_P00290,0.0
M00238_P00291,5.836182724021391
M00238_P00295,0.0
M00238_P00297,5.843224188363941
M00238_P00298,5.87225875815513
M00238_P00299,5.854691308159411
M00238_P00304,5.866759881342976
M00238_P00307,0.0
M00238_P00309,0.0
M00238_P00310,6.103572631279657
M00238_P00443,0.0
M00238_P00448,0.0
M00238_P00452,6.088796079068334
M00238_P00462,0.0
M00238_P00463,6.844935724010156
M00238_P00465,0.0
M00238_P00468,6.304725659072491
M00239_P00807,0.0
M00239_P00812,6.860768696197524
M00239_P00819,5.896904094811898
M00239_P00826,6.509815377829066
M00239_P00827,6.775570840363205
M00239_P01041,5.9068925603094184
M00239_P01042,0.0
M00239_P01048,0.0
M00239_P01049,7.096966004022988
M00239_P01051,6.193694035343209
M00239_P01055,0.0
M00239_P01063,0.0
M00239_P01064,6.028749160032548
M00240_P00574,0.0
M00240_P00579,6.1596714643148225
M00240_P00582,6.165996143483238
M00240_P00584,6.157058999514377
M00240_P00586,0.0
M00240_P00590,6.524098370062623
M00240_P00705,0.0
M00240_P00707,0.0
M00240_P00716,0.0
M00240_P00718,7.081365231916376
M00240_P00724,6.041814873998155
M00240_P00728,6.366688744938222
M00241_P00157,0.0
M00241_P00159,5.86631036683167
M00241_P00164,6.0308817336244624
M00241_P00169,5.859755992712829
M00241_P00171,6.203875312369329
M00241_P00175,6.1841275617179186
M00241_P01099,0.0
M00241_P01107,0.0
M00241_P01108,6.765855955615928
M00241_P01109,0.0
M00241_P01114,6.409989088614666
M00241_P01118,7.051778287107419
M00242_P00678,5.840641359608037
M00242_P00679,0.0
M00242_P00680,5.898854997978766
M00242_P00681,0.0
M00242_P00683,6.147504478805188
M00242_P00694,6.368328441861411
M00242_P01177,6.581315929993977
M00242_P01182,5.88151060355803
M00242_P01184,5.9583069458310085
M00242_P01193,5.8970973582722745
M00242_P01196,6.20789175338386
M00243_P00655,6.2435510264253065
M00243_P00662,0.0
M00243_P00666,6.183229838681493
M00243_P00668,0.0
M00243_P00669,6.177044899484211
M00243_P00673,0.0
M00243_P00674,0.0
M00243_P01099,0.0
M00243_P01107,5.9710181709143395
M00243_P01108,7.109772248133637
M00243_P01109,0.0
M00243_P01114,0.0
M00243_P01118,6.385854853450493
M00244_P00136,0.0
M00244_P00141,6.807177756545588
M00244_P00148,0.0
M00244_P00156,0.0
M00244_P00761,6.384581299977244
M00244_P00772,0.0
M00245_P00185,0.0
M00245_P00193,6.308459578576169
M00245_P00197,0.0
M00245_P00199,0.0
M00245_P00200,5.9517662693799585
M00245_P00529,0.0
M00245_P00535,5.9640023508392686
M00245_P00536,0.0
M00245_P00542,0.0
M00245_P00543,0.0
M00246_P00011,5.861999172796569
M00246_P00024,6.168323703086892
M00246_P00835,6.185127720166081
M00246_P00840,0.0
M00246_P00844,6.066777772197752
M00246_P00847,0.0
M00246_P00848,6.011420825572614
M00246_P00856,6.399050538420814
M00247_P00079,0.0
M00247_P00082,6.351120062068265
M00247_P00087,6.0380452973146355
M00247_P00097,6.777968967530367
M00247_P00102,0.0
M00247_P00678,0.0
M00247_P00679,0.0
M00247_P00680,5.871485395824936
M00247_P00681,6.066200254531456
M00247_P00683,0.0
M00247_P00694,0.0
M00248_P00807,0.0
M00248_P00812,0.0
M00248_P00819,0.0
M00248_P00826,6.351792221256982
M00248_P00827,6.7943107154523
M00248_P01020,6.912915420948368
M00248_P01034,5.870688461497753
M00248_P01037,0.0
M00248_P01038,0.0
M00249_P00079,0.0
M00249_P00082,0.0
M00249_P00087,0.0
M00249_P00097,6.426800913370718
M00249_P00102,5.869260352446608
M00249_P00368,0.0
M00249_P00372,0.0
M00249_P00378,5.8622447801035165
M00249_P00382,5.867808260165226
M00249_P00383,0.0
M00250_P00478,6.054101076651356
M00250_P00479,6.76805695209522
M00250_P00486,0.0
M00250_P00491,5.991448094845964
M00250_P00761,0.0
M00250_P00772,5.832061203617823
M00251_P00032,0.0
M00251_P00044,0.0
M00251_P00045,0.0
M00251_P00050,6.035082825513071
M00251_P00052,6.33133939204156
M00251_P00185,0.0
M00251_P00193,0.0
M00251_P00197,5.779809948332194
M00251_P00199,0.0
M00251_P00200,0.0
M00252_P00266,0.0
M00252_P00271,6.382205347959555
M00252_P00278,6.926443864616161
M00252_P00286,6.299364208194988
M00252_P01177,0.0
M00252_P01182,5.881234367215579
M00252_P01184,5.904776060083621
M00252_P01193,5.971833251038295
M00252_P01196,6.3269567073383195
M00253_P00678,0.0
M00253_P00679,0.0
M00253_P00680,6.2254489419718535
M00253_P00681,0.0
M00253_P00683,6.243756575190016
M00253_P00694,6.29475943477572
M00253_P00922,6.243618477378691
M00253_P00927,0.0
M00253_P00931,0.0
M00253_P00935,6.512474050309402
M00254_P00185,6.04223114997938
M00254_P00193,6.382932015843945
M00254_P00197,6.102851081921283
M00254_P00199,0.0
M00254_P00200,6.25554665594916
M00254_P00782,0.0
M00254_P00786,6.038899536913514
M00254_P00788,6.819418578574185
M00254_P00797,6.270047443444907
M00254_P00803,6.265034195210443
M00255_P00807,0.0
M00255_P00812,7.224535644106702
M00255_P00819,5.972159711249455
M00255_P00826,6.789353689176695
M00255_P00827,6.787200718382525
M00255_P01201,0.0
M00255_P01209,5.872952795723387
M00255_P01210,5.866262056586627
M00255_P01211,0.0
M00255_P01214,0.0
M00256_P00678,0.0
M00256_P00679,0.0
M00256_P00680,5.972057276664859
M00256_P00681,5.884371146815018
M00256_P00683,0.0
M00256_P00694,0.0
M00256_P00807,0.0
M00256_P00812,0.0
M00256_P00819,6.088712120983382
M00256_P00826,6.319066244778458
M00256_P00827,6.712136695850111
M00257_P00761,6.331158935415327
M00257_P00772,5.98015406558645
M00257_P00940,5.884392255539597
M00257_P00948,0.0
M00257_P00950,0.0
M00257_P00951,0.0
M00257_P00959,6.139738837034915
M00257_P00962,6.776886176613326
M00258_P00313,6.052714275828375
M00258_P00324,6.357445755075443
M00258_P00329,5.9060617709890435
M00258_P00333,6.425736690243206
M00258_P00334,6.362408234520297
M00258_P01020,6.920909462576191
M00258_P01034,5.8859691753220265
M00258_P01037,0.0
M00258_P01038,0.0
M00259_P00108,5.86880669409575
M00259_P00110,0.0
M00259_P00114,7.191389270363378
M00259_P00124,6.310092449716499
M00259_P00129,6.156155446580819
M00259_P00478,5.849140712292943
M00259_P00479,6.80222174036598
M00259_P00486,0.0
M00259_P00491,0.0
M00260_P00549,0.0
M00260_P00552,0.0
M00260_P00554,6.182283191902148
M00260_P00561,6.822429060990213
M00260_P00562,5.890455594075259
M00260_P00568,5.886620473996105
M00260_P00863,0.0
M00260_P00880,0.0
M00260_P00882,7.372294640029199
M00261_P00478,0.0
M00261_P00479,0.0
M00261_P00486,6.372090818635343
M00261_P00491,5.846044543029559
M00261_P01223,0.0
M00261_P01234,6.819131986217422
M00261_P01236,5.817176756433115
M00261_P01241,0.0
M00261_P01242,0.0
M00262_P00241,6.030301632891093
M00262_P00244,6.148066386608869
M00262_P00245,6.5059688710879415
M00262_P00248,6.405961066485432
M00262_P00255,7.340504560908018
M00262_P00260,0.0
M00262_P00761,6.323073234714971
M00262_P00772,5.877360334724537
M00263_P00549,0.0
M00263_P00552,0.0
M00263_P00554,0.0
M00263_P00561,0.0
M00263_P00562,0.0
M00263_P00568,6.041031605074277
M00263_P00574,5.8804983444621435
M00263_P00579,6.195914519660211
M00263_P00582,0.0
M00263_P00584,6.23984989613013
M00263_P00586,5.891669740560926
M00263_P00590,6.769025425873981
M00264_P00529,6.156001785433916
M00264_P00535,0.0
M00264_P00536,6.178413857757977
M00264_P00542,0.0
M00264_P00543,0.0
M00264_P00761,6.242440851751845
M00264_P00772,5.792692937167044
M00265_P00625,6.249915930158807
M00265_P00630,5.902161111568387
M00265_P00632,0.0
M00265_P00635,0.0
M00265_P00644,6.180012395381115
M00265_P00645,7.3296220140203845
M00265_P00650,0.0
M00265_P00940,5.855610140086635
M00265_P00948,6.341385970908518
M00265_P00950,6.3471703829033865
M00265_P00951,6.225320473731633
M00265_P00959,6.2427816325643235
M00265_P00962,7.086051147151452
M00266_P00055,5.889314886903948
M00266_P00057,6.017450862696345
M00266_P00059,0.0
M00266_P00064,0.0
M00266_P00066,7.060731962529063
M00266_P00071,6.3153333817994515
M00266_P00077,6.364366820658123
M00266_P00549,0.0
M00266_P00552,0.0
M00266_P00554,6.335712713661863
M00266_P00561,7.2114066400723305
M00266_P00562,5.989978982262309
M00266_P00568,0.0
M00267_P00625,0.0
M00267_P00630,0.0
M00267_P00632,6.315090904737438
M00267_P00635,5.862411593091476
M00267_P00644,0.0
M00267_P00645,0.0
M00267_P00650,6.149779134320453
M00267_P01177,0.0
M00267_P01182,5.876662024020847
M00267_P01184,5.865820723661441
M00267_P01193,6.06357520574324
M00267_P01196,6.2995308442660685
M00268_P00055,5.86206161777108
M00268_P00057,5.983017582353334
M00268_P00059,0.0
M00268_P00064,5.981129269894114
M00268_P00066,7.221999203342479
M00268_P00071,6.372186943201384
M00268_P00077,6.378349659106746
M00268_P00807,0.0
M00268_P00812,7.4010027175017
M00268_P00819,0.0
M00268_P00826,6.221369664292184
M00268_P00827,6.769037781692776
M00269_P00157,5.875423907256546
M00269_P00159,0.0
M00269_P00164,0.0
M00269_P00169,6.160792748714666
M00269_P00171,6.795284197980156
M00269_P00175,6.376929750326566
M00269_P00761,6.327273833829439
M00269_P00772,5.777541804625957
M00270_P00011,5.89320480160809
M00270_P00024,6.075385188869043
M00270_P01223,5.779507198309946
M00270_P01234,6.482608927434337
M00270_P01236,0.0
M00270_P01241,6.295089038866918
M00270_P01242,6.177690829541843
M00271_P00241,5.874214542561895
M00271_P00244,6.206905185589119
M00271_P00245,6.321450379550172
M00271_P00248,6.025077209255367
M00271_P00255,7.230727096345803
M00271_P00260,6.910954373367161
M00271_P01070,6.026147923026303
M00271_P01074,6.582736885663019
M00271_P01082,5.8780286101937955
M00272_P00423,6.398886581873651
M00272_P00424,5.899528518885912
M00272_P00425,0.0
M00272_P00426,5.807910313021099
M00272_P00431,0.0
M00272_P00436,6.252267050915824
M00272_P00440,5.8906775979127755
M00272_P00574,0.0
M00272_P00579,6.246644089871218
M00272_P00582,0.0
M00272_P00584,6.265295245573871
M00272_P00586,0.0
M00272_P00590,6.829492728469
M00273_P00136,7.191073750882207
M00273_P00141,0.0
M00273_P00148,5.802207044432575
M00273_P00156,0.0
M00273_P01070,6.020336572563074
M00273_P01074,6.503828265693192
M00273_P01082,0.0
M00274_P00529,5.884322262410201
M00274_P00535,0.0
M00274_P00536,0.0
M00274_P00542,6.524157050404443
M00274_P00543,6.356561384413729
M00274_P01070,5.86025840808802
M00274_P01074,6.09804576506854
M00274_P01082,5.817144958518735
M00275_P00055,0.0
M00275_P00057,5.903781303926949
M00275_P00059,6.078623991122698
M00275_P00064,0.0
M00275_P00066,7.208098774776219
M00275_P00071,6.17579998267428
M00275_P00077,0.0
M00275_P00888,0.0
M00275_P00889,5.865972993109017
M00275_P00893,5.887457373698635
M00275_P00894,6.046551808091886
M00275_P00895,0.0
M00275_P00901,7.036422866559005
M00275_P00909,6.332881849232776
M00276_P00391,0.0
M00276_P00399,6.77736891385726
M00276_P00410,6.8950140991913305
M00276_P00416,6.26442307913235
M00276_P01070,0.0
M00276_P01074,0.0
M00276_P01082,5.972240565458317
M00277_P00136,7.121224504040827
M00277_P00141,6.813258446496925
M00277_P00148,0.0
M00277_P00156,6.237856636600645
M00277_P00368,5.866485300987405
M00277_P00372,6.922587738382464
M00277_P00378,0.0
M00277_P00382,0.0
M00277_P00383,0.0
M00278_P01041,6.0290947231144685
M00278_P01042,0.0
M00278_P01048,6.224957266752141
M00278_P01049,7.191487696637325
M00278_P01051,0.0
M00278_P01055,6.035460491500105
M00278_P01063,0.0
M00278_P01064,6.023706530940179
M00278_P01201,5.902101957295741
M00278_P01209,5.8325423131944
M00278_P01210,5.904985294198334
M00278_P01211,0.0
M00278_P01214,5.8673185558263
M00279_P00266,0.0
M00279_P00271,6.321098873879496
M00279_P00278,6.484193119572247
M00279_P00286,6.300085958953112
M00279_P01177,0.0
M00279_P01182,0.0
M00279_P01184,6.060720647699667
M00279_P01193,6.093099742400206
M00279_P01196,6.34566810610649
M00280_P00055,0.0
M00280_P00057,5.894178321969977
M00280_P00059,6.293491533461579
M00280_P00064,6.031040988871325
M00280_P00066,7.376664719981732
M00280_P00071,0.0
M00280_P00077,0.0
M00280_P00549,0.0
M00280_P00552,0.0
M00280_P00554,6.295375242743285
M00280_P00561,0.0
M00280_P00562,6.068000707789738
M00280_P00568,0.0
M00281_P00478,6.082098133761681
M00281_P00479,7.076251804108926
M00281_P00486,6.547773971261376
M00281_P00491,6.063250292959399
M00281_P00611,0.0
M00281_P00618,0.0
M00281_P00619,6.107803495903335
M00281_P00622,0.0
M00282_P00241,0.0
M00282_P00244,5.804116345608879
M00282_P00245,6.333840057343934
M00282_P00248,0.0
M00282_P00255,6.8416528600001145
M00282_P00260,0.0
M00282_P00423,6.859160825141445
M00282_P00424,5.869138366242089
M00282_P00425,6.186546836363253
M00282_P00426,5.767597386994141
M00282_P00431,5.894354900905545
M00282_P00436,0.0
M00282_P00440,5.8652060244035615
M00283_P00940,0.0
M00283_P00948,6.342198575003533
M00283_P00950,6.362379360203768
M00283_P00951,0.0
M00283_P00959,5.950644245759363
M00283_P00962,6.781017586063017
M00283_P01146,0.0
M00283_P01157,5.846294760949708
M00283_P01166,6.252539028565071
M00283_P01169,0.0
M00284_P00266,6.246114389098205
M00284_P00271,6.768859590528786
M00284_P00278,6.783724945714725
M00284_P00286,0.0
M00284_P00313,0.0
M00284_P00324,0.0
M00284_P00329,5.860994303900475
M00284_P00333,6.238250123719263
M00284_P00334,6.30266808415098
M00285_P01020,6.793192381050355
M00285_P01034,0.0
M00285_P01037,6.018970258115692
M00285_P01038,6.027480917362638
M00285_P01146,0.0
M00285_P01157,5.859705939569995
M00285_P01166,6.769696499352048
M00285_P01169,5.891028258396325
M00286_P00241,5.858903984524234
M00286_P00244,5.83830059670946
M00286_P00245,0.0
M00286_P00248,6.184804039938564
M00286_P00255,0.0
M00286_P00260,6.902607497189388
M00286_P00965,0.0
M00286_P00966,5.864653855609091
M00286_P00975,6.749470389851457
M00286_P00978,0.0
M00286_P00980,6.2218076154581
M00286_P00986,0.0
M00287_P00423,6.824088020919763
M00287_P00424,5.947798698927468
M00287_P00425,0.0
M00287_P00426,5.988511323501104
M00287_P00431,0.0
M00287_P00436,0.0
M00287_P00440,5.873890864651209
M00287_P01041,0.0
M00287_P01042,5.94781921919728
M00287_P01048,6.208775039573059
M00287_P01049,7.558332661702462
M00287_P01051,0.0
M00287_P01055,0.0
M00287_P01063,0.0
M00287_P01064,0.0
M00288_P00011,0.0
M00288_P00024,0.0
M00288_P01099,6.140334683510291
M00288_P01107,5.845903788699377
M00288_P01108,6.762354794597863
M00288_P01109,6.2451586877555725
M00288_P01114,0.0
M00288_P01118,6.290657902135745
M00289_P00888,0.0
M00289_P00889,5.896432666034706
M00289_P00893,5.830770746553138
M00289_P00894,6.2717284688840795
M00289_P00895,6.36744907048896
M00289_P00901,7.127196749429692
M00289_P00909,0.0
M00289_P01120,5.867543601029962
M00290_P00574,5.836301923480224
M00290_P00579,0.0
M00290_P00582,0.0
M00290_P00584,6.383720039682897
M00290_P00586,5.97011312161605
M00290_P00590,6.79986967822834
M00290_P00732,5.821639213996054
M00290_P00738,5.873505515505381
M00290_P00742,6.190543217080572
M00290_P00744,5.786900304569735
M00290_P00747,0.0
M00290_P00753,5.907227188349048
M00291_P00705,5.9889226741859325
M00291_P00707,0.0
M00291_P00716,6.30975888586419
M00291_P00718,6.779076967161071
M00291_P00724,6.057027791015414
M00291_P00728,0.0
M00291_P01041,0.0
M00291_P01042,5.883011698643874
M00291_P01048,6.249918414070847
M00291_P01049,7.034936767371451
M00291_P01051,6.09793016025156
M00291_P01055,0.0
M00291_P01063,6.073756890056564
M00291_P01064,5.8695504501242555
M00292_P00515,5.87083791950447
M00292_P00761,6.50146270224779
M00292_P00772,5.757832324365683
M00293_P00157,0.0
M00293_P00159,6.030489572993096
M00293_P00164,6.48153407072011
M00293_P00169,6.035844031195439
M00293_P00171,0.0
M00293_P00175,6.355698464927646
M00293_P00782,0.0
M00293_P00786,0.0
M00293_P00788,6.722166951628551
M00293_P00797,6.312949278001979
M00293_P00803,6.484405738507058
M00294_P00574,0.0
M00294_P00579,6.2499088825619555
M00294_P00582,0.0
M00294_P00584,6.578183408869154
M00294_P00586,0.0
M00294_P00590,6.7795998992627196
M00294_P00940,5.906976080253164
M00294_P00948,6.138620374445931
M00294_P00950,6.3157077644266595
M00294_P00951,6.379219370178137
M00294_P00959,5.8600367923513685
M00294_P00962,0.0
M00295_P00478,6.0164185925704405
M00295_P00479,6.811860084304636
M00295_P00486,6.427572474788688
M00295_P00491,6.244423798837625
M00295_P01146,0.0
M00295_P01157,6.204629569726277
M00295_P01166,6.795335053069942
M00295_P01169,0.0
M00296_P00011,5.902149325122751
M00296_P00024,0.0
M00296_P00443,6.206208577314538
M00296_P00448,5.837584794074239
M00296_P00452,5.888737745405268
M00296_P00462,5.982226949498737
M00296_P00463,6.255750482913565
M00296_P00465,6.192702984001558
M00296_P00468,0.0
M00297_P00807,0.0
M00297_P00812,6.897972661157675
M00297_P00819,0.0
M00297_P00826,6.387953196070627
M00297_P00827,6.774179967840674
M00297_P00991,0.0
M00297_P00993,5.983843730062093
M00297_P00997,5.846308227504673
M00297_P01000,5.978841185927425
M00297_P01010,6.367476329723669
M00298_P00574,0.0
M00298_P00579,6.171563518855585
M00298_P00582,0.0
M00298_P00584,6.226692726464646
M00298_P00586,5.891981061565339
M00298_P00590,0.0
M00298_P00991,0.0
M00298_P00993,0.0
M00298_P00997,5.99006023249499
M00298_P01000,0.0
M00298_P01010,6.315611624069756
M00299_P00423,6.571136574310846
M00299_P00424,5.861162338494988
M00299_P00425,0.0
M00299_P00426,0.0
M00299_P00431,5.776009406298374
M00299_P00436,6.173372373468202
M00299_P00440,5.882761191842258
M00299_P01020,6.522361660196989
M00299_P01034,0.0
M00299_P01037,0.0
M00299_P01038,5.958221462389962
M00300_P00157,0.0
M00300_P00159,5.866215037447564
M00300_P00164,0.0
M00300_P00169,5.863918086746479
M00300_P00171,0.0
M00300_P00175,6.226681338644373
M00300_P01041,6.0263060042558205
M00300_P01042,0.0
M00300_P01048,6.272989715783819
M00300_P01049,7.1941754962338065
M00300_P01051,6.322754489614232
M00300_P01055,6.034356269382865
M00300_P01063,5.878792504887586
M00300_P01064,0.0
M00301_P00515,0.0
M00301_P00761,6.236400356808601
M00301_P00772,0.0
M00302_P00209,0.0
M00302_P00210,7.129604330484109
M00302_P00211,0.0
M00302_P00219,5.948141330581669
M00302_P00221,0.0
M00302_P00222,0.0
M00302_P00232,0.0
M00302_P00234,7.3767120685851335
M00302_P01201,5.951114505971055
M00302_P01209,5.858786755449795
M00302_P01210,0.0
M00302_P01211,6.936133324750083
M00302_P01214,5.973307762705697
M00303_P00529,5.890253528932278
M00303_P00535,5.8737189196221875
M00303_P00536,5.905978178767297
M00303_P00542,5.8816022974046165
M00303_P00543,6.343001939231121
M00303_P00705,6.044126480015004
M00303_P00707,6.416104248444862
M00303_P00716,0.0
M00303_P00718,0.0
M00303_P00724,6.064983754465562
M00303_P00728,6.359276559352439
M00304_P00209,5.897825336972634
M00304_P00210,0.0
M00304_P00211,0.0
M00304_P00219,0.0
M00304_P00221,6.071229421829297
M00304_P00222,6.7672175505335055
M00304_P00232,0.0
M00304_P00234,0.0
M00304_P00922,6.394971978781152
M00304_P00927,6.069310875041463
M00304_P00931,6.051949240994712
M00304_P00935,0.0
M00305_P00266,6.063171813550739
M00305_P00271,0.0
M00305_P00278,6.820609254047223
M00305_P00286,6.2013765965892285
M00305_P00443,0.0
M00305_P00448,6.103658957162884
M00305_P00452,6.033723219801328
M00305_P00462,6.794240864620984
M00305_P00463,0.0
M00305_P00465,0.0
M00305_P00468,6.2758780119768325
M00306_P00549,6.064465407115329
M00306_P00552,6.082270418367509
M00306_P00554,6.4962817073391435
M00306_P00561,7.387879624876015
M00306_P00562,6.057997720096669
M00306_P00568,0.0
M00306_P01223,0.0
M00306_P01234,0.0
M00306_P01236,5.861240373076025
M00306_P01241,0.0
M00306_P01242,5.880312340376146
M00307_P00108,0.0
M00307_P00110,0.0
M00307_P00114,6.863775787177684
M00307_P00124,0.0
M00307_P00129,0.0
M00307_P00266,0.0
M00307_P00271,0.0
M00307_P00278,6.792805947932162
M00307_P00286,0.0
M00308_P01120,0.0
M00308_P01223,0.0
M00308_P01234,6.407545389527597
M00308_P01236,0.0
M00308_P01241,6.3615348244756404
M00308_P01242,5.903159761322673
M00309_P00611,6.053920519399946
M00309_P00618,0.0
M00309_P00619,6.341300972166406
M00309_P00622,6.140811534091052
M00309_P00922,0.0
M00309_P00927,5.904073722659972
M00309_P00931,5.89092198545728
M00309_P00935,0.0
M00310_P00011,5.800774332712106
M00310_P00024,5.948084098056344
M00310_P00443,0.0
M00310_P00448,5.986979342835944
M00310_P00452,5.969509571894739
M00310_P00462,0.0
M00310_P00463,6.7977728340577945
M00310_P00465,0.0
M00310_P00468,0.0
M00311_P00611,5.883679044595048
M00311_P00618,6.3445447942920445
M00311_P00619,5.866701057753653
M00311_P00622,6.508177824312846
M00311_P00761,6.202290529959016
M00311_P00772,0.0
M00312_P00625,0.0
M00312_P00630,6.043611693668543
M00312_P00632,6.255904027493999
M00312_P00635,6.5958405670532185
M00312_P00644,6.052968115996433
M00312_P00645,0.0
M00312_P00650,6.095155184010806
M00312_P00965,0.0
M00312_P00966,0.0
M00312_P00975,6.6989351888733735
M00312_P00978,6.872547135269938
M00312_P00980,6.071751507847936
M00312_P00986,0.0
M00313_P00157,0.0
M00313_P00159,5.870685655541181
M00313_P00164,0.0
M00313_P00169,5.8820214990644075
M00313_P00171,6.351220938566231
M00313_P00175,6.181388425570772
M00313_P01146,0.0
M00313_P01157,0.0
M00313_P01166,6.3709852817727235
M00313_P01169,0.0
M00314_P00032,0.0
M00314_P00044,0.0
M00314_P00045,5.889635032060875
M00314_P00050,0.0
M00314_P00052,0.0
M00314_P01041,0.0
M00314_P01042,0.0
M00314_P01048,6.233912811859227
M00314_P01049,0.0
M00314_P01051,0.0
M00314_P01055,5.905216968795356
M00314_P01063,0.0
M00314_P01064,0.0
M00315_P00368,5.87094272512341
M00315_P00372,0.0
M00315_P00378,5.8927092196396025
M00315_P00382,6.1608370841194375
M00315_P00383,5.86529015379853
M00315_P01020,0.0
M00315_P01034,6.038733098863357
M00315_P01037,0.0
M00315_P01038,0.0
M00316_P00761,0.0
M00316_P00772,6.152045153088958
M00316_P01041,0.0
M00316_P01042,5.8608438156840705
M00316_P01048,0.0
M00316_P01049,0.0
M00316_P01051,6.240562622708876
M00316_P01055,5.766332177652786
M00316_P01063,5.831355457349429
M00316_P01064,6.361414403549783
M00317_P00678,5.8587362966941186
M00317_P00679,0.0
M00317_P00680,0.0
M00317_P00681,5.89205182580123
M00317_P00683,6.109434791873347
M00317_P00694,6.398407168653275
M00317_P01070,0.0
M00317_P01074,6.342782622152173
M00317_P01082,0.0
M00318_P00055,5.781683929359642
M00318_P00057,0.0
M00318_P00059,0.0
M00318_P00064,0.0
M00318_P00066,0.0
M00318_P00071,6.253568924689394
M00318_P00077,6.364881350835112
M00318_P00079,6.904361550846874
M00318_P00082,6.267295347208616
M00318_P00087,5.7978802015216795
M00318_P00097,0.0
M00318_P00102,5.897904954247695
M00319_P00157,0.0
M00319_P00159,0.0
M00319_P00164,0.0
M00319_P00169,6.242088409955349
M00319_P00171,0.0
M00319_P00175,6.086644570415784
M00319_P00185,6.043149292172348
M00319_P00193,0.0
M00319_P00197,0.0
M00319_P00199,6.038562168833021
M00319_P00200,5.972792849695024
M00320_P00625,0.0
M00320_P00630,6.06198332159843
M00320_P00632,6.35317745649013
M00320_P00635,6.338066148043364
M00320_P00644,6.50806073717631
M00320_P00645,6.765780514951208
M00320_P00650,6.250272112310831
M00320_P00782,0.0
M00320_P00786,6.032492688951848
M00320_P00788,0.0
M00320_P00797,0.0
M00320_P00803,6.511738905941259
M00321_P00965,0.0
M00321_P00966,0.0
M00321_P00975,0.0
M00321_P00978,0.0
M00321_P00980,0.0
M00321_P00986,0.0
M00321_P01223,6.0333656462613625
M00321_P01234,0.0
M00321_P01236,5.836767977748718
M00321_P01241,6.230922332738395
M00321_P01242,5.868817727318299
M00322_P00157,0.0
M00322_P00159,5.97533747671645
M00322_P00164,0.0
M00322_P00169,5.852998092281964
M00322_P00171,0.0
M00322_P00175,6.1979656111732115
M00322_P01070,0.0
M00322_P01074,6.236303771044181
M00322_P01082,5.896860281002057
M00323_P00055,0.0
M00323_P00057,0.0
M00323_P00059,0.0
M00323_P00064,5.98653728333088
M00323_P00066,7.430121262165888
M00323_P00071,0.0
M00323_P00077,6.299030391836029
M00323_P00443,0.0
M00323_P00448,0.0
M00323_P00452,0.0
M00323_P00462,6.3473803099129995
M00323_P00463,6.48642419950785
M00323_P00465,6.219914125055652
M00323_P00468,6.315127387245375
M00324_P00345,5.885026950051662
M00324_P00347,6.10626369328734
M00324_P00351,6.245629414414902
M00324_P00353,5.8778670090660095
M00324_P00359,6.265088713557539
M00324_P00362,5.88630806905619
M00324_P00761,6.35049796197036
M00324_P00772,6.024607478764151
M00325_P00157,6.0343303817027065
M00325_P00159,0.0
M00325_P00164,6.362683073566184
M00325_P00169,5.961475594920255
M00325_P00171,0.0
M00325_P00175,6.360987949067398
M00325_P00611,0.0
M00325_P00618,6.149330222016643
M00325_P00619,0.0
M00325_P00622,6.045758314526507
M00326_P00888,0.0
M00326_P00889,6.063050908976699
M00326_P00893,6.046083262327681
M00326_P00894,0.0
M00326_P00895,0.0
M00326_P00901,7.130761768081297
M00326_P00909,6.781689823605026
M00326_P01099,6.190886028636195
M00326_P01107,5.8839175226140945
M00326_P01108,6.816963152887563
M00326_P01109,6.319256765632901
M00326_P01114,6.486908429034719
M00326_P01118,0.0
M00327_P00443,0.0
M00327_P00448,5.8716220762708735
M00327_P00452,5.866304153757071
M00327_P00462,6.349840224130682
M00327_P00463,0.0
M00327_P00465,6.181814475780733
M00327_P00468,6.0710557431533285
M00327_P00655,0.0
M00327_P00662,0.0
M00327_P00666,0.0
M00327_P00668,6.18197167410821
M00327_P00669,6.3896750897147685
M00327_P00673,6.754931426854773
M00327_P00674,6.165882249493302
M00328_P00136,6.788778045415938
M00328_P00141,0.0
M00328_P00148,5.879209959587821
M00328_P00156,6.273437218058491
M00328_P00761,6.330139671780642
M00328_P00772,6.043071692221391
M00329_P01041,0.0
M00329_P01042,0.0
M00329_P01048,6.228430709259096
M00329_P01049,6.8872123780063115
M00329_P01051,6.247389866818089
M00329_P01055,5.987807012551232
M00329_P01063,6.269932993974157
M00329_P01064,6.057495093323195
M00329_P01070,5.790549926037478
M00329_P01074,6.163234583524172
M00329_P01082,5.840429507614147
M00330_P00079,0.0
M00330_P00082,6.144255722966523
M00330_P00087,5.903898883785527
M00330_P00097,0.0
M00330_P00102,0.0
M00330_P00574,5.861436634790327
M00330_P00579,0.0
M00330_P00582,6.176556559553008
M00330_P00584,6.138918592786537
M00330_P00586,5.867347528361941
M00330_P00590,0.0
M00331_P00345,5.905869513971024
M00331_P00347,6.177790437924522
M00331_P00351,6.22017701449363
M00331_P00353,5.881150366176231
M00331_P00359,6.2656395233673665
M00331_P00362,0.0
M00331_P00940,6.10431596816117
M00331_P00948,0.0
M00331_P00950,0.0
M00331_P00951,0.0
M00331_P00959,0.0
M00331_P00962,6.841079235911807
M00332_P00345,6.029169652692114
M00332_P00347,0.0
M00332_P00351,6.339863776936145
M00332_P00353,0.0
M00332_P00359,6.31921424963781
M00332_P00362,6.268312247069509
M00332_P00965,6.70594061415065
M00332_P00966,0.0
M00332_P00975,0.0
M00332_P00978,0.0
M00332_P00980,0.0
M00332_P00986,0.0
M00333_P00241,0.0
M00333_P00244,5.901878534363806
M00333_P00245,6.390406238066406
M00333_P00248,0.0
M00333_P00255,0.0
M00333_P00260,7.421524680584899
M00333_P01020,6.773278501189618
M00333_P01034,6.201802519467465
M00333_P01037,6.030662691240826
M00333_P01038,0.0
M00334_P00209,5.825245394710748
M00334_P00210,0.0
M00334_P00211,0.0
M00334_P00219,5.833782415471818
M00334_P00221,6.291276404567806
M00334_P00222,6.319957816851709
M00334_P00232,5.866702627514413
M00334_P00234,7.4167401498867
M00334_P00241,6.251156156653265
M00334_P00244,0.0
M00334_P00245,6.376616641833979
M00334_P00248,6.400037506280996
M00334_P00255,7.335768036605685
M00334_P00260,0.0
M00335_P00185,0.0
M00335_P00193,6.250769864326951
M00335_P00197,6.049120291759429
M00335_P00199,0.0
M00335_P00200,5.904937346189437
M00335_P00287,0.0
M00335_P00290,0.0
M00335_P00291,5.902230467837817
M00335_P00295,7.213261776078311
M00335_P00297,0.0
M00335_P00298,0.0
M00335_P00299,5.868927106615507
M00335_P00304,5.8830079748009485
M00335_P00307,0.0
M00335_P00309,0.0
M00335_P00310,6.243991565725963
M00336_P00011,6.074224449419432
M00336_P00024,0.0
M00336_P00209,5.881547163539391
M00336_P00210,0.0
M00336_P00211,0.0
M00336_P00219,0.0
M00336_P00221,0.0
M00336_P00222,6.294735226221136
M00336_P00232,0.0
M00336_P00234,7.337406180444522
M00337_P00529,5.857365143878723
M00337_P00535,0.0
M00337_P00536,0.0
M00337_P00542,0.0
M00337_P00543,6.094567070769672
M00337_P00965,6.7005099956885354
M00337_P00966,0.0
M00337_P00975,0.0
M00337_P00978,0.0
M00337_P00980,6.334970335248727
M00337_P00986,7.193494037488864
M00338_P00079,0.0
M00338_P00082,6.142517583656323
M00338_P00087,5.826119617207234
M00338_P00097,6.3586376791773604
M00338_P00102,6.350376037782856
M00338_P00423,0.0
M00338_P00424,0.0
M00338_P00425,6.237359122920453
M00338_P00426,6.064189805228105
M00338_P00431,0.0
M00338_P00436,6.507628949843354
M00338_P00440,6.09815454205689
M00339_P00185,0.0
M00339_P00193,6.174733300673737
M00339_P00197,5.8813508055539465
M00339_P00199,5.872607366382279
M00339_P00200,5.896999927664628
M00339_P00863,5.983158773752814
M00339_P00880,0.0
M00339_P00882,0.0
M00340_P00732,5.857330106280163
M00340_P00738,5.8292539661142975
M00340_P00742,6.332105834698014
M00340_P00744,5.887372266297729
M00340_P00747,0.0
M00340_P00753,0.0
M00340_P00782,6.2393598445256355
M00340_P00786,5.954523184649554
M00340_P00788,0.0
M00340_P00797,6.146077417857612
M00340_P00803,0.0
M00341_P00835,0.0
M00341_P00840,0.0
M00341_P00844,5.956279038808269
M00341_P00847,6.232133530516704
M00341_P00848,0.0
M00341_P00856,6.887934124768299
M00341_P00991,0.0
M00341_P00993,5.868295350027825
M00341_P00997,0.0
M00341_P01000,0.0
M00341_P01010,6.335780112371428
M00342_P00368,6.0572582971129965
M00342_P00372,6.738087783466445
M00342_P00378,6.179573638130415
M00342_P00382,0.0
M00342_P00383,5.973377283701681
M00342_P00835,0.0
M00342_P00840,5.888192450870615
M00342_P00844,5.873373526363807
M00342_P00847,5.822041593553978
M00342_P00848,0.0
M00342_P00856,0.0
M00343_P01099,6.358785690360172
M00343_P01107,5.8967914647229795
M00343_P01108,0.0
M00343_P01109,6.370294074374249
M00343_P01114,6.30431530886225
M00343_P01118,0.0
M00343_P01201,0.0
M00343_P01209,0.0
M00343_P01210,5.829663007473617
M00343_P01211,6.780949071273432
M00343_P01214,6.149774438996213
M00344_P00761,0.0
M00344_P00772,5.860135443267292
M00344_P01099,6.363246696913911
M00344_P01107,0.0
M00344_P01108,6.909924148538599
M00344_P01109,6.252544522551818
M00344_P01114,0.0
M00344_P01118,6.588253429970007
M00345_P00655,0.0
M00345_P00662,0.0
M00345_P00666,6.58426008786815
M00345_P00668,0.0
M00345_P00669,0.0
M00345_P00673,6.242345434385277
M00345_P00674,6.706991462901514
M00345_P00782,6.25162803731801
M00345_P00786,0.0
M00345_P00788,0.0
M00345_P00797,0.0
M00345_P00803,6.425689634554568
M00346_P00807,0.0
M00346_P00812,7.305716037677609
M00346_P00819,5.908144292155085
M00346_P00826,6.327894625259881
M00346_P00827,6.76946631365481
M00346_P01201,6.21785109826939
M00346_P01209,6.044897686267709
M00346_P01210,5.904395403952443
M00346_P01211,6.787548650495425
M00346_P01214,0.0
M00347_P00136,7.019111419361504
M00347_P00141,0.0
M00347_P00148,0.0
M00347_P00156,6.5885472869560076
M00347_P00549,5.951293967649901
M00347_P00552,6.070034269571216
M00347_P00554,6.180800189343311
M00347_P00561,7.2283912256776235
M00347_P00562,6.079382794419543
M00347_P00568,5.977786085164227
M00348_P00108,0.0
M00348_P00110,0.0
M00348_P00114,0.0
M00348_P00124,6.707287831492549
M00348_P00129,6.108797981644548
M00348_P00241,5.8739656475138124
M00348_P00244,5.961238041162827
M00348_P00245,6.340371082149967
M00348_P00248,6.236982088857303
M00348_P00255,7.118481304479914
M00348_P00260,0.0
M00349_P00625,0.0
M00349_P00630,5.883908857836429
M00349_P00632,0.0
M00349_P00635,6.165722343115065
M00349_P00644,6.300117681539785
M00349_P00645,6.805287208231554
M00349_P00650,0.0
M00349_P01020,0.0
M00349_P01034,0.0
M00349_P01037,5.903414208488917
M00349_P01038,0.0
M00350_P00761,0.0
M00350_P00772,5.881818219080208
M00350_P00863,6.033726143735538
M00350_P00880,6.7185136186295775
M00350_P00882,0.0
M00351_P00157,0.0
M00351_P00159,5.892864419283712
M00351_P00164,0.0
M00351_P00169,0.0
M00351_P00171,0.0
M00351_P00175,6.273743464476444
M00351_P01177,0.0
M00351_P01182,0.0
M00351_P01184,0.0
M00351_P01193,5.885572658547982
M00351_P01196,6.356773004766694
M00352_P00705,5.884301082358085
M00352_P00707,0.0
M00352_P00716,6.295063814626023
M00352_P00718,0.0
M00352_P00724,6.234283582148486
M00352_P00728,7.448515471103959
M00352_P00761,6.209806204270072
M00352_P00772,5.833928933856227
M00353_P00549,0.0
M00353_P00552,5.89651391065947
M00353_P00554,0.0
M00353_P00561,0.0
M00353_P00562,5.88123991110419
M00353_P00568,5.870237412463567
M00353_P00782,6.1803705374468185
M00353_P00786,5.9777750714058095
M00353_P00788,6.921797684999842
M00353_P00797,6.3157966721623655
M00353_P00803,0.0
M00354_P00157,0.0
M00354_P00159,0.0
M00354_P00164,6.502331898295452
M00354_P00169,0.0
M00354_P00171,6.26629318143912
M00354_P00175,6.254339541860705
M00354_P01201,0.0
M00354_P01209,5.8634272697427505
M00354_P01210,0.0
M00354_P01211,6.7191875280544195
M00354_P01214,0.0
M00355_P00529,5.810059934369401
M00355_P00535,5.888929646678926
M00355_P00536,5.899585251302225
M00355_P00542,0.0
M00355_P00543,6.258267107788716
M00355_P01120,5.799122965442009
M00356_P00241,0.0
M00356_P00244,0.0
M00356_P00245,6.488898003782712
M00356_P00248,0.0
M00356_P00255,7.242796712960005
M00356_P00260,0.0
M00356_P01146,7.0319411502846165
M00356_P01157,6.011662575097272
M00356_P01166,6.239413438105177
M00356_P01169,6.308534309128678
M00357_P00136,0.0
M00357_P00141,6.836325848843403
M00357_P00148,5.866335568147907
M00357_P00156,6.161295997470174
M00357_P00157,0.0
M00357_P00159,5.887295625908245
M00357_P00164,6.30269095300203
M00357_P00169,6.327399508298311
M00357_P00171,6.341900220954073
M00357_P00175,0.0
M00358_P00157,0.0
M00358_P00159,0.0
M00358_P00164,6.427169523687152
M00358_P00169,6.0446358034630165
M00358_P00171,0.0
M00358_P00175,0.0
M00358_P00625,6.01043293892393
M00358_P00630,5.879413823409183
M00358_P00632,0.0
M00358_P00635,6.189664924016116
M00358_P00644,0.0
M00358_P00645,6.7887799132960405
M00358_P00650,0.0
M00359_P00922,0.0
M00359_P00927,6.057556843235474
M00359_P00931,5.962006763955382
M00359_P00935,6.349048156607551
M00359_P00965,0.0
M00359_P00966,0.0
M00359_P00975,6.801944912375563
M00359_P00978,0.0
M00359_P00980,6.312915579186999
M00359_P00986,6.424312904776487
M00360_P00185,0.0
M00360_P00193,0.0
M00360_P00197,0.0
M00360_P00199,0.0
M00360_P00200,5.843539055427124
M00360_P01099,6.146706132179163
M00360_P01107,5.835535749003656
M00360_P01108,6.751716486959065
M00360_P01109,6.2666740202599325
M00360_P01114,0.0
M00360_P01118,0.0
M00361_P00705,0.0
M00361_P00707,6.3439446365147925
M00361_P00716,6.197731208621215
M00361_P00718,0.0
M00361_P00724,6.080165220567053
M00361_P00728,6.183354299797152
M00361_P01099,6.3544990048460255
M00361_P01107,6.068095712836987
M00361_P01108,7.084857378524943
M00361_P01109,6.42099643150564
M00361_P01114,7.033340563018682
M00361_P01118,6.250538767596299
M00362_P00478,0.0
M00362_P00479,0.0
M00362_P00486,0.0
M00362_P00491,6.387822492216445
M00362_P01020,6.802327424241474
M00362_P01034,0.0
M00362_P01037,5.783957838524709
M00362_P01038,0.0
M00363_P00157,0.0
M00363_P00159,0.0
M00363_P00164,6.404655789262856
M00363_P00169,0.0
M00363_P00171,6.347968929001646
M00363_P00175,6.3021685351085415
M00363_P00965,0.0
M00363_P00966,5.889530642893129
M00363_P00975,7.080082616156969
M00363_P00978,0.0
M00363_P00980,6.315714973997852
M00363_P00986,0.0
M00364_P00241,5.856742897377415
M00364_P00244,5.81668452848304
M00364_P00245,6.172309810519632
M00364_P00248,6.38578078813032
M00364_P00255,0.0
M00364_P00260,6.727841180036746
M00364_P01120,0.0
M00365_P00157,0.0
M00365_P00159,5.866036509276189
M00365_P00164,6.10425925046869
M00365_P00169,5.8645423262674825
M00365_P00171,0.0
M00365_P00175,6.141620547381173
M00365_P00611,0.0
M00365_P00618,6.262385370917757
M00365_P00619,5.8124820141913585
M00365_P00622,0.0
M00366_P00185,5.84271307026637
M00366_P00193,6.220232671766125
M00366_P00197,0.0
M00366_P00199,5.876536262269156
M00366_P00200,0.0
M00366_P00478,0.0
M00366_P00479,0.0
M00366_P00486,6.296071138634628
M00366_P00491,0.0
M00367_P00705,6.047386261207927
M00367_P00707,0.0
M00367_P00716,0.0
M00367_P00718,6.842864835418186
M00367_P00724,6.094544604680514
M00367_P00728,0.0
M00367_P00940,6.3050047595966126
M00367_P00948,0.0
M00367_P00950,6.2443978046490685
M00367_P00951,6.239276779921255
M00367_P00959,5.899725303818418
M00367_P00962,7.036270300638253
M00368_P00991,7.235248821637525
M00368_P00993,6.083343034241432
M00368_P00997,0.0
M00368_P01000,0.0
M00368_P01010,6.229470205867859
M00368_P01120,0.0
M00369_P00032,6.7918159084746295
M00369_P00044,7.071498200525654
M00369_P00045,0.0
M00369_P00050,6.101753967547336
M00369_P00052,7.035014808035922
M00369_P00313,0.0
M00369_P00324,6.77505251298983
M00369_P00329,0.0
M00369_P00333,6.186127117357879
M00369_P00334,6.270148619252875
M00370_P00549,0.0
M00370_P00552,5.876271302134308
M00370_P00554,6.03191134396905
M00370_P00561,6.777673340720172
M00370_P00562,0.0
M00370_P00568,0.0
M00370_P00611,5.949968071618639
M00370_P00618,0.0
M00370_P00619,5.8214862422266735
M00370_P00622,0.0
M00371_P00241,6.0657825907666645
M00371_P00244,6.052777959005505
M00371_P00245,0.0
M00371_P00248,6.728163097418727
M00371_P00255,0.0
M00371_P00260,7.3471222565427725
M00371_P00965,0.0
M00371_P00966,0.0
M00371_P00975,6.575360445858101
M00371_P00978,6.844605523068146
M00371_P00980,6.273444109309916
M00371_P00986,6.925264227522579
M00372_P00108,6.046457613194518
M00372_P00110,5.887490031873341
M00372_P00114,7.096222489855597
M00372_P00124,0.0
M00372_P00129,6.1078538421167945
M00372_P00266,6.207934137671328
M00372_P00271,0.0
M00372_P00278,6.754614723766749
M00372_P00286,6.726816967259766
M00373_P00136,6.9177649711918106
M00373_P00141,0.0
M00373_P00148,0.0
M00373_P00156,6.223256360164386
M00373_P00888,6.090399076386468
M00373_P00889,6.059925206807044
M00373_P00893,0.0
M00373_P00894,6.273397714166807
M00373_P00895,6.348144191669378
M00373_P00901,0.0
M00373_P00909,6.37461154376176
M00374_P00678,0.0
M00374_P00679,6.898315355409658
M00374_P00680,0.0
M00374_P00681,0.0
M00374_P00683,6.258248473473053
M00374_P00694,0.0
M00374_P00782,6.181903121878095
M00374_P00786,6.043285696880972
M00374_P00788,0.0
M00374_P00797,6.160020648114607
M00374_P00803,6.572116742337545
M00375_P00515,5.8575862350153605
M00375_P00611,0.0
M00375_P00618,6.276480976366688
M00375_P00619,6.093303049452837
M00375_P00622,6.812738982431689
M00376_P00940,6.186918642201923
M00376_P00948,6.072643606586591
M00376_P00950,6.149465070141363
M00376_P00951,6.361382995947252
M00376_P00959,6.051289864254329
M00376_P00962,6.800810693778994
M00376_P01020,0.0
M00376_P01034,5.833243497153797
M00376_P01037,5.833263560871134
M00376_P01038,5.8744165502558126
M00377_P00241,5.8681474285190856
M00377_P00244,5.872812456231634
M00377_P00245,0.0
M00377_P00248,0.0
M00377_P00255,0.0
M00377_P00260,7.236138931822753
M00377_P00287,0.0
M00377_P00290,0.0
M00377_P00291,5.79586769097893
M00377_P00295,0.0
M00377_P00297,5.871948729220089
M00377_P00298,5.952781455215497
M00377_P00299,5.858725336242748
M00377_P00304,5.7950827774861935
M00377_P00307,0.0
M00377_P00309,0.0
M00377_P00310,0.0
M00378_P00136,7.042524268753783
M00378_P00141,0.0
M00378_P00148,0.0
M00378_P00156,0.0
M00378_P01120,0.0
M00379_P00705,0.0
M00379_P00707,6.382877931640459
M00379_P00716,0.0
M00379_P00718,6.894123676696144
M00379_P00724,6.074230162871975
M00379_P00728,0.0
M00379_P01099,6.512447413820701
M00379_P01107,6.149439923736969
M00379_P01108,6.781611148769449
M00379_P01109,0.0
M00379_P01114,6.857631542437827
M00379_P01118,6.766115011793023
M00380_P00443,6.249848210297331
M00380_P00448,5.906805231909595
M00380_P00452,5.875403730164285
M00380_P00462,0.0
M00380_P00463,6.395743989637175
M00380_P00465,6.142679208751416
M00380_P00468,0.0
M00380_P00678,0.0
M00380_P00679,6.896141182429691
M00380_P00680,5.892731831045774
M00380_P00681,0.0
M00380_P00683,0.0
M00380_P00694,0.0
M00381_P00574,5.901983670001576
M00381_P00579,6.497530598107994
M00381_P00582,6.323980605806231
M00381_P00584,0.0
M00381_P00586,0.0
M00381_P00590,7.130481276217284
M00381_P00732,5.771607861831396
M00381_P00738,0.0
M00381_P00742,0.0
M00381_P00744,0.0
M00381_P00747,7.042820244343858
M00381_P00753,5.887779874755549
M00382_P01120,0.0
M00382_P01146,0.0
M00382_P01157,5.8396604680731805
M00382_P01166,0.0
M00382_P01169,5.8687058505756085
M00383_P00863,0.0
M00383_P00880,6.179607450439777
M00383_P00882,6.758760041949238
M00383_P01120,0.0
M00384_P00368,5.86246548167183
M00384_P00372,0.0
M00384_P00378,5.957642421198638
M00384_P00382,0.0
M00384_P00383,5.897172898465636
M00384_P00678,0.0
M00384_P00679,7.20514892338524
M00384_P00680,6.172860883062297
M00384_P00681,6.0328965611095375
M00384_P00683,6.312630418505051
M00384_P00694,6.3643590941931665
M00385_P00011,5.857402547141851
M00385_P00024,0.0
M00385_P00368,5.946432325340901
M00385_P00372,6.799329482660741
M00385_P00378,0.0
M00385_P00382,6.2232455425136655
M00385_P00383,0.0
M00386_P00209,0.0
M00386_P00210,7.120175760157417
M00386_P00211,0.0
M00386_P00219,5.894580871701732
M00386_P00221,6.569150857774048
M00386_P00222,6.504535261179231
M00386_P00232,6.172953506799983
M00386_P00234,7.263905756858869
M00386_P00443,0.0
M00386_P00448,5.812957201573743
M00386_P00452,5.854715665706089
M00386_P00462,6.390644782789975
M00386_P00463,6.557911433568067
M00386_P00465,0.0
M00386_P00468,0.0
M00387_P00011,0.0
M00387_P00024,6.076251346398698
M00387_P00185,5.796758364444099
M00387_P00193,6.169669255612843
M00387_P00197,0.0
M00387_P00199,0.0
M00387_P00200,5.867254681285163
M00388_P00209,0.0
M00388_P00210,7.092256158388434
M00388_P00211,0.0
M00388_P00219,0.0
M00388_P00221,6.349914708025661
M00388_P00222,0.0
M00388_P00232,0.0
M00388_P00234,0.0
M00388_P00287,0.0
M00388_P00290,5.864567589140095
M00388_P00291,0.0
M00388_P00295,7.10460613054467
M00388_P00297,5.858979823894948
M00388_P00298,0.0
M00388_P00299,6.067759480492901
M00388_P00304,5.8460458745074435
M00388_P00307,6.3161305030567245
M00388_P00309,0.0
M00388_P00310,0.0
M00389_P00835,0.0
M00389_P00840,0.0
M00389_P00844,0.0
M00389_P00847,5.807090214996898
M00389_P00848,5.8211222861029785
M00389_P00856,6.1814811092229895
M00389_P00940,0.0
M00389_P00948,6.4146828518047245
M00389_P00950,6.254336952596985
M00389_P00951,0.0
M00389_P00959,0.0
M00389_P00962,0.0
M00390_P00108,0.0
M00390_P00110,5.896597975429611
M00390_P00114,7.084737555548238
M00390_P00124,6.228281043683084
M00390_P00129,0.0
M00390_P00678,0.0
M00390_P00679,0.0
M00390_P00680,5.989470649940559
M00390_P00681,6.1909527348792555
M00390_P00683,0.0
M00390_P00694,6.415835461935742
M00391_P00032,6.482392900358402
M00391_P00044,6.3450730358286
M00391_P00045,0.0
M00391_P00050,5.86002429207793
M00391_P00052,6.332851538541626
M00391_P00705,6.159957117490887
M00391_P00707,0.0
M00391_P00716,0.0
M00391_P00718,0.0
M00391_P00724,0.0
M00391_P00728,6.3660474364865545
M00392_P00529,5.946470775751364
M00392_P00535,0.0
M00392_P00536,6.016640947107147
M00392_P00542,6.032714213222438
M00392_P00543,6.331821507801703
M00392_P00965,0.0
M00392_P00966,5.882568872932171
M00392_P00975,6.844101984497692
M00392_P00978,6.761395735738399
M00392_P00980,0.0
M00392_P00986,6.798109099844231
M00393_P01041,5.978380632654672
M00393_P01042,0.0
M00393_P01048,0.0
M00393_P01049,7.227932896434285
M00393_P01051,6.364363438121711
M00393_P01055,6.160440563799119
M00393_P01063,6.0813608130852765
M00393_P01064,6.085154115095158
M00393_P01177,0.0
M00393_P01182,5.945651495396786
M00393_P01184,5.877731169820528
M00393_P01193,0.0
M00393_P01196,6.781250084115706
M00394_P00185,0.0
M00394_P00193,6.361169683294467
M00394_P00197,5.90042661717238
M00394_P00199,0.0
M00394_P00200,5.859925192974129
M00394_P00678,0.0
M00394_P00679,0.0
M00394_P00680,6.043201322041934
M00394_P00681,0.0
M00394_P00683,0.0
M00394_P00694,0.0
M00395_P00266,6.330772329287484
M00395_P00271,6.274571210906777
M00395_P00278,0.0
M00395_P00286,0.0
M00395_P01041,0.0
M00395_P01042,0.0
M00395_P01048,6.335382066546297
M00395_P01049,0.0
M00395_P01051,6.3279099933543925
M00395_P01055,6.236977179948503
M00395_P01063,5.991080598606085
M00395_P01064,0.0
M00396_P00136,7.1211222729455175
M00396_P00141,6.911393117946697
M00396_P00148,6.177101905120454
M00396_P00156,6.212215412364039
M00396_P00732,5.89963348602301
M00396_P00738,5.87412304003448
M00396_P00742,6.256684907057218
M00396_P00744,5.828969556674538
M00396_P00747,6.92222224819285
M00396_P00753,5.900728372931741
M00397_P00705,0.0
M00397_P00707,6.253228063668514
M00397_P00716,0.0
M00397_P00718,7.117666867164168
M00397_P00724,0.0
M00397_P00728,6.5537437139837325
M00397_P00991,6.822678680833594
M00397_P00993,5.984546830823093
M00397_P00997,5.879481484654518
M00397_P01000,6.495794358264927
M00397_P01010,6.582330245324669
M00398_P00515,6.172441180149335
M00398_P00655,6.1837457521921815
M00398_P00662,5.854393997120376
M00398_P00666,0.0
M00398_P00668,0.0
M00398_P00669,6.153160843845214
M00398_P00673,6.256385290879486
M00398_P00674,0.0
M00399_P00368,6.081022632886039
M00399_P00372,6.784279869675957
M00399_P00378,0.0
M00399_P00382,5.984384954381956
M00399_P00383,6.2422881526926215
M00399_P00574,5.8785054468982745
M00399_P00579,0.0
M00399_P00582,0.0
M00399_P00584,0.0
M00399_P00586,5.898306180794698
M00399_P00590,6.720796044324145
M00400_P00108,6.153874031034881
M00400_P00110,6.078845637125013
M00400_P00114,7.343644187000983
M00400_P00124,6.167070081595405
M00400_P00129,0.0
M00400_P00863,5.866832236811804
M00400_P00880,6.22395149214441
M00400_P00882,0.0
M00401_P00835,0.0
M00401_P00840,5.989879824329128
M00401_P00844,6.021294207231693
M00401_P00847,0.0
M00401_P00848,6.053480502398219
M00401_P00856,0.0
M00401_P00863,5.90617555419501
M00401_P00880,6.172981143709027
M00401_P00882,6.777562557259082
M00402_P00574,0.0
M00402_P00579,6.334245617508303
M00402_P00582,0.0
M00402_P00584,0.0
M00402_P00586,5.9811081425465815
M00402_P00590,0.0
M00402_P01223,5.840125970718776
M00402_P01234,6.906336945402918
M00402_P01236,0.0
M00402_P01241,6.28900240201791
M00402_P01242,5.871494568397777
M00403_P00157,0.0
M00403_P00159,0.0
M00403_P00164,0.0
M00403_P00169,5.857240584692696
M00403_P00171,6.223549024463236
M00403_P00175,6.221231378373579
M00403_P00391,0.0
M00403_P00399,6.310183971117423
M00403_P00410,6.235835358275523
M00403_P00416,0.0
M00404_P00287,5.861526436583222
M00404_P00290,5.860389141171964
M00404_P00291,5.900995108648603
M00404_P00295,7.0986417991262165
M00404_P00297,5.878023745859468
M00404_P00298,0.0
M00404_P00299,0.0
M00404_P00304,0.0
M00404_P00307,6.737195297442974
M00404_P00309,6.176525275263211
M00404_P00310,6.191635869203147
M00404_P00313,0.0
M00404_P00324,0.0
M00404_P00329,0.0
M00404_P00333,6.218898145331865
M00404_P00334,6.565868996967113
M00405_P00108,5.9554176050788925
M00405_P00110,5.873856397412397
M00405_P00114,0.0
M00405_P00124,0.0
M00405_P00129,5.866479812278102
M00405_P01070,0.0
M00405_P01074,6.521295377725775
M00405_P01082,6.071914042559471
M00406_P00761,6.259287161824019
M00406_P00772,5.869326239562915
M00406_P00965,0.0
M00406_P00966,5.899877841276687
M00406_P00975,0.0
M00406_P00978,6.832923243310551
M00406_P00980,6.259944761655598
M00406_P00986,0.0
M00407_P00940,5.89968298019464
M00407_P00948,6.309788739433842
M00407_P00950,0.0
M00407_P00951,0.0
M00407_P00959,5.848573752582335
M00407_P00962,7.019425911072521
M00407_P01120,6.0594653888815255
M00408_P00529,0.0
M00408_P00535,5.779170249239327
M00408_P00536,5.812259751244732
M00408_P00542,6.042892876862789
M00408_P00543,6.23380277740058
M00408_P01041,0.0
M00408_P01042,0.0
M00408_P01048,0.0
M00408_P01049,0.0
M00408_P01051,0.0
M00408_P01055,0.0
M00408_P01063,5.987702240996862
M00408_P01064,6.081503532656083
M00409_P00108,0.0
M00409_P00110,5.815056119416376
M00409_P00114,6.894536317213881
M00409_P00124,6.033237053429827
M00409_P00129,5.882681389367169
M00409_P00807,6.247362733241771
M00409_P00812,0.0
M00409_P00819,6.033922680790745
M00409_P00826,0.0
M00409_P00827,6.508040331221026
M00410_P00443,6.322290556033986
M00410_P00448,6.063092633792448
M00410_P00452,6.0414451090829715
M00410_P00462,0.0
M00410_P00463,0.0
M00410_P00465,6.2317748486519635
M00410_P00468,6.263481216629388
M00410_P00991,0.0
M00410_P00993,5.849350930803531
M00410_P00997,5.963576645790854
M00410_P01000,6.053702621402135
M00410_P01010,0.0
M00411_P00108,5.861613408034778
M00411_P00110,5.882067182019576
M00411_P00114,6.901075177636322
M00411_P00124,0.0
M00411_P00129,6.067093552460358
M00411_P00835,0.0
M00411_P00840,5.881040796756151
M00411_P00844,5.864449908906201
M00411_P00847,5.776451650874358
M00411_P00848,5.778107277442845
M00411_P00856,0.0
M00412_P00055,0.0
M00412_P00057,5.957656618928874
M00412_P00059,6.376771724123062
M00412_P00064,0.0
M00412_P00066,6.913039017707775
M00412_P00071,0.0
M00412_P00077,6.292093609406329
M00412_P00732,6.186731316527814
M00412_P00738,6.044566971911613
M00412_P00742,6.202651125135838
M00412_P00744,0.0
M00412_P00747,7.432942975672401
M00412_P00753,0.0
M00413_P00108,5.86251640991893
M00413_P00110,5.863354094994044
M00413_P00114,0.0
M00413_P00124,0.0
M00413_P00129,5.883635279446411
M00413_P00478,5.982681468470873
M00413_P00479,6.804406534203728
M00413_P00486,0.0
M00413_P00491,0.0
M00414_P00991,0.0
M00414_P00993,0.0
M00414_P00997,5.822021187016556
M00414_P01000,6.3661893607760005
M00414_P01010,6.346045561507934
M00414_P01020,6.546843167526369
M00414_P01034,0.0
M00414_P01037,5.8625769376140155
M00414_P01038,5.875599833998348
M00415_P00761,6.251566360599023
M00415_P00772,5.889915930715309
M00415_P00991,0.0
M00415_P00993,5.834942786513746
M00415_P00997,5.796922692323341
M00415_P01000,0.0
M00415_P01010,0.0
M00416_P00732,6.155307785969431
M00416_P00738,6.039926875649115
M00416_P00742,0.0
M00416_P00744,0.0
M00416_P00747,7.5848270148802355
M00416_P00753,0.0
M00416_P00965,0.0
M00416_P00966,5.778971008148531
M00416_P00975,7.128935168477503
M00416_P00978,6.700995571737524
M00416_P00980,0.0
M00416_P00986,0.0
M00417_P00529,6.0738034333353275
M00417_P00535,6.143079009602543
M00417_P00536,0.0
M00417_P00542,6.141264407847789
M00417_P00543,6.229287975887187
M00417_P01020,7.103942708841639
M00417_P01034,5.8505204992222515
M00417_P01037,0.0
M00417_P01038,0.0
M00418_P00079,0.0
M00418_P00082,0.0
M00418_P00087,0.0
M00418_P00097,6.559798883338145
M00418_P00102,0.0
M00418_P00761,0.0
M00418_P00772,5.901097255169968
M00419_P00136,7.193827150630567
M00419_P00141,0.0
M00419_P00148,5.860674647663816
M00419_P00156,6.234033120258204
M00419_P01177,0.0
M00419_P01182,5.869638090928997
M00419_P01184,0.0
M00419_P01193,6.2441358098116595
M00419_P01196,6.329772913814743
M00420_P00055,0.0
M00420_P00057,6.108205671949691
M00420_P00059,6.240363949829895
M00420_P00064,6.064639068486939
M00420_P00066,7.121109110850155
M00420_P00071,6.321770438180676
M00420_P00077,6.5786301386419
M00420_P00423,6.766512446441257
M00420_P00424,0.0
M00420_P00425,6.093852343806819
M00420_P00426,5.8591327689444554
M00420_P00431,0.0
M00420_P00436,6.242051296517063
M00420_P00440,5.887745247191994
M00421_P00732,5.8207863449144766
M00421_P00738,5.949914977597611
M00421_P00742,0.0
M00421_P00744,0.0
M00421_P00747,7.116470886544386
M00421_P00753,0.0
M00421_P00888,0.0
M00421_P00889,0.0
M00421_P00893,0.0
M00421_P00894,6.5513797937688505
M00421_P00895,6.390329279001971
M00421_P00901,7.096618620922195
M00421_P00909,0.0
M00422_P00611,5.888426857411169
M00422_P00618,0.0
M00422_P00619,5.883660546032887
M00422_P00622,5.906382566796115
M00422_P00625,0.0
M00422_P00630,5.868496934601302
M00422_P00632,6.1743711387760865
M00422_P00635,6.324032938477823
M00422_P00644,6.252062466364673
M00422_P00645,7.078467805247594
M00422_P00650,6.139900237751867
M00423_P00549,0.0
M00423_P00552,5.8934727216496
M00423_P00554,0.0
M00423_P00561,7.258171586574476
M00423_P00562,6.228776626781989
M00423_P00568,5.872509541889113
M00423_P00678,5.840994404862999
M00423_P00679,0.0
M00423_P00680,6.030478904269277
M00423_P00681,0.0
M00423_P00683,6.246584297976596
M00423_P00694,0.0
M00424_P01041,0.0
M00424_P01042,0.0
M00424_P01048,0.0
M00424_P01049,7.065479370610072
M00424_P01051,6.161108765884886
M00424_P01055,0.0
M00424_P01063,6.0348626831299725
M00424_P01064,5.871273814387326
M00424_P01099,0.0
M00424_P01107,5.968410866998838
M00424_P01108,6.842354078812843
M00424_P01109,0.0
M00424_P01114,6.363552061684538
M00424_P01118,0.0
M00425_P00157,0.0
M00425_P00159,0.0
M00425_P00164,6.184600185138744
M00425_P00169,5.8695267626671574
M00425_P00171,6.2259997987178
M00425_P00175,6.271854028024703
M00425_P00549,0.0
M00425_P00552,5.883287243840143
M00425_P00554,6.238518147240751
M00425_P00561,7.3276582498677945
M00425_P00562,5.8669274872749435
M00425_P00568,0.0
M00426_P00423,6.78540402081308
M00426_P00424,6.069977928958688
M00426_P00425,0.0
M00426_P00426,5.90208560162052
M00426_P00431,5.993893903088883
M00426_P00436,0.0
M00426_P00440,0.0
M00426_P00478,0.0
M00426_P00479,0.0
M00426_P00486,6.2083505278602535
M00426_P00491,0.0
M00427_P00136,7.028686555030037
M00427_P00141,7.238445423200271
M00427_P00148,0.0
M00427_P00156,0.0
M00427_P00549,0.0
M00427_P00552,5.8714468604214956
M00427_P00554,0.0
M00427_P00561,0.0
M00427_P00562,5.867552348968046
M00427_P00568,5.994343974803206
M00428_P00515,0.0
M00428_P00574,6.109039189675899
M00428_P00579,0.0
M00428_P00582,6.254047704909435
M00428_P00584,6.7096431949941175
M00428_P00586,0.0
M00428_P00590,7.0638784902161635
M00429_P00209,0.0
M00429_P00210,7.304976350833267
M00429_P00211,0.0
M00429_P00219,0.0
M00429_P00221,6.23321526727536
M00429_P00222,6.346597445256289
M00429_P00232,6.010682449469873
M00429_P00234,0.0
M00429_P01020,6.909980559601208
M00429_P01034,0.0
M00429_P01037,0.0
M00429_P01038,5.8812622716739895
M00430_P00515,5.896225850140352
M00430_P00940,6.146111153513598
M00430_P00948,6.795372534797014
M00430_P00950,6.78628898657622
M00430_P00951,0.0
M00430_P00959,5.990995752122721
M00430_P00962,6.828263825560531
M00431_P00209,0.0
M00431_P00210,7.21684710023507
M00431_P00211,0.0
M00431_P00219,5.826889784470411
M00431_P00221,6.507586283570886
M00431_P00222,0.0
M00431_P00232,0.0
M00431_P00234,7.11576502834777
M00431_P01120,0.0
M00432_P01070,5.856088866456231
M00432_P01074,0.0
M00432_P01082,5.809332518578582
M00432_P01120,5.873794223598648
M00433_P00032,0.0
M00433_P00044,6.7972339302486455
M00433_P00045,6.173474398447299
M00433_P00050,5.899399932227763
M00433_P00052,6.497551047316603
M00433_P00625,0.0
M00433_P00630,6.058620693201631
M00433_P00632,6.333384337064404
M00433_P00635,0.0
M00433_P00644,6.383876712467189
M00433_P00645,7.42093194399754
M00433_P00650,6.517791584185478
M00434_P00345,6.094743843634241
M00434_P00347,6.336269499424769
M00434_P00351,6.300439986157595
M00434_P00353,6.015328153467747
M00434_P00359,6.344304962927218
M00434_P00362,6.496621842170232
M00434_P00574,0.0
M00434_P00579,5.986780347072542
M00434_P00582,6.195990134095455
M00434_P00584,0.0
M00434_P00586,5.896516566921646
M00434_P00590,7.393909041889825
M00435_P00313,0.0
M00435_P00324,0.0
M00435_P00329,5.863951464864897
M00435_P00333,0.0
M00435_P00334,0.0
M00435_P00391,5.875673692053711
M00435_P00399,6.207372003329098
M00435_P00410,6.2372326828946605
M00435_P00416,6.183868970650377
M00436_P00108,0.0
M00436_P00110,0.0
M00436_P00114,0.0
M00436_P00124,5.987931246325321
M00436_P00129,6.031650152529957
M00436_P00515,6.076934755973572
M00437_P00835,0.0
M00437_P00840,0.0
M00437_P00844,6.240378326273565
M00437_P00847,5.904269980012431
M00437_P00848,0.0
M00437_P00856,6.244159632186674
M00437_P00922,6.2367709016262625
M00437_P00927,0.0
M00437_P00931,5.879268220836585
M00437_P00935,0.0
M00438_P00549,0.0
M00438_P00552,5.865918221948151
M00438_P00554,6.275118212941221
M00438_P00561,0.0
M00438_P00562,0.0
M00438_P00568,0.0
M00438_P01099,6.299168141615707
M00438_P01107,0.0
M00438_P01108,6.559305071831696
M00438_P01109,6.05339860933665
M00438_P01114,6.0500727982474025
M00438_P01118,6.300170493639874
M00439_P00625,0.0
M00439_P00630,0.0
M00439_P00632,6.236342140497127
M00439_P00635,5.958368436826603
M00439_P00644,6.1784917854242005
M00439_P00645,0.0
M00439_P00650,6.503516276801332
M00439_P00991,0.0
M00439_P00993,5.882850006147217
M00439_P00997,5.869975506811433
M00439_P01000,0.0
M00439_P01010,6.202111466028239
M00440_P00287,0.0
M00440_P00290,6.142401165931023
M00440_P00291,6.026752344522019
M00440_P00295,0.0
M00440_P00297,6.060915690365679
M00440_P00298,0.0
M00440_P00299,6.163483950960183
M00440_P00304,5.856562944823722
M00440_P00307,0.0
M00440_P00309,0.0
M00440_P00310,6.9256559723164015
M00440_P01177,0.0
M00440_P01182,5.9058838295411205
M00440_P01184,5.861243272641363
M00440_P01193,5.874318151415283
M00440_P01196,0.0
M00441_P00732,0.0
M00441_P00738,6.04732585022011
M00441_P00742,6.22374597477337
M00441_P00744,0.0
M00441_P00747,7.531003156798889
M00441_P00753,6.181890337441251
M00441_P01201,0.0
M00441_P01209,5.832600379085904
M00441_P01210,0.0
M00441_P01211,6.504994528521798
M00441_P01214,5.869047603918909
M00442_P00611,6.147262648997365
M00442_P00618,6.354689243349474
M00442_P00619,0.0
M00442_P00622,6.15796532187013
M00442_P01146,7.105439876155354
M00442_P01157,5.881979189273617
M00442_P01166,6.552580041920092
M00442_P01169,5.952660902676838
M00443_P00732,0.0
M00443_P00738,5.895244162652977
M00443_P00742,6.1677580405559755
M00443_P00744,5.868096817877444
M00443_P00747,7.219256656005243
M00443_P00753,0.0
M00443_P01041,0.0
M00443_P01042,6.080061311856576
M00443_P01048,6.329844857494739
M00443_P01049,0.0
M00443_P01051,6.337961682126434
M00443_P01055,6.163819507130131
M00443_P01063,6.158184843565586
M00443_P01064,6.063279597541806
M00444_P00368,0.0
M00444_P00372,6.757701712830672
M00444_P00378,0.0
M00444_P00382,5.8675418706244855
M00444_P00383,0.0
M00444_P00922,0.0
M00444_P00927,6.034346567798798
M00444_P00931,6.104633632056621
M00444_P00935,0.0
M00445_P00313,6.163268137050932
M00445_P00324,6.390190500575607
M00445_P00329,5.96610744544858
M00445_P00333,6.527865855720436
M00445_P00334,6.324260721331579
M00445_P00782,0.0
M00445_P00786,5.956471470082161
M00445_P00788,6.772890717518264
M00445_P00797,0.0
M00445_P00803,7.219164446168852
M00446_P00478,0.0
M00446_P00479,6.719490315965294
M00446_P00486,6.357548968101773
M00446_P00491,5.84834236015248
M00446_P00761,0.0
M00446_P00772,5.8306606612476175
M00447_P00835,0.0
M00447_P00840,5.812076216842186
M00447_P00844,6.228185077486906
M00447_P00847,5.86197849698539
M00447_P00848,6.084297653855481
M00447_P00856,6.199582974422771
M00447_P00888,6.045628694086829
M00447_P00889,6.074602724424735
M00447_P00893,6.03375293774641
M00447_P00894,6.37038439297438
M00447_P00895,6.32669377978704
M00447_P00901,0.0
M00447_P00909,6.750240699899087
M00448_P00313,0.0
M00448_P00324,0.0
M00448_P00329,5.850411126680441
M00448_P00333,6.138294642591722
M00448_P00334,6.701584453193445
M00448_P01020,6.867352994588445
M00448_P01034,5.900013537804742
M00448_P01037,5.736853966855986
M00448_P01038,5.881359671166158
M00449_P00079,0.0
M00449_P00082,0.0
M00449_P00087,0.0
M00449_P00097,0.0
M00449_P00102,6.038032984565143
M00449_P01099,6.355907973617732
M00449_P01107,0.0
M00449_P01108,6.8181146125335035
M00449_P01109,0.0
M00449_P01114,0.0
M00449_P01118,0.0
M00450_P00157,5.992887190446163
M00450_P00159,0.0
M00450_P00164,0.0
M00450_P00169,6.050562082730975
M00450_P00171,6.353248838713901
M00450_P00175,0.0
M00450_P00922,0.0
M00450_P00927,5.863240863561528
M00450_P00931,0.0
M00450_P00935,6.506844994377658
M00451_P00136,0.0
M00451_P00141,0.0
M00451_P00148,0.0
M00451_P00156,6.387701915821495
M00451_P00478,6.0320383361795775
M00451_P00479,6.940146807099183
M00451_P00486,0.0
M00451_P00491,6.0513446048683495
M00452_P00443,6.409941078365328
M00452_P00448,5.98223118477687
M00452_P00452,6.070967174866958
M00452_P00462,0.0
M00452_P00463,0.0
M00452_P00465,6.356675881164336
M00452_P00468,6.247069804422681
M00452_P00761,0.0
M00452_P00772,5.903053377683118
M00453_P00136,6.912312360953739
M00453_P00141,0.0
M00453_P00148,6.32546262398614
M00453_P00156,0.0
M00453_P00705,5.890009703868119
M00453_P00707,6.300807753289437
M00453_P00716,6.331767070977059
M00453_P00718,6.834191534097268
M00453_P00724,0.0
M00453_P00728,0.0
M00454_P00032,0.0
M00454_P00044,0.0
M00454_P00045,5.833454052677594
M00454_P00050,6.053581051961306
M00454_P00052,0.0
M00454_P00574,0.0
M00454_P00579,6.787514362603837
M00454_P00582,6.3348541170967
M00454_P00584,6.255635906118946
M00454_P00586,0.0
M00454_P00590,6.793155194072851
M00455_P00655,0.0
M00455_P00662,0.0
M00455_P00666,6.347713143935533
M00455_P00668,6.058614402400045
M00455_P00669,6.173225245997056
M00455_P00673,6.23208000645674
M00455_P00674,6.088380191631391
M00455_P00863,5.874718443464325
M00455_P00880,6.508358915311378
M00455_P00882,7.335165027105017
M00456_P00136,6.894221146999524
M00456_P00141,6.779945473427844
M00456_P00148,5.831314696676852
M00456_P00156,0.0
M00456_P00625,6.297985638675367
M00456_P00630,6.250551372574626
M00456_P00632,0.0
M00456_P00635,6.254525351804434
M00456_P00644,6.344233505432295
M00456_P00645,0.0
M00456_P00650,6.732668010393318
M00457_P00032,0.0
M00457_P00044,6.815265188152453
M00457_P00045,6.25628518159627
M00457_P00050,6.485487420933432
M00457_P00052,0.0
M00457_P00549,0.0
M00457_P00552,5.860050719789038
M00457_P00554,6.102692162335898
M00457_P00561,6.930396940242207
M00457_P00562,0.0
M00457_P00568,5.874136435811245
M00458_P00209,0.0
M00458_P00210,6.933910180142289
M00458_P00211,0.0
M00458_P00219,0.0
M00458_P00221,6.078945275074879
M00458_P00222,6.330106385320117
M00458_P00232,5.785219205171579
M00458_P00234,7.316018550178394
M00458_P00241,6.0292783152672
M00458_P00244,6.141510043796229
M00458_P00245,6.168583777197329
M00458_P00248,6.753644010448134
M00458_P00255,0.0
M00458_P00260,6.505888562981505
M00459_P00782,6.292904052566227
M00459_P00786,0.0
M00459_P00788,6.795429125643091
M00459_P00797,6.3930740297330155
M00459_P00803,6.823449879088727
M00459_P01177,0.0
M00459_P01182,5.801553102249344
M00459_P01184,5.894659068175095
M00459_P01193,5.809830383957441
M00459_P01196,0.0
M00460_P00732,0.0
M00460_P00738,0.0
M00460_P00742,0.0
M00460_P00744,0.0
M00460_P00747,7.420343108209739
M00460_P00753,5.892003672144683
M00460_P01041,0.0
M00460_P01042,0.0
M00460_P01048,0.0
M00460_P01049,0.0
M00460_P01051,6.206863884085591
M00460_P01055,5.902319641360451
M00460_P01063,5.9052732577291644
M00460_P01064,0.0
M00461_P00032,6.825560077400286
M00461_P00044,6.732703166595157
M00461_P00045,6.033015287533109
M00461_P00050,0.0
M00461_P00052,6.142284662191627
M00461_P00443,0.0
M00461_P00448,0.0
M00461_P00452,5.875694200715688
M00461_P00462,6.790264469122614
M00461_P00463,0.0
M00461_P00465,6.7968564967613405
M00461_P00468,6.229098396104511
M00462_P00922,6.241332440716381
M00462_P00927,5.791926687477914
M00462_P00931,5.985478886309125
M00462_P00935,6.7146642462533865
M00462_P01223,5.8871473878376746
M00462_P01234,6.776828575676207
M00462_P01236,0.0
M00462_P01241,6.496440491707152
M00462_P01242,5.908209961903216
M00463_P00185,0.0
M00463_P00193,6.355958090262226
M00463_P00197,0.0
M00463_P00199,0.0
M00463_P00200,6.184308812057254
M00463_P00515,0.0
M00464_P00079,6.814309051033922
M00464_P00082,6.36820744161868
M00464_P00087,0.0
M00464_P00097,0.0
M00464_P00102,6.068512640154893
M00464_P00185,0.0
M00464_P00193,0.0
M00464_P00197,5.86838991222563
M00464_P00199,6.073445524690481
M00464_P00200,0.0
M00465_P01020,6.835686154774762
M00465_P01034,0.0
M00465_P01037,0.0
M00465_P01038,6.091291990407177
M00465_P01041,0.0
M00465_P01042,5.947719761870381
M00465_P01048,0.0
M00465_P01049,0.0
M00465_P01051,6.245027307222308
M00465_P01055,5.986581162485165
M00465_P01063,0.0
M00465_P01064,6.328694553839506
M00466_P00185,0.0
M00466_P00193,6.514486608752747
M00466_P00197,0.0
M00466_P00199,5.964058932888461
M00466_P00200,6.050344845135292
M00466_P00835,0.0
M00466_P00840,5.862978182541431
M00466_P00844,5.876438086567779
M00466_P00847,5.8682122519147475
M00466_P00848,0.0
M00466_P00856,0.0
M00467_P00835,0.0
M00467_P00840,5.967112453432346
M00467_P00844,6.0597949945514324
M00467_P00847,5.9571074911496105
M00467_P00848,0.0
M00467_P00856,6.821357339303108
M00467_P01041,0.0
M00467_P01042,0.0
M00467_P01048,0.0
M00467_P01049,7.236363451185874
M00467_P01051,6.146197205833686
M00467_P01055,5.893388760525949
M00467_P01063,5.976620673453439
M00467_P01064,0.0
M00468_P00241,5.856950180068468
M00468_P00244,0.0
M00468_P00245,0.0
M00468_P00248,6.2289261712355435
M00468_P00255,7.254077112535959
M00468_P00260,0.0
M00468_P01177,6.334671668559413
M00468_P01182,0.0
M00468_P01184,0.0
M00468_P01193,0.0
M00468_P01196,6.36442652091591
M00469_P00011,5.783644613391276
M00469_P00024,5.89092719299385
M00469_P01041,0.0
M00469_P01042,0.0
M00469_P01048,0.0
M00469_P01049,7.237089859763668
M00469_P01051,0.0
M00469_P01055,5.829144595694528
M00469_P01063,5.8686901011111345
M00469_P01064,0.0
M00470_P00678,5.859767124553105
M00470_P00679,0.0
M00470_P00680,0.0
M00470_P00681,5.897688584487027
M00470_P00683,0.0
M00470_P00694,6.50793230767896
M00470_P00940,5.897255706898721
M00470_P00948,6.31686526364359
M00470_P00950,0.0
M00470_P00951,0.0
M00470_P00959,0.0
M00470_P00962,0.0
M00471_P00611,0.0
M00471_P00618,6.32662781384575
M00471_P00619,0.0
M00471_P00622,0.0
M00471_P00863,0.0
M00471_P00880,6.04428688758167
M00471_P00882,6.552203304016804
M00472_P00625,0.0
M00472_P00630,0.0
M00472_P00632,6.414068688961785
M00472_P00635,0.0
M00472_P00644,6.207012967136022
M00472_P00645,7.405528953266327
M00472_P00650,6.375140308644256
M00472_P00807,0.0
M00472_P00812,0.0
M00472_P00819,6.1774082364825045
M00472_P00826,0.0
M00472_P00827,6.903338792638047
M00473_P00423,6.399896268091603
M00473_P00424,5.889690489357877
M00473_P00425,6.079066186243515
M00473_P00426,0.0
M00473_P00431,0.0
M00473_P00436,0.0
M00473_P00440,5.853958850286673
M00473_P00611,0.0
M00473_P00618,0.0
M00473_P00619,5.883435810144328
M00473_P00622,0.0
M00474_P00108,0.0
M00474_P00110,5.899632495076046
M00474_P00114,7.206249711576407
M00474_P00124,6.190689380985032
M00474_P00129,5.9814153487389765
M00474_P00574,0.0
M00474_P00579,6.178939877513225
M00474_P00582,0.0
M00474_P00584,6.255070515935421
M00474_P00586,0.0
M00474_P00590,0.0
M00475_P01099,0.0
M00475_P01107,0.0
M00475_P01108,6.7539394657434375
M00475_P01109,6.230569932425632
M00475_P01114,6.154585449030858
M00475_P01118,0.0
M00475_P01201,6.046569327940767
M00475_P01209,0.0
M00475_P01210,5.881984920991456
M00475_P01211,6.583189467544091
M00475_P01214,0.0
M00476_P00549,0.0
M00476_P00552,0.0
M00476_P00554,0.0
M00476_P00561,6.777433710466352
M00476_P00562,5.895604816609573
M00476_P00568,5.869267583052021
M00476_P00965,0.0
M00476_P00966,5.860660957179913
M00476_P00975,6.793840911144159
M00476_P00978,0.0
M00476_P00980,0.0
M00476_P00986,7.105910658921261
M00477_P00574,0.0
M00477_P00579,6.334483616561842
M00477_P00582,6.26165266868033
M00477_P00584,6.203257911735896
M00477_P00586,0.0
M00477_P00590,6.807245685467441
M00477_P00922,6.302632206628708
M00477_P00927,6.0270791639267545
M00477_P00931,0.0
M00477_P00935,0.0
M00478_P00761,6.292764719126415
M00478_P00772,6.318229459934517
M00478_P01120,0.0
M00479_P00287,0.0
M00479_P00290,5.905661284012309
M00479_P00291,0.0
M00479_P00295,0.0
M00479_P00297,5.782697711595065
M00479_P00298,0.0
M00479_P00299,0.0
M00479_P00304,5.90271199262805
M00479_P00307,6.321555795334199
M00479_P00309,6.243301105828609
M00479_P00310,6.2496846001820785
M00479_P01041,0.0
M00479_P01042,5.8841828812692
M00479_P01048,6.098160424100098
M00479_P01049,0.0
M00479_P01051,0.0
M00479_P01055,5.803114476768782
M00479_P01063,0.0
M00479_P01064,5.905012163873812
M00480_P00761,6.214819334840461
M00480_P00772,0.0
M00480_P01177,6.404967123182691
M00480_P01182,6.101503512019281
M00480_P01184,6.26552358365944
M00480_P01193,0.0
M00480_P01196,6.519463472725295
M00481_P00055,0.0
M00481_P00057,0.0
M00481_P00059,0.0
M00481_P00064,5.863484318092292
M00481_P00066,7.024028102101303
M00481_P00071,0.0
M00481_P00077,6.335850082558872
M00481_P00313,6.2236072077985
M00481_P00324,6.159042765753019
M00481_P00329,5.907938662405469
M00481_P00333,6.165857335011459
M00481_P00334,0.0
M00482_P00055,5.901177917772158
M00482_P00057,5.8856645196327415
M00482_P00059,6.179942945703676
M00482_P00064,5.872782740711708
M00482_P00066,7.01796774946329
M00482_P00071,6.276001568584238
M00482_P00077,6.2532791545030015
M00482_P00549,0.0
M00482_P00552,0.0
M00482_P00554,6.315060717538719
M00482_P00561,7.452889895848951
M00482_P00562,5.968404961643223
M00482_P00568,5.959894120834741
M00483_P00782,0.0
M00483_P00786,5.795766784210178
M00483_P00788,6.412349051317474
M00483_P00797,6.349856687418621
M00483_P00803,0.0
M00483_P00888,0.0
M00483_P00889,0.0
M00483_P00893,5.842212410855442
M00483_P00894,6.298352642688617
M00483_P00895,0.0
M00483_P00901,7.017949974151973
M00483_P00909,6.319140314802624
M00484_P00313,0.0
M00484_P00324,6.276261251966566
M00484_P00329,5.812095139791754
M00484_P00333,6.349066741550944
M00484_P00334,0.0
M00484_P01070,5.862614373756969
M00484_P01074,0.0
M00484_P01082,5.863060874354841
M00485_P00079,6.54741195512357
M00485_P00082,0.0
M00485_P00087,0.0
M00485_P00097,6.310896925255582
M00485_P00102,0.0
M00485_P01099,6.266745820156986
M00485_P01107,0.0
M00485_P01108,6.774391220915909
M00485_P01109,0.0
M00485_P01114,0.0
M00485_P01118,0.0
M00486_P00185,0.0
M00486_P00193,6.500812397133306
M00486_P00197,5.896308632917259
M00486_P00199,0.0
M00486_P00200,6.186619155220242
M00486_P00625,0.0
M00486_P00630,6.015550121623588
M00486_P00632,6.268642521223973
M00486_P00635,0.0
M00486_P00644,6.179632504452398
M00486_P00645,7.115360322029493
M00486_P00650,0.0
M00487_P00732,0.0
M00487_P00738,0.0
M00487_P00742,6.1853339624142505
M00487_P00744,6.054682060989193
M00487_P00747,0.0
M00487_P00753,5.904573724013516
M00487_P01223,5.954798132537684
M00487_P01234,0.0
M00487_P01236,0.0
M00487_P01241,6.301460924643767
M00487_P01242,5.879898857473205
M00488_P00287,0.0
M00488_P00290,0.0
M00488_P00291,5.878115703480782
M00488_P00295,7.028586672185177
M00488_P00297,5.84798554408936
M00488_P00298,5.863857497423061
M00488_P00299,0.0
M00488_P00304,0.0
M00488_P00307,6.227098181042265
M00488_P00309,6.395400727110222
M00488_P00310,6.098504735122923
M00488_P00835,0.0
M00488_P00840,0.0
M00488_P00844,5.992895749732845
M00488_P00847,6.198209171487445
M00488_P00848,6.071140551075497
M00488_P00856,0.0
M00489_P00611,0.0
M00489_P00618,6.308977477316604
M00489_P00619,5.8993336818958895
M00489_P00622,6.084769439247873
M00489_P00888,0.0
M00489_P00889,0.0
M00489_P00893,5.961274663008929
M00489_P00894,6.3331161071553925
M00489_P00895,0.0
M00489_P00901,7.218399154806829
M00489_P00909,6.385884482673864
M00490_P00705,5.9741580127093155
M00490_P00707,6.519339930694068
M00490_P00716,0.0
M00490_P00718,6.794040487232893
M00490_P00724,6.328143714797949
M00490_P00728,6.36577196717418
M00490_P01201,5.874996766315027
M00490_P01209,6.094793027583591
M00490_P01210,0.0
M00490_P01211,6.888439998093393
M00490_P01214,6.027903953205874
M00491_P00287,0.0
M00491_P00290,0.0
M00491_P00291,5.7714095163401575
M00491_P00295,0.0
M00491_P00297,0.0
M00491_P00298,5.985469994862522
M00491_P00299,5.8293438958699255
M00491_P00304,6.2063137374918425
M00491_P00307,0.0
M00491_P00309,0.0
M00491_P00310,0.0
M00491_P00991,0.0
M00491_P00993,5.86856341515802
M00491_P00997,0.0
M00491_P01000,0.0
M00491_P01010,6.258025577386703
M00492_P00157,0.0
M00492_P00159,0.0
M00492_P00164,0.0
M00492_P00169,5.878003621255461
M00492_P00171,0.0
M00492_P00175,0.0
M00492_P00529,5.871267645247861
M00492_P00535,0.0
M00492_P00536,5.878685543216804
M00492_P00542,0.0
M00492_P00543,0.0
M00493_P00478,0.0
M00493_P00479,6.775266733183165
M00493_P00486,6.4867858689077265
M00493_P00491,0.0
M00493_P01099,6.367972116396526
M00493_P01107,5.855092034353643
M00493_P01108,6.88073309412354
M00493_P01109,0.0
M00493_P01114,0.0
M00493_P01118,0.0
M00494_P00991,7.088937344957602
M00494_P00993,5.902012549859589
M00494_P00997,6.099017431454188
M00494_P01000,6.304096016868241
M00494_P01010,6.340759970513572
M00494_P01201,6.0701452375140255
M00494_P01209,5.957367014740294
M00494_P01210,5.8853316366522925
M00494_P01211,6.306971047887204
M00494_P01214,5.90607912174392
M00495_P00732,5.893971594025255
M00495_P00738,0.0
M00495_P00742,6.222244415659465
M00495_P00744,5.889982940981209
M00495_P00747,0.0
M00495_P00753,0.0
M00495_P01146,0.0
M00495_P01157,0.0
M00495_P01166,6.197069306334071
M00495_P01169,0.0
M00496_P00055,5.7565428263995235
M00496_P00057,5.8737415137117495
M00496_P00059,6.193501669285193
M00496_P00064,5.866409890891357
M00496_P00066,0.0
M00496_P00071,6.272570709548892
M00496_P00077,0.0
M00496_P01223,0.0
M00496_P01234,0.0
M00496_P01236,6.034271815225342
M00496_P01241,6.300753507866011
M00496_P01242,5.902412314202919
M00497_P00443,0.0
M00497_P00448,0.0
M00497_P00452,0.0
M00497_P00462,6.3431180377571454
M00497_P00463,6.779215784391864
M00497_P00465,0.0
M00497_P00468,6.300868698280206
M00497_P01070,0.0
M00497_P01074,6.348983571501951
M00497_P01082,0.0
M00498_P00108,6.04151112829587
M00498_P00110,6.021651474357611
M00498_P00114,7.544335907403167
M00498_P00124,6.344362761538015
M00498_P00129,6.257405919784363
M00498_P01120,0.0
M00499_P00611,0.0
M00499_P00618,6.249302933327186
M00499_P00619,5.876433254383402
M00499_P00622,6.037331807006851
M00499_P00863,5.959855391069269
M00499_P00880,0.0
M00499_P00882,6.729300935744747
M00500_P00032,6.485811132898825
M00500_P00044,6.7596530656682425
M00500_P00045,6.254940477505933
M00500_P00050,5.867867101996248
M00500_P00052,6.180877697271095
M00500_P00266,6.392298099105723
M00500_P00271,6.342612304143741
M00500_P00278,0.0
M00500_P00286,0.0
M00501_P00055,6.088924513476934
M00501_P00057,0.0
M00501_P00059,0.0
M00501_P00064,5.89603271079373
M00501_P00066,0.0
M00501_P00071,6.693099178444204
M00501_P00077,0.0
M00501_P00241,5.866703548594538
M00501_P00244,5.79774696215878
M00501_P00245,6.36004131334394
M00501_P00248,0.0
M00501_P00255,6.923629033104359
M00501_P00260,0.0
M00502_P00611,5.9505908079177114
M00502_P00618,6.178305231117892
M00502_P00619,0.0
M00502_P00622,0.0
M00502_P01070,0.0
M00502_P01074,6.268778214278485
M00502_P01082,0.0
M00503_P00055,5.9065669554341165
M00503_P00057,5.866948809383003
M00503_P00059,6.256712178363845
M00503_P00064,0.0
M00503_P00066,0.0
M00503_P00071,6.491799288533003
M00503_P00077,6.191842530892529
M00503_P00940,0.0
M00503_P00948,0.0
M00503_P00950,6.428793512963626
M00503_P00951,6.234260669816763
M00503_P00959,0.0
M00503_P00962,0.0
M00504_P00732,5.856293224673596
M00504_P00738,5.864656290080167
M00504_P00742,6.309160348527805
M00504_P00744,5.858287441671176
M00504_P00747,7.19666752009926
M00504_P00753,0.0
M00504_P01120,0.0
M00505_P00108,0.0
M00505_P00110,0.0
M00505_P00114,7.334201960256918
M00505_P00124,6.3297418296852035
M00505_P00129,6.729777953675369
M00505_P00732,0.0
M00505_P00738,5.870408775536668
M00505_P00742,6.484191178302222
M00505_P00744,5.891437464027051
M00505_P00747,7.056575711967432
M00505_P00753,0.0
M00506_P00611,5.84485769209753
M00506_P00618,6.262039447233952
M00506_P00619,6.1799278834139555
M00506_P00622,5.887889448398508
M00506_P00863,5.891176180090268
M00506_P00880,6.076395579506867
M00506_P00882,0.0
M00507_P00443,6.219710216967002
M00507_P00448,5.886675341614936
M00507_P00452,6.20972712999203
M00507_P00462,6.157460206899239
M00507_P00463,0.0
M00507_P00465,0.0
M00507_P00468,6.213040857018879
M00507_P01070,6.065921418376435
M00507_P01074,6.407062637806297
M00507_P01082,6.104262334998116
M00508_P00032,0.0
M00508_P00044,0.0
M00508_P00045,0.0
M00508_P00050,6.078338438586428
M00508_P00052,6.371147310368749
M00508_P00313,0.0
M00508_P00324,6.258909686854955
M00508_P00329,5.845406626788339
M00508_P00333,0.0
M00508_P00334,6.806606895495646
M00509_P00185,0.0
M00509_P00193,6.37297816874655
M00509_P00197,5.850649185537101
M00509_P00199,5.851472073759953
M00509_P00200,5.96569599978104
M00509_P00922,6.083072954772727
M00509_P00927,0.0
M00509_P00931,0.0
M00509_P00935,6.700551868877626
M00510_P00732,5.8679094301244055
M00510_P00738,0.0
M00510_P00742,6.32081626507684
M00510_P00744,6.32632885441953
M00510_P00747,0.0
M00510_P00753,6.352667584193662
M00510_P01177,6.412842147164196
M00510_P01182,5.806095524281631
M00510_P01184,5.90587014466229
M00510_P01193,5.891636381671166
M00510_P01196,0.0
M00511_P00807,0.0
M00511_P00812,7.416373760620226
M00511_P00819,6.069373464696672
M00511_P00826,6.352150876561189
M00511_P00827,6.791004091563813
M00511_P01146,7.055442847310949
M00511_P01157,5.884304569540697
M00511_P01166,0.0
M00511_P01169,6.070460864807728
M00512_P00108,5.902276087746928
M00512_P00110,5.860726973136144
M00512_P00114,0.0
M00512_P00124,0.0
M00512_P00129,5.87609406405745
M00512_P00209,5.968007355127645
M00512_P00210,0.0
M00512_P00211,0.0
M00512_P00219,5.8909077614366945
M00512_P00221,0.0
M00512_P00222,6.350587587784669
M00512_P00232,5.849010636856317
M00512_P00234,7.539092371274417
M00513_P00732,5.858620691738262
M00513_P00738,5.811491171380466
M00513_P00742,0.0
M00513_P00744,5.896083254178219
M00513_P00747,7.336702199775581
M00513_P00753,6.251835833213082
M00513_P01177,7.069110619978503
M00513_P01182,6.034472516141834
M00513_P01184,0.0
M00513_P01193,0.0
M00513_P01196,6.2451370514433915
M00514_P00574,0.0
M00514_P00579,6.250252078484462
M00514_P00582,0.0
M00514_P00584,6.229989271605706
M00514_P00586,5.881754974433189
M00514_P00590,0.0
M00514_P01099,6.527797233758131
M00514_P01107,0.0
M00514_P01108,0.0
M00514_P01109,6.428803502609154
M00514_P01114,6.431176585237387
M00514_P01118,0.0
M00515_P00888,5.8735349327408
M00515_P00889,5.905632338323892
M00515_P00893,0.0
M00515_P00894,6.336647282147296
M00515_P00895,6.326313068256196
M00515_P00901,7.098457575899278
M00515_P00909,0.0
M00515_P00922,0.0
M00515_P00927,0.0
M00515_P00931,0.0
M00515_P00935,0.0
M00516_P00266,0.0
M00516_P00271,0.0
M00516_P00278,6.502154597626951
M00516_P00286,6.17521465896358
M00516_P01201,0.0
M00516_P01209,5.898553314476075
M00516_P01210,0.0
M00516_P01211,6.832183337591604
M00516_P01214,5.897168909601613
M00517_P00611,5.860195467894002
M00517_P00618,6.323669329968642
M00517_P00619,5.949933641278059
M00517_P00622,0.0
M00517_P00863,6.027053306186327
M00517_P00880,0.0
M00517_P00882,6.81140324048918
M00518_P00209,0.0
M00518_P00210,6.93583110921637
M00518_P00211,0.0
M00518_P00219,5.874721224818493
M00518_P00221,0.0
M00518_P00222,6.202500559761124
M00518_P00232,0.0
M00518_P00234,7.234947617632127
M00518_P00313,0.0
M00518_P00324,0.0
M00518_P00329,6.244026892645862
M00518_P00333,0.0
M00518_P00334,6.309874397345941
M00519_P00032,6.835886107589545
M00519_P00044,0.0
M00519_P00045,5.963141114779745
M00519_P00050,0.0
M00519_P00052,6.778288436512733
M00519_P00625,0.0
M00519_P00630,5.794558552076237
M00519_P00632,0.0
M00519_P00635,6.237572057647651
M00519_P00644,0.0
M00519_P00645,0.0
M00519_P00650,0.0
M00520_P00761,0.0
M00520_P00772,5.904395479958467
M00520_P00940,6.162011052905653
M00520_P00948,6.364080133298813
M00520_P00950,6.34983124115603
M00520_P00951,6.3413954542618525
M00520_P00959,6.245052401406175
M00520_P00962,7.083736064363379
M00521_P00108,5.901829140189172
M00521_P00110,5.901117509840008
M00521_P00114,7.021996726399478
M00521_P00124,6.294567886609173
M00521_P00129,0.0
M00521_P00529,6.073934774484069
M00521_P00535,6.026048631371173
M00521_P00536,6.031402899880487
M00521_P00542,5.9625543674218
M00521_P00543,0.0
M00522_P00678,0.0
M00522_P00679,6.781433446048596
M00522_P00680,6.175614494281701
M00522_P00681,0.0
M00522_P00683,6.287236511769161
M00522_P00694,6.296564387128431
M00522_P00863,0.0
M00522_P00880,6.368107673600979
M00522_P00882,7.070217121401221
M00523_P00108,6.024739544293317
M00523_P00110,0.0
M00523_P00114,7.028495053850935
M00523_P00124,6.098946428434779
M00523_P00129,5.861389381168849
M00523_P00940,0.0
M00523_P00948,6.429875329597813
M00523_P00950,0.0
M00523_P00951,0.0
M00523_P00959,6.203457153658511
M00523_P00962,0.0
M00524_P00108,5.889821048589239
M00524_P00110,5.839263038463924
M00524_P00114,0.0
M00524_P00124,6.3651575311793644
M00524_P00129,0.0
M00524_P01070,6.04058039975087
M00524_P01074,6.323013641634377
M00524_P01082,0.0
M00525_P00863,0.0
M00525_P00880,6.697729129147687
M00525_P00882,7.329501155201903
M00525_P01120,0.0
M00526_P00922,6.053045087508073
M00526_P00927,5.875064504716092
M00526_P00931,0.0
M00526_P00935,0.0
M00526_P01070,6.068428948854915
M00526_P01074,6.7682528518575555
M00526_P01082,5.968050978786455
M00527_P00209,6.058480952165226
M00527_P00210,0.0
M00527_P00211,0.0
M00527_P00219,5.868599074323662
M00527_P00221,6.2684534344619385
M00527_P00222,0.0
M00527_P00232,6.078794574877296
M00527_P00234,0.0
M00527_P00732,5.853522173804314
M00527_P00738,5.888370871102411
M00527_P00742,0.0
M00527_P00744,0.0
M00527_P00747,0.0
M00527_P00753,0.0
M00528_P00185,0.0
M00528_P00193,6.372199973243639
M00528_P00197,0.0
M00528_P00199,0.0
M00528_P00200,0.0
M00528_P00888,5.848070210791794
M00528_P00889,0.0
M00528_P00893,0.0
M00528_P00894,6.384421385466027
M00528_P00895,6.248476007965325
M00528_P00901,7.059753700111073
M00528_P00909,6.421563837113402
M00529_P00266,6.387134722637941
M00529_P00271,6.526982470822741
M00529_P00278,6.853338365808676
M00529_P00286,6.265854445168607
M00529_P00287,0.0
M00529_P00290,5.973837061400737
M00529_P00291,5.889162955072685
M00529_P00295,0.0
M00529_P00297,0.0
M00529_P00298,0.0
M00529_P00299,5.820571137987436
M00529_P00304,5.8723464214165
M00529_P00307,6.269085704721891
M00529_P00309,0.0
M00529_P00310,6.180423914847268
M00530_P00574,0.0
M00530_P00579,6.215712586572067
M00530_P00582,6.30044288876368
M00530_P00584,0.0
M00530_P00586,5.888306014221813
M00530_P00590,6.79259959891275
M00530_P00888,0.0
M00530_P00889,5.855598952669666
M00530_P00893,5.86532655619512
M00530_P00894,0.0
M00530_P00895,6.3905762039367575
M00530_P00901,7.066727281200823
M00530_P00909,0.0
M00531_P00313,6.31395072599323
M00531_P00324,6.749862619173608
M00531_P00329,0.0
M00531_P00333,6.525783593484549
M00531_P00334,6.23859323377611
M00531_P00423,6.753377043167452
M00531_P00424,5.886393299641837
M00531_P00425,6.275412922461153
M00531_P00426,0.0
M00531_P00431,5.871736076803799
M00531_P00436,6.204886275030357
M00531_P00440,5.829065316815929
M00532_P00209,0.0
M00532_P00210,7.126242312633439
M00532_P00211,0.0
M00532_P00219,5.815673655499525
M00532_P00221,0.0
M00532_P00222,0.0
M00532_P00232,0.0
M00532_P00234,7.0358906454475845
M00532_P01070,0.0
M00532_P01074,6.257216270785029
M00532_P01082,0.0
M00533_P00835,0.0
M00533_P00840,6.0534255718210535
M00533_P00844,5.979674204997359
M00533_P00847,6.017592998434631
M00533_P00848,6.013404638931268
M00533_P00856,6.779613257625804
M00533_P01099,6.257157219787691
M00533_P01107,0.0
M00533_P01108,6.585162700757787
M00533_P01109,6.17981104298427
M00533_P01114,6.792975743620752
M00533_P01118,0.0
M00534_P00266,6.216715513270703
M00534_P00271,0.0
M00534_P00278,6.706236579587549
M00534_P00286,6.304316606095062
M00534_P01120,0.0
M00535_P00055,0.0
M00535_P00057,6.0744985284108965
M00535_P00059,6.258779801195298
M00535_P00064,0.0
M00535_P00066,0.0
M00535_P00071,0.0
M00535_P00077,0.0
M00535_P00940,0.0
M00535_P00948,6.254276041086535
M00535_P00950,0.0
M00535_P00951,6.300495336365467
M00535_P00959,5.882325979636982
M00535_P00962,6.909349545671403
M00536_P00055,0.0
M00536_P00057,5.872541464687104
M00536_P00059,0.0
M00536_P00064,0.0
M00536_P00066,7.450134102121201
M00536_P00071,6.347137944683634
M00536_P00077,0.0
M00536_P01099,0.0
M00536_P01107,0.0
M00536_P01108,0.0
M00536_P01109,6.709411626157498
M00536_P01114,6.799262983424532
M00536_P01118,6.385880943352742
M00537_P00345,0.0
M00537_P00347,6.345608210993672
M00537_P00351,6.378281484549764
M00537_P00353,0.0
M00537_P00359,0.0
M00537_P00362,6.147568207851793
M00537_P01070,5.894529170340689
M00537_P01074,6.208938075315979
M00537_P01082,5.866717515912817
M00538_P01020,6.8627191833140575
M00538_P01034,0.0
M00538_P01037,5.844234637995169
M00538_P01038,5.865656585545947
M00538_P01070,5.892990081729407
M00538_P01074,0.0
M00538_P01082,6.248197876903532
M00539_P00888,5.871822152750959
M00539_P00889,0.0
M00539_P00893,5.904470259759711
M00539_P00894,0.0
M00539_P00895,0.0
M00539_P00901,7.067272318725979
M00539_P00909,0.0
M00539_P01041,5.8855279021112
M00539_P01042,0.0
M00539_P01048,0.0
M00539_P01049,0.0
M00539_P01051,6.315858276629307
M00539_P01055,5.961098810799392
M00539_P01063,6.014899429304069
M00539_P01064,5.879713425784536
M00540_P00391,0.0
M00540_P00399,6.25484597357059
M00540_P00410,6.235729583441382
M00540_P00416,6.246566022909835
M00540_P00782,6.352600031635902
M00540_P00786,5.873164302655877
M00540_P00788,0.0
M00540_P00797,0.0
M00540_P00803,6.779085140728077
M00541_P00515,0.0
M00541_P00782,6.289346406819907
M00541_P00786,6.082028486732431
M00541_P00788,0.0
M00541_P00797,0.0
M00541_P00803,6.4252667133016
M00542_P00266,6.172563301946708
M00542_P00271,6.319698828310477
M00542_P00278,6.794363008742221
M00542_P00286,0.0
M00542_P00761,6.256741244943992
M00542_P00772,0.0
M00543_P00345,0.0
M00543_P00347,6.238385733338077
M00543_P00351,6.203303770552104
M00543_P00353,5.859202927580733
M00543_P00359,0.0
M00543_P00362,6.017409008004646
M00543_P00761,6.256049842584821
M00543_P00772,6.041433460020931
M00544_P00529,5.863823196438318
M00544_P00535,0.0
M00544_P00536,0.0
M00544_P00542,0.0
M00544_P00543,0.0
M00544_P01201,5.8798269498843565
M00544_P01209,5.985979117640468
M00544_P01210,5.904602829090635
M00544_P01211,7.110647517729994
M00544_P01214,6.084359594131818
M00545_P00209,0.0
M00545_P00210,7.24607792381585
M00545_P00211,0.0
M00545_P00219,0.0
M00545_P00221,6.337043233605324
M00545_P00222,6.7634944131076695
M00545_P00232,6.300645803280255
M00545_P00234,7.552003362073647
M00545_P00655,0.0
M00545_P00662,5.849682904850352
M00545_P00666,6.09908812192422
M00545_P00668,5.862929780777758
M00545_P00669,6.260166050449552
M00545_P00673,6.738685723156908
M00545_P00674,5.891270690558198
M00546_P00835,6.213427164049107
M00546_P00840,5.843184513783506
M00546_P00844,0.0
M00546_P00847,6.015604494277951
M00546_P00848,5.881438402258373
M00546_P00856,0.0
M00546_P00940,6.0773087893245945
M00546_P00948,0.0
M00546_P00950,6.25780731526065
M00546_P00951,6.252482163336755
M00546_P00959,0.0
M00546_P00962,6.885599834920229
M00547_P00391,0.0
M00547_P00399,6.29564582668621
M00547_P00410,0.0
M00547_P00416,6.253087477277242
M00547_P00782,6.245394082654894
M00547_P00786,5.8704587172521325
M00547_P00788,0.0
M00547_P00797,0.0
M00547_P00803,0.0
M00548_P00391,0.0
M00548_P00399,0.0
M00548_P00410,0.0
M00548_P00416,0.0
M00548_P00732,0.0
M00548_P00738,0.0
M00548_P00742,0.0
M00548_P00744,6.019533641189891
M00548_P00747,7.382118690780647
M00548_P00753,6.176650377739475
M00549_P00079,6.42464207815017
M00549_P00082,6.1459973591957375
M00549_P00087,5.795636018645643
M00549_P00097,0.0
M00549_P00102,0.0
M00549_P00515,5.795292907556207
M00550_P00266,6.212665521927896
M00550_P00271,0.0
M00550_P00278,6.7789178196775675
M00550_P00286,6.3686709086831215
M00550_P00391,0.0
M00550_P00399,6.5225025595913015
M00550_P00410,6.74687106224111
M00550_P00416,6.29324188441197
M00551_P00266,0.0
M00551_P00271,6.35144207580109
M00551_P00278,6.781470799668889
M00551_P00286,0.0
M00551_P00313,0.0
M00551_P00324,6.768286936530232
M00551_P00329,0.0
M00551_P00333,6.243987177076256
M00551_P00334,6.371912292365599
M00552_P00515,0.0
M00552_P00807,0.0
M00552_P00812,0.0
M00552_P00819,0.0
M00552_P00826,6.517502214495498
M00552_P00827,6.931415791067246
M00553_P00136,0.0
M00553_P00141,6.885745864974668
M00553_P00148,6.010741161316455
M00553_P00156,0.0
M00553_P00678,6.038163593094143
M00553_P00679,0.0
M00553_P00680,5.865721322542257
M00553_P00681,0.0
M00553_P00683,6.344495644549875
M00553_P00694,7.204938372566608
M00554_P00345,5.907089560788648
M00554_P00347,0.0
M00554_P00351,6.709442450498295
M00554_P00353,5.857909029696811
M00554_P00359,0.0
M00554_P00362,0.0
M00554_P00391,0.0
M00554_P00399,0.0
M00554_P00410,0.0
M00554_P00416,6.202416007431323
M00555_P00079,0.0
M00555_P00082,0.0
M00555_P00087,0.0
M00555_P00097,0.0
M00555_P00102,6.033532126054625
M00555_P00108,5.880159799583014
M00555_P00110,5.903796655698605
M00555_P00114,0.0
M00555_P00124,0.0
M00555_P00129,0.0
M00556_P00991,0.0
M00556_P00993,0.0
M00556_P00997,0.0
M00556_P01000,0.0
M00556_P01010,6.204214233010115
M00556_P01099,6.323446879280375
M00556_P01107,5.867131420702972
M00556_P01108,0.0
M00556_P01109,0.0
M00556_P01114,0.0
M00556_P01118,6.1800300440361795
M00557_P00478,0.0
M00557_P00479,6.728095406241939
M00557_P00486,6.250055652038303
M00557_P00491,5.989619059380663
M00557_P00922,6.173102771163888
M00557_P00927,6.015543032946059
M00557_P00931,6.063906914225774
M00557_P00935,6.498674096682738
M00558_P00209,0.0
M00558_P00210,7.1134762894436205
M00558_P00211,0.0
M00558_P00219,0.0
M00558_P00221,0.0
M00558_P00222,6.251585661345587
M00558_P00232,5.892193291336623
M00558_P00234,7.9552851745200925
M00558_P00705,0.0
M00558_P00707,6.321971527553471
M00558_P00716,0.0
M00558_P00718,6.827362695234603
M00558_P00724,0.0
M00558_P00728,6.0707063078537224
M00559_P00611,5.886762113062115
M00559_P00618,6.164662764668366
M00559_P00619,0.0
M00559_P00622,0.0
M00559_P00655,6.242064321136578
M00559_P00662,5.862617415309848
M00559_P00666,6.296311193446065
M00559_P00668,5.8835832966461155
M00559_P00669,6.227818847417167
M00559_P00673,0.0
M00559_P00674,0.0
M00560_P00079,0.0
M00560_P00082,6.920700346379427
M00560_P00087,0.0
M00560_P00097,6.523165346726885
M00560_P00102,0.0
M00560_P00965,6.245777467849412
M00560_P00966,5.868775796723851
M00560_P00975,6.73917313272533
M00560_P00978,0.0
M00560_P00980,0.0
M00560_P00986,0.0
M00561_P00611,5.839747739074994
M00561_P00618,6.206822668136379
M00561_P00619,5.8420603665840805
M00561_P00622,6.163644388946464
M00561_P00940,6.262687340545652
M00561_P00948,6.760188403165059
M00561_P00950,0.0
M00561_P00951,6.700228074495158
M00561_P00959,0.0
M00561_P00962,0.0
M00562_P00625,0.0
M00562_P00630,0.0
M00562_P00632,6.331067351560576
M00562_P00635,0.0
M00562_P00644,6.261159153647272
M00562_P00645,7.081818887466597
M00562_P00650,6.078365845452367
M00562_P00863,0.0
M00562_P00880,0.0
M00562_P00882,6.70126822169665
M00563_P01020,6.496630559475148
M00563_P01034,0.0
M00563_P01037,5.887817803473977
M00563_P01038,5.8835819800577065
M00563_P01146,6.918191938003595
M00563_P01157,5.826339124346922
M00563_P01166,6.088601601775452
M00563_P01169,5.8839468211283865
M00564_P00157,0.0
M00564_P00159,5.9926492928379576
M00564_P00164,0.0
M00564_P00169,6.294676654914844
M00564_P00171,6.360669280531175
M00564_P00175,6.238221630059254
M00564_P00209,5.882528484094471
M00564_P00210,0.0
M00564_P00211,0.0
M00564_P00219,0.0
M00564_P00221,6.331982076512626
M00564_P00222,6.248655003678289
M00564_P00232,5.903550613439131
M00564_P00234,0.0
M00565_P00549,5.891957626596756
M00565_P00552,0.0
M00565_P00554,6.208057422388281
M00565_P00561,0.0
M00565_P00562,5.904460296718094
M00565_P00568,0.0
M00565_P00940,5.8965695378858145
M00565_P00948,0.0
M00565_P00950,6.014011711347632
M00565_P00951,0.0
M00565_P00959,5.8814564447111986
M00565_P00962,6.781802797911073
M00566_P00313,0.0
M00566_P00324,6.522575709720941
M00566_P00329,5.877054470789377
M00566_P00333,6.173905682600587
M00566_P00334,0.0
M00566_P01020,7.0257056221403085
M00566_P01034,0.0
M00566_P01037,6.026797345946645
M00566_P01038,0.0
M00567_P00055,0.0
M00567_P00057,6.098688486071644
M00567_P00059,6.397365486155628
M00567_P00064,6.041188017393485
M00567_P00066,0.0
M00567_P00071,6.78137640524189
M00567_P00077,6.358499065745854
M00567_P00835,0.0
M00567_P00840,6.103993271712893
M00567_P00844,6.012418779322136
M00567_P00847,5.904618639717054
M00567_P00848,0.0
M00567_P00856,0.0
M00568_P00209,5.878765342356988
M00568_P00210,0.0
M00568_P00211,0.0
M00568_P00219,5.834292454828915
M00568_P00221,6.226514919579446
M00568_P00222,0.0
M00568_P00232,5.86055964896789
M00568_P00234,0.0
M00568_P01201,0.0
M00568_P01209,5.834454201526029
M00568_P01210,0.0
M00568_P01211,0.0
M00568_P01214,5.851379891410856
M00569_P00761,0.0
M00569_P00772,5.8612822016912665
M00569_P00863,0.0
M00569_P00880,0.0
M00569_P00882,0.0
M00570_P00529,5.9036567484827565
M00570_P00535,6.180158602459395
M00570_P00536,0.0
M00570_P00542,5.8990445222215895
M00570_P00543,6.320547591829253
M00570_P01041,0.0
M00570_P01042,0.0
M00570_P01048,6.219129792100023
M00570_P01049,6.940931195478335
M00570_P01051,6.175430954796775
M00570_P01055,0.0
M00570_P01063,5.976298068920362
M00570_P01064,0.0
M00571_P00655,6.173054928990175
M00571_P00662,0.0
M00571_P00666,0.0
M00571_P00668,5.8724701986820085
M00571_P00669,6.392502516264883
M00571_P00673,6.272684625484338
M00571_P00674,0.0
M00571_P01041,5.873780763631999
M00571_P01042,0.0
M00571_P01048,0.0
M00571_P01049,7.3198265532910565
M00571_P01051,0.0
M00571_P01055,5.7882223082928315
M00571_P01063,5.879353058425028
M00571_P01064,5.906561881427307
M00572_P00549,0.0
M00572_P00552,6.0155479366336575
M00572_P00554,0.0
M00572_P00561,0.0
M00572_P00562,0.0
M00572_P00568,0.0
M00572_P00965,6.037581045158732
M00572_P00966,5.897803632373315
M00572_P00975,6.775797706343626
M00572_P00978,6.856949184944771
M00572_P00980,6.322818358852538
M00572_P00986,6.7701142013816495
M00573_P00940,5.834759237940524
M00573_P00948,6.298703949940168
M00573_P00950,6.266168577836528
M00573_P00951,6.80312708921053
M00573_P00959,5.903864789281314
M00573_P00962,7.351264600394522
M00573_P01177,6.336080104821797
M00573_P01182,6.1078646583950285
M00573_P01184,6.168822515042708
M00573_P01193,0.0
M00573_P01196,0.0
M00574_P00032,0.0
M00574_P00044,7.056571776198131
M00574_P00045,0.0
M00574_P00050,6.022475025109789
M00574_P00052,6.403101112592366
M00574_P00625,0.0
M00574_P00630,5.844727260509155
M00574_P00632,6.327927584576584
M00574_P00635,0.0
M00574_P00644,6.290532933183726
M00574_P00645,0.0
M00574_P00650,0.0
M00575_P00678,6.09623939791361
M00575_P00679,0.0
M00575_P00680,0.0
M00575_P00681,6.056769204283968
M00575_P00683,6.263592320042377
M00575_P00694,6.506955763163453
M00575_P00991,6.820824230078597
M00575_P00993,5.840399730323589
M00575_P00997,5.868601912970109
M00575_P01000,0.0
M00575_P01010,6.300116679923665
M00576_P00782,0.0
M00576_P00786,0.0
M00576_P00788,7.05540956140923
M00576_P00797,6.30347959549495
M00576_P00803,6.384515247337643
M00576_P00991,0.0
M00576_P00993,5.859893921807443
M00576_P00997,5.893547798559581
M00576_P01000,0.0
M00576_P01010,0.0
M00577_P00079,6.557398191074379
M00577_P00082,0.0
M00577_P00087,5.8726592379838625
M00577_P00097,6.24836177175623
M00577_P00102,5.858834975490904
M00577_P01201,0.0
M00577_P01209,6.025235206100456
M00577_P01210,6.145395652361513
M00577_P01211,7.229890886164854
M00577_P01214,6.090075221977542
M00578_P00266,0.0
M00578_P00271,0.0
M00578_P00278,6.484759035992915
M00578_P00286,6.418361150030236
M00578_P00888,6.179176466412883
M00578_P00889,0.0
M00578_P00893,5.896985741450971
M00578_P00894,0.0
M00578_P00895,6.180400432570749
M00578_P00901,7.225188327218784
M00578_P00909,0.0
M00579_P00241,5.860455673146567
M00579_P00244,5.86554433323408
M00579_P00245,6.060312331260967
M00579_P00248,6.199010202455423
M00579_P00255,7.32822428374144
M00579_P00260,7.435190772679283
M00579_P01146,7.071835690012657
M00579_P01157,6.077850381033851
M00579_P01166,6.736761630794155
M00579_P01169,0.0
M00580_P00940,5.829155644766186
M00580_P00948,0.0
M00580_P00950,6.176201786296314
M00580_P00951,6.3660291476386
M00580_P00959,0.0
M00580_P00962,0.0
M00580_P01177,0.0
M00580_P01182,6.155174853652169
M00580_P01184,0.0
M00580_P01193,6.264879362467256
M00580_P01196,6.262295936193211
M00581_P00032,6.8109159832077575
M00581_P00044,6.905558140732656
M00581_P00045,6.062625103546239
M00581_P00050,6.480921345430849
M00581_P00052,6.389284086014403
M00581_P00761,0.0
M00581_P00772,5.868054574697524
M00582_P00241,0.0
M00582_P00244,5.880043577062661
M00582_P00245,6.179462678371488
M00582_P00248,6.363482640444808
M00582_P00255,0.0
M00582_P00260,6.788576034305756
M00582_P00705,0.0
M00582_P00707,6.580033799718148
M00582_P00716,6.353288868772155
M00582_P00718,0.0
M00582_P00724,6.074284843882893
M00582_P00728,0.0
M00583_P00678,5.882385621091896
M00583_P00679,0.0
M00583_P00680,0.0
M00583_P00681,5.812598968232369
M00583_P00683,6.146388379686346
M00583_P00694,6.326862802774562
M00583_P00863,0.0
M00583_P00880,0.0
M00583_P00882,7.238497233674788
M00584_P01201,5.866415627583795
M00584_P01209,5.889023372585724
M00584_P01210,0.0
M00584_P01211,6.842530202647413
M00584_P01214,5.833086920250999
M00584_P01223,0.0
M00584_P01234,6.506442571980011
M00584_P01236,0.0
M00584_P01241,6.158214710277557
M00584_P01242,5.845309533360497
M00585_P00345,0.0
M00585_P00347,6.295584878236369
M00585_P00351,6.734382274519398
M00585_P00353,5.993268038347221
M00585_P00359,0.0
M00585_P00362,5.865765027258849
M00585_P00863,5.951010150646711
M00585_P00880,6.388719493150735
M00585_P00882,6.7704090556939915
M00586_P00782,0.0
M00586_P00786,5.8778712064769865
M00586_P00788,0.0
M00586_P00797,0.0
M00586_P00803,0.0
M00586_P01099,6.412487688759351
M00586_P01107,6.221970288038782
M00586_P01108,6.8047855754922955
M00586_P01109,6.403342881381824
M00586_P01114,6.296323273750532
M00586_P01118,6.547975011116387
M00587_P00287,5.86028253310171
M00587_P00290,0.0
M00587_P00291,5.864036546914093
M00587_P00295,0.0
M00587_P00297,0.0
M00587_P00298,0.0
M00587_P00299,0.0
M00587_P00304,5.877653353644883
M00587_P00307,6.17420303292296
M00587_P00309,6.580852736580525
M00587_P00310,6.0695257772263815
M00587_P00529,0.0
M00587_P00535,6.0424413224174085
M00587_P00536,5.975845958732036
M00587_P00542,6.177700205519702
M00587_P00543,0.0
M00588_P00574,0.0
M00588_P00579,6.089704325326252
M00588_P00582,0.0
M00588_P00584,0.0
M00588_P00586,0.0
M00588_P00590,6.781550888627365
M00588_P00888,0.0
M00588_P00889,5.9576840232293
M00588_P00893,5.821563059899838
M00588_P00894,0.0
M00588_P00895,0.0
M00588_P00901,7.197165315201177
M00588_P00909,0.0
M00589_P00782,0.0
M00589_P00786,5.8976384058270215
M00589_P00788,6.924856532519079
M00589_P00797,5.876970813338566
M00589_P00803,6.258560978969387
M00589_P01020,6.790729283318978
M00589_P01034,5.864267862964688
M00589_P01037,5.872257726967982
M00589_P01038,0.0
M00590_P00443,0.0
M00590_P00448,5.864222637028438
M00590_P00452,0.0
M00590_P00462,6.239643617559182
M00590_P00463,6.39428411898742
M00590_P00465,6.2912649921845265
M00590_P00468,6.014146371095976
M00590_P00940,0.0
M00590_P00948,0.0
M00590_P00950,6.107455027769353
M00590_P00951,6.220251940857618
M00590_P00959,5.821587307950403
M00590_P00962,6.8960589302000646
M00591_P00478,5.84493658428889
M00591_P00479,0.0
M00591_P00486,6.094509976439605
M00591_P00491,5.991473409190808
M00591_P00515,6.242710543768543
M00592_P01146,7.0376886654544935
M00592_P01157,5.905047919990702
M00592_P01166,6.243990954177919
M00592_P01169,5.945359092228972
M00592_P01201,5.866908677199526
M00592_P01209,5.858008357523802
M00592_P01210,0.0
M00592_P01211,0.0
M00592_P01214,5.890129674386667
M00593_P00574,5.960909910406382
M00593_P00579,6.303389332960277
M00593_P00582,0.0
M00593_P00584,0.0
M00593_P00586,5.7814832180504885
M00593_P00590,0.0
M00593_P00782,0.0
M00593_P00786,5.855323855695017
M00593_P00788,6.710684033692203
M00593_P00797,0.0
M00593_P00803,6.085244805537165
M00594_P00185,5.89507931357176
M00594_P00193,6.252838920678586
M00594_P00197,5.80229377336845
M00594_P00199,5.951366052264254
M00594_P00200,5.896984568387989
M00594_P00478,0.0
M00594_P00479,7.03014189579098
M00594_P00486,6.259986934468192
M00594_P00491,0.0
M00595_P00574,0.0
M00595_P00579,0.0
M00595_P00582,6.366769144635563
M00595_P00584,6.223436533739559
M00595_P00586,6.0846628626067805
M00595_P00590,0.0
M00595_P00655,0.0
M00595_P00662,5.9047565284748265
M00595_P00666,6.33732613979954
M00595_P00668,0.0
M00595_P00669,6.3418955891066515
M00595_P00673,6.263567478989707
M00595_P00674,5.900158117199471
M00596_P00055,6.022083623788454
M00596_P00057,6.021836678430201
M00596_P00059,6.388764125984704
M00596_P00064,0.0
M00596_P00066,7.202156765586663
M00596_P00071,6.33093957570317
M00596_P00077,6.32117097987301
M00596_P00478,0.0
M00596_P00479,0.0
M00596_P00486,0.0
M00596_P00491,0.0
M00597_P00574,0.0
M00597_P00579,6.287842323690191
M00597_P00582,0.0
M00597_P00584,6.217495351105049
M00597_P00586,5.864602301555678
M00597_P00590,6.711746136161048
M00597_P00761,0.0
M00597_P00772,0.0
M00598_P00782,0.0
M00598_P00786,0.0
M00598_P00788,6.787040544948923
M00598_P00797,0.0
M00598_P00803,6.248054549038803
M00598_P01223,6.1837233495937465
M00598_P01234,0.0
M00598_P01236,6.079379048788287
M00598_P01241,6.3668085572377615
M00598_P01242,0.0
M00599_P00443,0.0
M00599_P00448,5.800337050428228
M00599_P00452,5.8767561471669545
M00599_P00462,0.0
M00599_P00463,6.7234932466901
M00599_P00465,0.0
M00599_P00468,6.25638496469565
M00599_P00888,6.02282954760175
M00599_P00889,5.990356922199948
M00599_P00893,5.967144648275883
M00599_P00894,6.364323831143214
M00599_P00895,6.309079089355889
M00599_P00901,0.0
M00599_P00909,6.587925140901926
M00600_P00157,0.0
M00600_P00159,0.0
M00600_P00164,6.266449395715629
M00600_P00169,0.0
M00600_P00171,6.351651242773349
M00600_P00175,6.805810680634724
M00600_P00209,5.860156102230552
M00600_P00210,0.0
M00600_P00211,0.0
M00600_P00219,5.856439186231099
M00600_P00221,6.344634317736167
M00600_P00222,0.0
M00600_P00232,5.7463196481813865
M00600_P00234,7.201200442087283
M00601_P00079,0.0
M00601_P00082,6.231701818677864
M00601_P00087,0.0
M00601_P00097,0.0
M00601_P00102,6.306135159437481
M00601_P00391,0.0
M00601_P00399,6.251706163018609
M00601_P00410,6.300112842582467
M00601_P00416,6.2605408039857116
M00602_P00368,6.044687044343958
M00602_P00372,0.0
M00602_P00378,6.18593994011949
M00602_P00382,0.0
M00602_P00383,5.961381866755244
M00602_P01041,5.879987881338609
M00602_P01042,0.0
M00602_P01048,6.253873537253108
M00602_P01049,0.0
M00602_P01051,6.069434292092278
M00602_P01055,0.0
M00602_P01063,5.861471851915202
M00602_P01064,0.0
M00603_P00549,5.85719196168275
M00603_P00552,5.869948033639149
M00603_P00554,0.0
M00603_P00561,6.914112491572509
M00603_P00562,5.902948819716762
M00603_P00568,0.0
M00603_P00678,0.0
M00603_P00679,6.825030262009372
M00603_P00680,5.877324718667418
M00603_P00681,5.902551126536828
M00603_P00683,0.0
M00603_P00694,0.0
M00604_P00157,6.046782932789915
M00604_P00159,0.0
M00604_P00164,6.254073661906615
M00604_P00169,5.949522211863482
M00604_P00171,6.564758811504288
M00604_P00175,6.401134691056734
M00604_P01146,0.0
M00604_P01157,5.864858470693614
M00604_P01166,6.139260702864287
M00604_P01169,0.0
M00605_P00011,0.0
M00605_P00024,5.906787824834307
M00605_P00940,0.0
M00605_P00948,6.323318765722671
M00605_P00950,6.342395506127027
M00605_P00951,6.247280299517295
M00605_P00959,0.0
M00605_P00962,7.0843688118434045
M00606_P00782,6.2348479319099
M00606_P00786,0.0
M00606_P00788,6.779638840306534
M00606_P00797,6.356339492695772
M00606_P00803,6.2494751858534014
M00606_P01070,5.947143088732951
M00606_P01074,6.719739541344668
M00606_P01082,0.0
M00607_P00478,6.0670537746751885
M00607_P00479,0.0
M00607_P00486,6.3495194124266305
M00607_P00491,0.0
M00607_P00549,0.0
M00607_P00552,6.227422060338814
M00607_P00554,6.219441382105532
M00607_P00561,7.082115230030272
M00607_P00562,0.0
M00607_P00568,0.0
M00608_P00136,0.0
M00608_P00141,6.752080064801782
M00608_P00148,5.782133503445038
M00608_P00156,0.0
M00608_P01099,6.3683962968237395
M00608_P01107,6.029284472183038
M00608_P01108,0.0
M00608_P01109,6.50647783855173
M00608_P01114,6.529593005601209
M00608_P01118,6.48841359642333
M00609_P00888,5.891616092725049
M00609_P00889,0.0
M00609_P00893,6.172536626458732
M00609_P00894,0.0
M00609_P00895,6.200744596453671
M00609_P00901,0.0
M00609_P00909,6.192496998605256
M00609_P01223,0.0
M00609_P01234,6.923036461387825
M00609_P01236,5.95765807742839
M00609_P01241,6.242241552694199
M00609_P01242,6.02761183413047
M00610_P00287,0.0
M00610_P00290,6.095860575286467
M00610_P00291,0.0
M00610_P00295,7.381856512726171
M00610_P00297,5.971449225402588
M00610_P00298,0.0
M00610_P00299,6.015433858931154
M00610_P00304,6.2649576295637575
M00610_P00307,6.368969513124414
M00610_P00309,6.4216008139483565
M00610_P00310,0.0
M00610_P00678,5.866169791382231
M00610_P00679,0.0
M00610_P00680,5.885132933339021
M00610_P00681,0.0
M00610_P00683,0.0
M00610_P00694,0.0
M00611_P00287,0.0
M00611_P00290,6.050683423461533
M00611_P00291,5.992905225798504
M00611_P00295,0.0
M00611_P00297,0.0
M00611_P00298,0.0
M00611_P00299,0.0
M00611_P00304,6.067060870774176
M00611_P00307,6.701322966058293
M00611_P00309,6.7564345416639355
M00611_P00310,6.325989701517388
M00611_P00807,0.0
M00611_P00812,7.085725199100537
M00611_P00819,5.844601583430852
M00611_P00826,0.0
M00611_P00827,6.757482309308521
M00612_P00011,0.0
M00612_P00024,6.028957506150648
M00612_P00055,0.0
M00612_P00057,5.960653347797826
M00612_P00059,6.2112444561073135
M00612_P00064,5.791334784366329
M00612_P00066,7.0518115391508
M00612_P00071,0.0
M00612_P00077,6.357988537868064
M00613_P00478,0.0
M00613_P00479,0.0
M00613_P00486,6.257822231031536
M00613_P00491,5.860142818758724
M00613_P00549,0.0
M00613_P00552,0.0
M00613_P00554,0.0
M00613_P00561,6.90242399643475
M00613_P00562,0.0
M00613_P00568,5.8643520666590145
M00614_P00209,0.0
M00614_P00210,0.0
M00614_P00211,5.867313074426049
M00614_P00219,5.846207356142923
M00614_P00221,0.0
M00614_P00222,6.7655815247950235
M00614_P00232,0.0
M00614_P00234,7.029773132728558
M00614_P00863,6.044036755326405
M00614_P00880,6.28784814987173
M00614_P00882,0.0
M00615_P00185,0.0
M00615_P00193,6.320688758773458
M00615_P00197,0.0
M00615_P00199,5.894503011244735
M00615_P00200,5.896285512039068
M00615_P00313,0.0
M00615_P00324,0.0
M00615_P00329,5.869308987921414
M00615_P00333,6.045269471466116
M00615_P00334,6.594449379616389
M00616_P00761,6.591512844971777
M00616_P00772,6.085336661712381
M00616_P01201,0.0
M00616_P01209,0.0
M00616_P01210,5.811522552379859
M00616_P01211,6.916910239293412
M00616_P01214,0.0
M00617_P00287,0.0
M00617_P00290,6.06188350819507
M00617_P00291,0.0
M00617_P00295,6.913360948497916
M00617_P00297,5.962061411885339
M00617_P00298,6.040712756454692
M00617_P00299,0.0
M00617_P00304,6.059530154696611
M00617_P00307,0.0
M00617_P00309,7.069702534846192
M00617_P00310,0.0
M00617_P01177,0.0
M00617_P01182,5.865094313847795
M00617_P01184,0.0
M00617_P01193,0.0
M00617_P01196,6.1513871364724135
M00618_P00478,6.065754414038172
M00618_P00479,6.8997427247546215
M00618_P00486,0.0
M00618_P00491,6.308313953868139
M00618_P00965,6.206400261057259
M00618_P00966,0.0
M00618_P00975,6.817474661569423
M00618_P00978,0.0
M00618_P00980,0.0
M00618_P00986,6.796344725495778
M00619_P00287,0.0
M00619_P00290,5.856907917115924
M00619_P00291,0.0
M00619_P00295,0.0
M00619_P00297,0.0
M00619_P00298,5.864552863396279
M00619_P00299,0.0
M00619_P00304,0.0
M00619_P00307,6.38029525930653
M00619_P00309,6.354623466510851
M00619_P00310,0.0
M00619_P01041,0.0
M00619_P01042,0.0
M00619_P01048,0.0
M00619_P01049,0.0
M00619_P01051,0.0
M00619_P01055,5.8677565452170715
M00619_P01063,0.0
M00619_P01064,5.859925722123197
M00620_P00705,5.8542891146307925
M00620_P00707,6.275885170800684
M00620_P00716,6.227331320137793
M00620_P00718,0.0
M00620_P00724,5.889915996181956
M00620_P00728,0.0
M00620_P00863,0.0
M00620_P00880,0.0
M00620_P00882,0.0
M00621_P00655,6.316922145887763
M00621_P00662,0.0
M00621_P00666,6.259658309699001
M00621_P00668,0.0
M00621_P00669,6.268305942764456
M00621_P00673,6.383313275830786
M00621_P00674,0.0
M00621_P01120,5.889809352017027
M00622_P00209,0.0
M00622_P00210,7.032327583632218
M00622_P00211,0.0
M00622_P00219,5.892999647046984
M00622_P00221,6.3519470384010805
M00622_P00222,0.0
M00622_P00232,5.990679976047919
M00622_P00234,0.0
M00622_P00807,0.0
M00622_P00812,0.0
M00622_P00819,5.886316082916177
M00622_P00826,6.202494088753505
M00622_P00827,7.234435000348168
M00623_P00011,0.0
M00623_P00024,6.073639586773059
M00623_P00443,0.0
M00623_P00448,5.900970725264192
M00623_P00452,0.0
M00623_P00462,0.0
M00623_P00463,6.225211330379979
M00623_P00465,6.295709306877761
M00623_P00468,0.0
M00624_P00443,6.109339082571057
M00624_P00448,0.0
M00624_P00452,0.0
M00624_P00462,6.24659054716232
M00624_P00463,6.256943956094878
M00624_P00465,0.0
M00624_P00468,6.297406557918147
M00624_P00732,0.0
M00624_P00738,6.349667176748523
M00624_P00742,6.320265971418871
M00624_P00744,5.968140732974438
M00624_P00747,0.0
M00624_P00753,0.0
M00625_P00965,0.0
M00625_P00966,0.0
M00625_P00975,6.748337515719945
M00625_P00978,0.0
M00625_P00980,0.0
M00625_P00986,6.591366734737814
M00625_P01223,0.0
M00625_P01234,6.810494122351404
M00625_P01236,5.882446708808198
M00625_P01241,0.0
M00625_P01242,5.866164277575685
M00626_P00423,6.579858802728796
M00626_P00424,5.899482113648322
M00626_P00425,6.266217530872981
M00626_P00426,0.0
M00626_P00431,5.8624050725774834
M00626_P00436,6.403253899245018
M00626_P00440,0.0
M00626_P01099,6.302489431223897
M00626_P01107,0.0
M00626_P01108,7.05476344278373
M00626_P01109,6.587337486533284
M00626_P01114,6.334296699103172
M00626_P01118,0.0
M00627_P00079,6.85470545464421
M00627_P00082,6.365260241535028
M00627_P00087,5.959206775418807
M00627_P00097,6.366739332174765
M00627_P00102,0.0
M00627_P01120,5.858642651812967
M00628_P00266,0.0
M00628_P00271,6.237590757934469
M00628_P00278,6.802861591253582
M00628_P00286,6.739383193278576
M00628_P00515,0.0
M00629_P00185,5.905030793415282
M00629_P00193,6.231814313605801
M00629_P00197,5.891695477453586
M00629_P00199,0.0
M00629_P00200,0.0
M00629_P01146,0.0
M00629_P01157,0.0
M00629_P01166,6.258973170381492
M00629_P01169,5.9501229263363795
M00630_P00611,0.0
M00630_P00618,6.263941259360302
M00630_P00619,5.905489923743807
M00630_P00622,5.8333502888832225
M00630_P01041,6.012526645310722
M00630_P01042,0.0
M00630_P01048,6.294322127270907
M00630_P01049,0.0
M00630_P01051,6.350548223574198
M00630_P01055,5.886823754183542
M00630_P01063,6.058807039306391
M00630_P01064,0.0
M00631_P00209,0.0
M00631_P00210,7.197545896999295
M00631_P00211,0.0
M00631_P00219,0.0
M00631_P00221,6.385867182236341
M00631_P00222,6.376578425239722
M00631_P00232,0.0
M00631_P00234,7.4244467218116155
M00631_P00807,0.0
M00631_P00812,7.377066499821538
M00631_P00819,0.0
M00631_P00826,0.0
M00631_P00827,6.703611971873868
M00632_P00991,7.061294070198388
M00632_P00993,5.84010563439757
M00632_P00997,6.17632947663059
M00632_P01000,0.0
M00632_P01010,6.352218582405581
M00632_P01223,0.0
M00632_P01234,0.0
M00632_P01236,5.8891744488941
M00632_P01241,6.142441418353044
M00632_P01242,0.0
M00633_P00922,6.345068996792053
M00633_P00927,0.0
M00633_P00931,5.842296537988401
M00633_P00935,6.167080014842276
M00633_P01146,0.0
M00633_P01157,0.0
M00633_P01166,0.0
M00633_P01169,0.0
M00634_P00391,0.0
M00634_P00399,6.399625813406784
M00634_P00410,0.0
M00634_P00416,6.7230841256624565
M00634_P01146,6.923233432829852
M00634_P01157,5.8591999251134315
M00634_P01166,6.253532384530455
M00634_P01169,0.0
M00635_P00732,0.0
M00635_P00738,0.0
M00635_P00742,6.239240562885149
M00635_P00744,5.854391895899254
M00635_P00747,7.455971675363342
M00635_P00753,5.964355332341165
M00635_P00863,5.850005125467766
M00635_P00880,0.0
M00635_P00882,0.0
M00636_P00108,0.0
M00636_P00110,5.832194471318951
M00636_P00114,6.886691873901564
M00636_P00124,6.192487659346976
M00636_P00129,5.901800736253026
M00636_P00965,0.0
M00636_P00966,0.0
M00636_P00975,7.0778364421934725
M00636_P00978,6.860130424661103
M00636_P00980,6.3388424285391345
M00636_P00986,0.0
M00637_P00835,6.055881571357083
M00637_P00840,5.951441307802412
M00637_P00844,5.902967313979355
M00637_P00847,0.0
M00637_P00848,5.8933014470314085
M00637_P00856,6.248953801885186
M00637_P00922,6.358997895524566
M00637_P00927,0.0
M00637_P00931,0.0
M00637_P00935,6.7667109331300095
M00638_P00266,6.290760208497076
M00638_P00271,6.336587602568035
M00638_P00278,6.484576101608463
M00638_P00286,6.243043101020333
M00638_P00549,0.0
M00638_P00552,5.868027656794878
M00638_P00554,0.0
M00638_P00561,7.066427285610329
M00638_P00562,0.0
M00638_P00568,5.883898870666121
M00639_P00185,0.0
M00639_P00193,0.0
M00639_P00197,5.953213348696445
M00639_P00199,6.036809037602009
M00639_P00200,0.0
M00639_P01146,0.0
M00639_P01157,5.890725753467194
M00639_P01166,0.0
M00639_P01169,5.889536550322738
M00640_P00136,7.234981886955578
M00640_P00141,6.870782332802121
M00640_P00148,0.0
M00640_P00156,6.512305472862633
M00640_P00863,5.828033012661005
M00640_P00880,0.0
M00640_P00882,6.774740185632652
M00641_P00209,6.093211242307418
M00641_P00210,0.0
M00641_P00211,0.0
M00641_P00219,0.0
M00641_P00221,6.741978828537889
M00641_P00222,6.3652466492955
M00641_P00232,0.0
M00641_P00234,7.108008594235998
M00641_P00761,0.0
M00641_P00772,5.766708178849168
M00642_P00761,6.3875527765304305
M00642_P00772,5.835391922850213
M00642_P00965,6.185467851308804
M00642_P00966,0.0
M00642_P00975,0.0
M00642_P00978,6.714111663653049
M00642_P00980,0.0
M00642_P00986,6.505538458568124
M00643_P00515,0.0
M00643_P01120,0.0
M00644_P00423,6.839448439047004
M00644_P00424,6.084437609416204
M00644_P00425,6.364934975978717
M00644_P00426,0.0
M00644_P00431,0.0
M00644_P00436,0.0
M00644_P00440,6.096755861380685
M00644_P00655,6.180919433056306
M00644_P00662,5.907141931163062
M00644_P00666,6.343906912203406
M00644_P00668,5.973280638102628
M00644_P00669,0.0
M00644_P00673,6.182135955135586
M00644_P00674,0.0
M00645_P00108,0.0
M00645_P00110,5.824852443345514
M00645_P00114,6.915776877133286
M00645_P00124,0.0
M00645_P00129,0.0
M00645_P00965,6.260555613947154
M00645_P00966,0.0
M00645_P00975,7.448935936518896
M00645_P00978,6.806794398584821
M00645_P00980,0.0
M00645_P00986,7.094565075488761
M00646_P00574,0.0
M00646_P00579,0.0
M00646_P00582,0.0
M00646_P00584,0.0
M00646_P00586,5.886351404114977
M00646_P00590,6.802931823457319
M00646_P01177,0.0
M00646_P01182,0.0
M00646_P01184,6.0246516298660415
M00646_P01193,6.038873601373414
M00646_P01196,0.0
M00647_P00108,0.0
M00647_P00110,0.0
M00647_P00114,0.0
M00647_P00124,6.298314094695838
M00647_P00129,6.065684641356609
M00647_P00807,0.0
M00647_P00812,0.0
M00647_P00819,0.0
M00647_P00826,6.192231589313831
M00647_P00827,6.424403588070854
M00648_P00287,6.044074519943011
M00648_P00290,6.04049304298719
M00648_P00291,6.142343506970167
M00648_P00295,0.0
M00648_P00297,0.0
M00648_P00298,0.0
M00648_P00299,0.0
M00648_P00304,6.087379655646119
M00648_P00307,6.242905091033669
M00648_P00309,6.340616582116624
M00648_P00310,6.350056478352532
M00648_P00678,0.0
M00648_P00679,6.933486526209406
M00648_P00680,5.90448816731994
M00648_P00681,5.8702768726150465
M00648_P00683,6.168368616406874
M00648_P00694,6.5109744103962806
M00649_P01070,5.861530344174294
M00649_P01074,6.335039089904846
M00649_P01082,6.101699361558602
M00649_P01223,5.944568293027916
M00649_P01234,6.766697881391288
M00649_P01236,5.859511141343912
M00649_P01241,6.3069350726749995
M00649_P01242,5.825153788924926
M00650_P00611,0.0
M00650_P00618,6.76478186673903
M00650_P00619,0.0
M00650_P00622,0.0
M00650_P00655,0.0
M00650_P00662,0.0
M00650_P00666,6.03281904495622
M00650_P00668,5.860607520103866
M00650_P00669,6.3170445674390026
M00650_P00673,6.247304620677569
M00650_P00674,5.901777941891633
M00651_P00136,7.221906798986405
M00651_P00141,0.0
M00651_P00148,0.0
M00651_P00156,0.0
M00651_P00625,0.0
M00651_P00630,0.0
M00651_P00632,6.238281597509733
M00651_P00635,6.089357350401795
M00651_P00644,6.233176196570668
M00651_P00645,6.764337088398458
M00651_P00650,0.0
M00652_P00574,0.0
M00652_P00579,6.3548761882077756
M00652_P00582,6.319737665770117
M00652_P00584,0.0
M00652_P00586,6.053745157113383
M00652_P00590,0.0
M00652_P01070,0.0
M00652_P01074,6.293998442188542
M00652_P01082,0.0
M00653_P00655,6.145383470737798
M00653_P00662,5.808104392577094
M00653_P00666,0.0
M00653_P00668,5.8689878115943275
M00653_P00669,0.0
M00653_P00673,6.376002865975258
M00653_P00674,6.035050114503006
M00653_P00888,5.888604666624931
M00653_P00889,5.879252143452134
M00653_P00893,5.835276225917225
M00653_P00894,0.0
M00653_P00895,0.0
M00653_P00901,0.0
M00653_P00909,0.0
M00654_P00368,0.0
M00654_P00372,6.7585385065633465
M00654_P00378,5.870202468421209
M00654_P00382,5.891412474083991
M00654_P00383,5.9595444994555375
M00654_P01201,0.0
M00654_P01209,6.017216432306836
M00654_P01210,6.229594348564243
M00654_P01211,6.885649670786127
M00654_P01214,6.0762426255375
M00655_P00515,0.0
M00655_P00782,0.0
M00655_P00786,0.0
M00655_P00788,0.0
M00655_P00797,0.0
M00655_P00803,6.377116502035975
M00656_P00625,6.365409927782027
M00656_P00630,0.0
M00656_P00632,6.768351832632603
M00656_P00635,6.351136654627383
M00656_P00644,6.33188087526426
M00656_P00645,7.033480091257043
M00656_P00650,6.482941177760134
M00656_P00888,5.905255558147893
M00656_P00889,5.826876588275349
M00656_P00893,6.072760947591482
M00656_P00894,6.258522668402858
M00656_P00895,0.0
M00656_P00901,6.923682520532634
M00656_P00909,0.0
M00657_P00574,0.0
M00657_P00579,6.265257915957158
M00657_P00582,6.379534747504458
M00657_P00584,0.0
M00657_P00586,5.982016854288031
M00657_P00590,0.0
M00657_P00761,0.0
M00657_P00772,5.867756165650887
M00658_P00313,0.0
M00658_P00324,0.0
M00658_P00329,5.8457798123338796
M00658_P00333,0.0
M00658_P00334,6.039693213207698
M00658_P01223,6.056162601313973
M00658_P01234,0.0
M00658_P01236,6.012817933826748
M00658_P01241,6.206714721860435
M00658_P01242,5.898446717338115
M00659_P00055,0.0
M00659_P00057,0.0
M00659_P00059,6.364711904400118
M00659_P00064,0.0
M00659_P00066,0.0
M00659_P00071,6.760238188596435
M00659_P00077,6.3331434642885425
M00659_P01120,0.0
M00660_P00345,0.0
M00660_P00347,0.0
M00660_P00351,6.590377310795516
M00660_P00353,5.955603051860627
M00660_P00359,6.305930688811457
M00660_P00362,6.081569931400508
M00660_P00391,0.0
M00660_P00399,0.0
M00660_P00410,6.2577250755231
M00660_P00416,6.254483598366254
M00661_P00055,0.0
M00661_P00057,5.863703081686737
M00661_P00059,0.0
M00661_P00064,0.0
M00661_P00066,0.0
M00661_P00071,6.365529070738033
M00661_P00077,6.22356783869312
M00661_P00991,7.060669602656534
M00661_P00993,0.0
M00661_P00997,6.081785062109033
M00661_P01000,0.0
M00661_P01010,6.252667287360508
M00662_P00055,6.053201859884446
M00662_P00057,6.058011917126046
M00662_P00059,0.0
M00662_P00064,5.982128448342218
M00662_P00066,0.0
M00662_P00071,6.707345206117961
M00662_P00077,6.210793934935321
M00662_P00391,0.0
M00662_P00399,6.258104464978225
M00662_P00410,6.311199202089443
M00662_P00416,0.0
M00663_P00368,6.0681408384067135
M00663_P00372,0.0
M00663_P00378,6.052440735891669
M00663_P00382,0.0
M00663_P00383,0.0
M00663_P00922,6.2576286695635925
M00663_P00927,0.0
M00663_P00931,5.869031936584258
M00663_P00935,0.0
M00664_P00209,5.8022322869236564
M00664_P00210,0.0
M00664_P00211,0.0
M00664_P00219,0.0
M00664_P00221,0.0
M00664_P00222,0.0
M00664_P00232,0.0
M00664_P00234,7.22899951651359
M00664_P00863,0.0
M00664_P00880,0.0
M00664_P00882,0.0
M00665_P00940,0.0
M00665_P00948,0.0
M00665_P00950,6.141524680319803
M00665_P00951,6.236438869543516
M00665_P00959,0.0
M00665_P00962,0.0
M00665_P01201,6.026293978343627
M00665_P01209,5.77231061225347
M00665_P01210,6.075976654331291
M00665_P01211,7.129835930218192
M00665_P01214,0.0
M00666_P00391,0.0
M00666_P00399,6.361884695805288
M00666_P00410,0.0
M00666_P00416,0.0
M00666_P00529,0.0
M00666_P00535,5.877542940386499
M00666_P00536,0.0
M00666_P00542,5.876310429770666
M00666_P00543,6.229906293222141
M00667_P00515,5.9612848342149585
M00667_P00678,0.0
M00667_P00679,6.907711311819386
M00667_P00680,0.0
M00667_P00681,6.186141337002542
M00667_P00683,0.0
M00667_P00694,0.0
M00668_P00922,6.432304766657146
M00668_P00927,0.0
M00668_P00931,5.869659751297219
M00668_P00935,6.3547331224318295
M00668_P00991,0.0
M00668_P00993,5.877206410645726
M00668_P00997,0.0
M00668_P01000,6.4942025013219205
M00668_P01010,0.0
M00669_P01041,0.0
M00669_P01042,6.106181170275107
M00669_P01048,0.0
M00669_P01049,7.231066907940394
M00669_P01051,6.3272939564384885
M00669_P01055,5.958359696196897
M00669_P01063,6.039741203763764
M00669_P01064,6.109140123064872
M00669_P01146,0.0
M00669_P01157,5.840936848972351
M00669_P01166,6.178322283267808
M00669_P01169,0.0
M00670_P00079,6.762956501188592
M00670_P00082,0.0
M00670_P00087,6.177919039324421
M00670_P00097,0.0
M00670_P00102,6.053871048096164
M00670_P00611,0.0
M00670_P00618,6.244348689032697
M00670_P00619,5.835822426104687
M00670_P00622,5.893503977882817
M00671_P00529,0.0
M00671_P00535,0.0
M00671_P00536,5.901966797223633
M00671_P00542,0.0
M00671_P00543,6.243551990195399
M00671_P00863,6.054049523392014
M00671_P00880,6.331030300232236
M00671_P00882,6.856938941088639
M00672_P00241,5.991893593166345
M00672_P00244,6.151199352088358
M00672_P00245,6.423509712014941
M00672_P00248,6.506860662400131
M00672_P00255,0.0
M00672_P00260,7.090077225835673
M00672_P00678,0.0
M00672_P00679,0.0
M00672_P00680,5.896284482092096
M00672_P00681,5.8953220564457185
M00672_P00683,6.377184772378701
M00672_P00694,6.014089461918612
M00673_P00287,6.048415235833709
M00673_P00290,0.0
M00673_P00291,0.0
M00673_P00295,0.0
M00673_P00297,0.0
M00673_P00298,0.0
M00673_P00299,6.05002469346286
M00673_P00304,6.025305096327774
M00673_P00307,7.075746787719492
M00673_P00309,0.0
M00673_P00310,6.256226563138213
M00673_P00922,6.33035388465455
M00673_P00927,0.0
M00673_P00931,5.878129334214142
M00673_P00935,6.92937543355175
M00674_P00368,0.0
M00674_P00372,6.398072331322767
M00674_P00378,6.030863549595706
M00674_P00382,0.0
M00674_P00383,5.867797835028179
M00674_P00529,5.976498863637914
M00674_P00535,6.031033651203389
M00674_P00536,5.978710733916448
M00674_P00542,0.0
M00674_P00543,6.769606014093306
M00675_P00079,6.77251730965259
M00675_P00082,6.176602073123501
M00675_P00087,5.8702654980353834
M00675_P00097,0.0
M00675_P00102,6.384755077685048
M00675_P00761,0.0
M00675_P00772,0.0
M00676_P00678,0.0
M00676_P00679,6.905590345548393
M00676_P00680,5.956510565914726
M00676_P00681,0.0
M00676_P00683,6.244311782824161
M00676_P00694,0.0
M00676_P00940,0.0
M00676_P00948,6.797177492580092
M00676_P00950,6.705327378853578
M00676_P00951,6.342678364565124
M00676_P00959,6.042609374854754
M00676_P00962,7.2162105469179965
M00677_P00391,0.0
M00677_P00399,0.0
M00677_P00410,6.7784928587696625
M00677_P00416,6.317285482358921
M00677_P00625,0.0
M00677_P00630,6.043713551213861
M00677_P00632,6.187843223214069
M00677_P00635,6.248893699868542
M00677_P00644,6.181118776517496
M00677_P00645,7.08095982700745
M00677_P00650,6.092756421760612
M00678_P00549,0.0
M00678_P00552,0.0
M00678_P00554,6.335269496712436
M00678_P00561,7.091228558108199
M00678_P00562,0.0
M00678_P00568,6.0937146908130035
M00678_P01099,0.0
M00678_P01107,5.805905490362425
M00678_P01108,6.69873835348165
M00678_P01109,6.331161370575589
M00678_P01114,0.0
M00678_P01118,6.805773685520951
M00679_P00136,7.0389094903157945
M00679_P00141,0.0
M00679_P00148,5.8685145150477425
M00679_P00156,0.0
M00679_P00611,0.0
M00679_P00618,6.555536806375222
M00679_P00619,6.1499696091499585
M00679_P00622,6.241582955110025
M00680_P00079,6.390197913875235
M00680_P00082,6.234018743901682
M00680_P00087,5.890751683564236
M00680_P00097,0.0
M00680_P00102,5.842279424912505
M00680_P00478,5.869973008038828
M00680_P00479,6.779936512312548
M00680_P00486,6.260734000958735
M00680_P00491,5.876719036955939
M00681_P00108,6.041113518203794
M00681_P00110,5.84944359831642
M00681_P00114,0.0
M00681_P00124,6.251365296455649
M00681_P00129,5.885522433074165
M00681_P00345,0.0
M00681_P00347,6.333821180034397
M00681_P00351,6.870292092459973
M00681_P00353,0.0
M00681_P00359,6.384387428173915
M00681_P00362,6.026999873417376
M00682_P00345,6.010799338880692
M00682_P00347,6.2529207474166135
M00682_P00351,6.348265012291926
M00682_P00353,5.88369315934005
M00682_P00359,0.0
M00682_P00362,0.0
M00682_P00782,0.0
M00682_P00786,0.0
M00682_P00788,6.5208054475988195
M00682_P00797,6.167522469456376
M00682_P00803,0.0
M00683_P00011,5.888338949958878
M00683_P00024,0.0
M00683_P00368,5.903401455322133
M00683_P00372,6.738232487671528
M00683_P00378,0.0
M00683_P00382,5.871899803411198
M00683_P00383,5.836896832033396
M00684_P00782,0.0
M00684_P00786,5.861635121196991
M00684_P00788,0.0
M00684_P00797,0.0
M00684_P00803,0.0
M00684_P01223,5.841307864712611
M00684_P01234,0.0
M00684_P01236,5.822461469892302
M00684_P01241,0.0
M00684_P01242,5.86212515226543
M00685_P00391,0.0
M00685_P00399,6.48717621911262
M00685_P00410,6.36112062856746
M00685_P00416,6.529258518663068
M00685_P00655,6.085170773556903
M00685_P00662,0.0
M00685_P00666,0.0
M00685_P00668,0.0
M00685_P00669,0.0
M00685_P00673,0.0
M00685_P00674,5.904528595035604
M00686_P00478,5.904980048205896
M00686_P00479,0.0
M00686_P00486,6.406807051282269
M00686_P00491,6.1609353556801265
M00686_P00655,6.264944195187894
M00686_P00662,6.250206574787272
M00686_P00666,6.254473874455998
M00686_P00668,5.861454943477706
M00686_P00669,6.243064154601527
M00686_P00673,6.353269095842182
M00686_P00674,0.0
M00687_P00423,6.897341140607212
M00687_P00424,0.0
M00687_P00425,6.5671387371248375
M00687_P00426,0.0
M00687_P00431,0.0
M00687_P00436,6.835550962240926
M00687_P00440,0.0
M00687_P00515,0.0
M00688_P00157,0.0
M00688_P00159,5.845579923907649
M00688_P00164,6.26328993687221
M00688_P00169,5.895243064957161
M00688_P00171,6.276207245738255
M00688_P00175,0.0
M00688_P00761,6.335215171098095
M00688_P00772,0.0
M00689_P00345,5.860185663993949
M00689_P00347,6.06921058108797
M00689_P00351,6.2437786885555635
M00689_P00353,0.0
M00689_P00359,0.0
M00689_P00362,5.883540745052465
M00689_P00529,5.897954847663816
M00689_P00535,5.978599417561029
M00689_P00536,0.0
M00689_P00542,6.159885815804607
M00689_P00543,6.306659645745209
M00690_P00055,5.980138907437812
M00690_P00057,0.0
M00690_P00059,6.2626257302121315
M00690_P00064,6.062692622652574
M00690_P00066,7.425012873693233
M00690_P00071,0.0
M00690_P00077,0.0
M00690_P00678,0.0
M00690_P00679,6.910114925085793
M00690_P00680,6.081676675412948
M00690_P00681,0.0
M00690_P00683,6.236393494111363
M00690_P00694,6.492199202603623
M00691_P00241,5.984468629181196
M00691_P00244,5.968253134886519
M00691_P00245,6.346672237617378
M00691_P00248,0.0
M00691_P00255,7.3158045805551675
M00691_P00260,6.368732667801218
M00691_P01223,0.0
M00691_P01234,6.872420665950244
M00691_P01236,0.0
M00691_P01241,6.376119722281613
M00691_P01242,0.0
M00692_P00922,0.0
M00692_P00927,5.893329765225929
M00692_P00931,5.877281356918107
M00692_P00935,0.0
M00692_P00991,0.0
M00692_P00993,5.9007590098528295
M00692_P00997,5.807369569241663
M00692_P01000,0.0
M00692_P01010,6.200981549817564
M00693_P00241,5.8693247343397585
M00693_P00244,5.8905003765270925
M00693_P00245,6.355138461206986
M00693_P00248,0.0
M00693_P00255,7.215838478766984
M00693_P00260,0.0
M00693_P00478,6.057347390094669
M00693_P00479,0.0
M00693_P00486,6.2505193412462265
M00693_P00491,0.0
M00694_P00368,0.0
M00694_P00372,0.0
M00694_P00378,5.985844935154425
M00694_P00382,0.0
M00694_P00383,5.801956646644208
M00694_P00655,6.360696451816124
M00694_P00662,0.0
M00694_P00666,6.10295579583303
M00694_P00668,5.857917529056943
M00694_P00669,0.0
M00694_P00673,6.26191600622245
M00694_P00674,5.893569893937274
M00695_P00807,0.0
M00695_P00812,0.0
M00695_P00819,0.0
M00695_P00826,6.798711042608302
M00695_P00827,6.910763226664374
M00695_P00940,5.860941905019033
M00695_P00948,6.5171383033405315
M00695_P00950,6.323947900439635
M00695_P00951,6.238104844958764
M00695_P00959,0.0
M00695_P00962,0.0
M00696_P00423,6.568797326111836
M00696_P00424,0.0
M00696_P00425,6.231057967387002
M00696_P00426,5.881012919134308
M00696_P00431,5.901916738095222
M00696_P00436,6.362386621918382
M00696_P00440,5.862754730010673
M00696_P00835,0.0
M00696_P00840,0.0
M00696_P00844,5.846136339216524
M00696_P00847,0.0
M00696_P00848,0.0
M00696_P00856,6.254576623099785
M00697_P00266,6.101761154481286
M00697_P00271,0.0
M00697_P00278,6.584780119378947
M00697_P00286,6.194422004721933
M00697_P00761,6.329518111915102
M00697_P00772,5.8441923049838875
M00698_P00209,0.0
M00698_P00210,7.250717168124024
M00698_P00211,0.0
M00698_P00219,0.0
M00698_P00221,6.305222094150111
M00698_P00222,0.0
M00698_P00232,0.0
M00698_P00234,7.123719406152466
M00698_P00266,0.0
M00698_P00271,0.0
M00698_P00278,0.0
M00698_P00286,0.0
M00699_P00287,5.8908460879613065
M00699_P00290,5.950549498483029
M00699_P00291,0.0
M00699_P00295,0.0
M00699_P00297,5.87462016288341
M00699_P00298,5.893746382389574
M00699_P00299,5.731183605465351
M00699_P00304,0.0
M00699_P00307,6.755297486779577
M00699_P00309,6.513196637116258
M00699_P00310,5.985472679560894
M00699_P00922,0.0
M00699_P00927,0.0
M00699_P00931,6.042232911059951
M00699_P00935,6.560119760827208
M00700_P00055,5.888550583027171
M00700_P00057,0.0
M00700_P00059,6.243504801576155
M00700_P00064,5.864639642851898
M00700_P00066,7.4392034294800435
M00700_P00071,0.0
M00700_P00077,6.3698817486900055
M00700_P00863,5.841190345316779
M00700_P00880,0.0
M00700_P00882,6.362785698422179
M00701_P00011,5.904743438461441
M00701_P00024,6.047154932936731
M00701_P00705,0.0
M00701_P00707,6.237281476025389
M00701_P00716,0.0
M00701_P00718,7.189590670853891
M00701_P00724,5.854286672525933
M00701_P00728,0.0
M00702_P00108,5.849151535189637
M00702_P00110,5.868053619416424
M00702_P00114,6.779481367791523
M00702_P00124,6.037440174226095
M00702_P00129,5.885078288096292
M00702_P01201,0.0
M00702_P01209,0.0
M00702_P01210,0.0
M00702_P01211,0.0
M00702_P01214,5.975101518067939
M00703_P00345,0.0
M00703_P00347,6.343626533026797
M00703_P00351,6.510376815582749
M00703_P00353,6.018702388217677
M00703_P00359,0.0
M00703_P00362,0.0
M00703_P00863,5.980875793768235
M00703_P00880,6.024059643386204
M00703_P00882,0.0
M00704_P00079,6.79954400622815
M00704_P00082,0.0
M00704_P00087,6.166670533275227
M00704_P00097,6.323782093003368
M00704_P00102,0.0
M00704_P01041,0.0
M00704_P01042,0.0
M00704_P01048,0.0
M00704_P01049,7.200681380304325
M00704_P01051,6.216607744968859
M00704_P01055,5.829513111929846
M00704_P01063,5.879751951149237
M00704_P01064,6.145139972229286
M00705_P00807,0.0
M00705_P00812,7.189812732657885
M00705_P00819,0.0
M00705_P00826,6.321770239999052
M00705_P00827,7.092780769257552
M00705_P01099,0.0
M00705_P01107,5.8210118864300435
M00705_P01108,7.193226466632807
M00705_P01109,6.353828483658116
M00705_P01114,6.230437388472067
M00705_P01118,0.0
M00706_P00888,6.069700043963959
M00706_P00889,6.016927197451218
M00706_P00893,6.0469056084987045
M00706_P00894,6.296810219379319
M00706_P00895,0.0
M00706_P00901,0.0
M00706_P00909,0.0
M00706_P00940,0.0
M00706_P00948,6.2313614252631595
M00706_P00950,6.358583972531043
M00706_P00951,6.071379742267746
M00706_P00959,5.870079927913993
M00706_P00962,0.0
M00707_P00032,0.0
M00707_P00044,6.751208565382555
M00707_P00045,5.9465078371098885
M00707_P00050,5.862681969741695
M00707_P00052,0.0
M00707_P00888,0.0
M00707_P00889,0.0
M00707_P00893,5.901405834289093
M00707_P00894,0.0
M00707_P00895,6.596021036058658
M00707_P00901,0.0
M00707_P00909,6.326607352951466
M00708_P00478,0.0
M00708_P00479,6.764216716472644
M00708_P00486,6.267108801635207
M00708_P00491,6.04583469890333
M00708_P00888,0.0
M00708_P00889,5.80208552367598
M00708_P00893,5.882070439306364
M00708_P00894,6.4103316175210505
M00708_P00895,0.0
M00708_P00901,0.0
M00708_P00909,6.925658292247004
M00709_P00157,5.8346219826668255
M00709_P00159,0.0
M00709_P00164,6.107226670911904
M00709_P00169,0.0
M00709_P00171,6.078766872470075
M00709_P00175,6.166826959918086
M00709_P00287,6.0142620762307715
M00709_P00290,0.0
M00709_P00291,0.0
M00709_P00295,7.38583103227962
M00709_P00297,5.871852932318943
M00709_P00298,6.088016715111291
M00709_P00299,5.970634897610112
M00709_P00304,6.04948195602814
M00709_P00307,6.390365940710338
M00709_P00309,6.497790525142931
M00709_P00310,0.0
M00710_P00313,0.0
M00710_P00324,6.223460956214998
M00710_P00329,6.359724330713856
M00710_P00333,6.501532062444138
M00710_P00334,0.0
M00710_P00391,6.140231143102012
M00710_P00399,6.3854948920460854
M00710_P00410,6.337177202979834
M00710_P00416,6.311847950340174
M00711_P00443,6.156219336217605
M00711_P00448,5.845467852153918
M00711_P00452,5.958495378518398
M00711_P00462,0.0
M00711_P00463,6.180998666284531
M00711_P00465,6.158426875848539
M00711_P00468,0.0
M00711_P00574,0.0
M00711_P00579,0.0
M00711_P00582,6.247924728746983
M00711_P00584,0.0
M00711_P00586,0.0
M00711_P00590,0.0
M00712_P00136,0.0
M00712_P00141,7.068735455600653
M00712_P00148,0.0
M00712_P00156,6.350473805770736
M00712_P00625,0.0
M00712_P00630,6.094055733938105
M00712_P00632,0.0
M00712_P00635,6.835204501242671
M00712_P00644,0.0
M00712_P00645,7.236308470871823
M00712_P00650,6.266958845503572
M00713_P00391,5.9481468043220564
M00713_P00399,0.0
M00713_P00410,6.1015400753514974
M00713_P00416,6.187095855910314
M00713_P00940,6.031953298122468
M00713_P00948,6.359109388949846
M00713_P00950,6.176670219063893
M00713_P00951,6.322147479739926
M00713_P00959,0.0
M00713_P00962,0.0
M00714_P00515,6.18251645126446
M00714_P01146,6.908702159998973
M00714_P01157,0.0
M00714_P01166,0.0
M00714_P01169,0.0
M00715_P00136,0.0
M00715_P00141,0.0
M00715_P00148,5.849711645722743
M00715_P00156,6.873197679226645
M00715_P00678,6.074442724403978
M00715_P00679,0.0
M00715_P00680,6.092843453919198
M00715_P00681,0.0
M00715_P00683,0.0
M00715_P00694,6.362884549795919
M00716_P00782,6.307924644653807
M00716_P00786,0.0
M00716_P00788,0.0
M00716_P00797,6.32435847728046
M00716_P00803,0.0
M00716_P00922,0.0
M00716_P00927,6.151533472038783
M00716_P00931,0.0
M00716_P00935,6.364561526581977
M00717_P00266,6.304719608496785
M00717_P00271,0.0
M00717_P00278,7.069965963319204
M00717_P00286,6.392260568903269
M00717_P01146,0.0
M00717_P01157,5.878019160114208
M00717_P01166,6.590103864552329
M00717_P01169,5.906058354688251
M00718_P00705,5.786078454766967
M00718_P00707,6.294985588453064
M00718_P00716,0.0
M00718_P00718,6.592251581771405
M00718_P00724,5.980617098307768
M00718_P00728,0.0
M00718_P01099,0.0
M00718_P01107,5.8926696940403875
M00718_P01108,0.0
M00718_P01109,6.368576170277631
M00718_P01114,6.307755548471449
M00718_P01118,6.257950754765232
M00719_P00157,5.844828196021794
M00719_P00159,0.0
M00719_P00164,0.0
M00719_P00169,0.0
M00719_P00171,6.258414511131981
M00719_P00175,0.0
M00719_P00940,5.882949549643972
M00719_P00948,6.196177381835058
M00719_P00950,6.239805296800636
M00719_P00951,0.0
M00719_P00959,0.0
M00719_P00962,6.7768693713526815
M00720_P00345,5.895130159853406
M00720_P00347,0.0
M00720_P00351,6.230919947091143
M00720_P00353,5.972744761856523
M00720_P00359,0.0
M00720_P00362,5.88920593709516
M00720_P00368,0.0
M00720_P00372,0.0
M00720_P00378,0.0
M00720_P00382,5.845809345647789
M00720_P00383,5.859184395976441
M00721_P00055,0.0
M00721_P00057,5.948936247263288
M00721_P00059,6.269084931194405
M00721_P00064,5.881670739461052
M00721_P00066,0.0
M00721_P00071,6.309808255034922
M00721_P00077,6.591239339949938
M00721_P00443,6.328591649651168
M00721_P00448,5.973176695240057
M00721_P00452,0.0
M00721_P00462,6.763570734263994
M00721_P00463,6.2219302609169365
M00721_P00465,0.0
M00721_P00468,6.274899146793646
M00722_P00888,0.0
M00722_P00889,6.034009909036884
M00722_P00893,0.0
M00722_P00894,6.261436213230265
M00722_P00895,6.310734418461349
M00722_P00901,7.399963431343132
M00722_P00909,0.0
M00722_P00965,6.415670026484274
M00722_P00966,5.898453797338607
M00722_P00975,6.775706788611372
M00722_P00978,6.749230071788928
M00722_P00980,6.070268489105282
M00722_P00986,7.108560541051044
M00723_P00287,5.863420451639902
M00723_P00290,5.890327612509619
M00723_P00291,0.0
M00723_P00295,0.0
M00723_P00297,0.0
M00723_P00298,0.0
M00723_P00299,0.0
M00723_P00304,5.867997327346036
M00723_P00307,0.0
M00723_P00309,6.034376332337084
M00723_P00310,0.0
M00723_P00549,5.888933224726239
M00723_P00552,5.801521390479562
M00723_P00554,6.157684456475518
M00723_P00561,6.8177319731591774
M00723_P00562,5.869037021299984
M00723_P00568,0.0
M00724_P00241,6.357481809835152
M00724_P00244,0.0
M00724_P00245,0.0
M00724_P00248,6.330766015217323
M00724_P00255,0.0
M00724_P00260,0.0
M00724_P00965,0.0
M00724_P00966,0.0
M00724_P00975,7.0620744292856825
M00724_P00978,0.0
M00724_P00980,6.238691918937652
M00724_P00986,6.591256947212496
M00725_P00108,0.0
M00725_P00110,0.0
M00725_P00114,6.919470420635296
M00725_P00124,6.235040164373518
M00725_P00129,5.870424566697173
M00725_P00529,6.088112214286905
M00725_P00535,6.060192387531023
M00725_P00536,5.988445294459668
M00725_P00542,6.0776542681567225
M00725_P00543,0.0
M00726_P00625,0.0
M00726_P00630,0.0
M00726_P00632,6.23264782887417
M00726_P00635,6.104567262986028
M00726_P00644,6.330206666755566
M00726_P00645,6.896449964631965
M00726_P00650,0.0
M00726_P00940,0.0
M00726_P00948,6.361385609635833
M00726_P00950,6.24121162517462
M00726_P00951,0.0
M00726_P00959,0.0
M00726_P00962,7.120799326804599
M00727_P00209,0.0
M00727_P00210,0.0
M00727_P00211,5.876062535650982
M00727_P00219,0.0
M00727_P00221,6.795975285928351
M00727_P00222,0.0
M00727_P00232,5.871590966151074
M00727_P00234,7.05843130080447
M00727_P00625,0.0
M00727_P00630,0.0
M00727_P00632,6.400307261105538
M00727_P00635,0.0
M00727_P00644,6.369176421873821
M00727_P00645,6.823926123937096
M00727_P00650,0.0
M00728_P00574,0.0
M00728_P00579,0.0
M00728_P00582,6.255437460936161
M00728_P00584,6.21960262144782
M00728_P00586,5.90432555740694
M00728_P00590,0.0
M00728_P00835,0.0
M00728_P00840,6.032037955490211
M00728_P00844,0.0
M00728_P00847,0.0
M00728_P00848,0.0
M00728_P00856,6.419518502702549
M00729_P00368,5.951541675433456
M00729_P00372,6.571046299147948
M00729_P00378,5.869728992861917
M00729_P00382,0.0
M00729_P00383,5.84951370518439
M00729_P00705,0.0
M00729_P00707,6.495386702147567
M00729_P00716,6.233972114774012
M00729_P00718,6.861047115031238
M00729_P00724,6.068418158896514
M00729_P00728,0.0
M00730_P00991,0.0
M00730_P00993,5.894953194965442
M00730_P00997,5.898821898570131
M00730_P01000,0.0
M00730_P01010,6.556541070014576
M00730_P01041,0.0
M00730_P01042,5.899696029186751
M00730_P01048,5.959769479002062
M00730_P01049,0.0
M00730_P01051,6.252550341068096
M00730_P01055,0.0
M00730_P01063,5.839298709686388
M00730_P01064,0.0
M00731_P00032,0.0
M00731_P00044,0.0
M00731_P00045,6.225173762234998
M00731_P00050,5.855659821041902
M00731_P00052,0.0
M00731_P00529,5.968069736413211
M00731_P00535,0.0
M00731_P00536,0.0
M00731_P00542,0.0
M00731_P00543,6.516717966449433
M00732_P00732,5.867733981153221
M00732_P00738,5.8495220542091015
M00732_P00742,6.255850606652736
M00732_P00744,0.0
M00732_P00747,7.429100736972183
M00732_P00753,0.0
M00732_P00835,0.0
M00732_P00840,0.0
M00732_P00844,0.0
M00732_P00847,5.979266070321884
M00732_P00848,6.027302989678917
M00732_P00856,6.4219340531118165
M00733_P00625,0.0
M00733_P00630,5.953162468000654
M00733_P00632,0.0
M00733_P00635,0.0
M00733_P00644,0.0
M00733_P00645,6.86308094124067
M00733_P00650,6.15348528924631
M00733_P00922,0.0
M00733_P00927,0.0
M00733_P00931,0.0
M00733_P00935,6.797986625633532
M00734_P00965,0.0
M00734_P00966,0.0
M00734_P00975,6.572296287369606
M00734_P00978,6.810630050149892
M00734_P00980,0.0
M00734_P00986,6.86622407298673
M00734_P01120,6.011891070127085
M00735_P00136,7.089855692559562
M00735_P00141,7.034858148594259
M00735_P00148,5.854469159747055
M00735_P00156,0.0
M00735_P01041,0.0
M00735_P01042,0.0
M00735_P01048,0.0
M00735_P01049,0.0
M00735_P01051,6.574398777080577
M00735_P01055,0.0
M00735_P01063,5.879365232019374
M00735_P01064,0.0
M00736_P00108,0.0
M00736_P00110,6.038114728428824
M00736_P00114,7.093337159141697
M00736_P00124,6.351692492458739
M00736_P00129,0.0
M00736_P01177,6.596762922701511
M00736_P01182,5.892580603007545
M00736_P01184,0.0
M00736_P01193,6.274407581490866
M00736_P01196,6.23278235470659
M00737_P00241,0.0
M00737_P00244,6.013803709670894
M00737_P00245,6.363155032064663
M00737_P00248,6.1913201664238215
M00737_P00255,7.060283812927943
M00737_P00260,0.0
M00737_P00655,5.983719174788622
M00737_P00662,0.0
M00737_P00666,6.321394864144648
M00737_P00668,5.858918066535273
M00737_P00669,0.0
M00737_P00673,6.080976936414869
M00737_P00674,6.032725534684313
M00738_P00625,0.0
M00738_P00630,5.873287595261853
M00738_P00632,6.505051142952798
M00738_P00635,6.3570080045252775
M00738_P00644,6.328826966013015
M00738_P00645,7.330785031638513
M00738_P00650,0.0
M00738_P01223,0.0
M00738_P01234,6.788438139775331
M00738_P01236,5.757432943052883
M00738_P01241,0.0
M00738_P01242,5.8152467256438
M00739_P00136,7.109337566585656
M00739_P00141,7.089074162720456
M00739_P00148,5.880588624198954
M00739_P00156,0.0
M00739_P00157,0.0
M00739_P00159,0.0
M00739_P00164,0.0
M00739_P00169,5.806291354966584
M00739_P00171,6.326296391126369
M00739_P00175,0.0
M00740_P00611,0.0
M00740_P00618,0.0
M00740_P00619,5.860266795194237
M00740_P00622,0.0
M00740_P00732,5.9050605398872165
M00740_P00738,5.896738876160368
M00740_P00742,6.233460748919126
M00740_P00744,0.0
M00740_P00747,0.0
M00740_P00753,0.0
M00741_P00157,0.0
M00741_P00159,0.0
M00741_P00164,6.300567014109091
M00741_P00169,0.0
M00741_P00171,6.265398646655178
M00741_P00175,6.333087192421095
M00741_P00241,5.992158342740122
M00741_P00244,6.062698868842107
M00741_P00245,6.509308040725658
M00741_P00248,0.0
M00741_P00255,7.42326113513234
M00741_P00260,0.0
M00742_P00705,6.040876845204034
M00742_P00707,6.761491926503557
M00742_P00716,6.503692870945654
M00742_P00718,0.0
M00742_P00724,0.0
M00742_P00728,0.0
M00742_P00761,6.1497546549208515
M00742_P00772,5.847158120095196
M00743_P00032,0.0
M00743_P00044,0.0
M00743_P00045,5.883379255007815
M00743_P00050,5.900264921060648
M00743_P00052,6.204466168792462
M00743_P00157,0.0
M00743_P00159,0.0
M00743_P00164,0.0
M00743_P00169,0.0
M00743_P00171,0.0
M00743_P00175,0.0
M00744_P00136,0.0
M00744_P00141,0.0
M00744_P00148,0.0
M00744_P00156,0.0
M00744_P00922,0.0
M00744_P00927,5.865462264517728
M00744_P00931,6.0261795364820845
M00744_P00935,6.321113730803755
M00745_P00011,5.8589712468910236
M00745_P00024,0.0
M00745_P00625,6.262490888133624
M00745_P00630,6.0234976236390345
M00745_P00632,6.237608689124649
M00745_P00635,0.0
M00745_P00644,0.0
M00745_P00645,7.217259732810756
M00745_P00650,6.386646396045247
M00746_P00136,0.0
M00746_P00141,7.219936547683944
M00746_P00148,6.037252377884273
M00746_P00156,6.209875151975276
M00746_P00625,0.0
M00746_P00630,5.861873067275633
M00746_P00632,6.3296595140943115
M00746_P00635,6.09134745109054
M00746_P00644,0.0
M00746_P00645,6.807751133547783
M00746_P00650,6.144494808648415
M00747_P00863,5.905096591859171
M00747_P00880,6.274801526808307
M00747_P00882,0.0
M00747_P00940,6.152202590481502
M00747_P00948,6.362540886318271
M00747_P00950,0.0
M00747_P00951,0.0
M00747_P00959,0.0
M00747_P00962,7.029720559441876
M00748_P00209,0.0
M00748_P00210,6.929003937057003
M00748_P00211,0.0
M00748_P00219,5.967902962120216
M00748_P00221,0.0
M00748_P00222,0.0
M00748_P00232,6.509589484268294
M00748_P00234,7.530107023969744
M00748_P00266,6.3698865504740585
M00748_P00271,6.350859409614757
M00748_P00278,7.0583026016612465
M00748_P00286,6.378980488579267
M00749_P00443,0.0
M00749_P00448,0.0
M00749_P00452,0.0
M00749_P00462,0.0
M00749_P00463,0.0
M00749_P00465,0.0
M00749_P00468,6.720925359721859
M00749_P00835,0.0
M00749_P00840,5.844278668647403
M00749_P00844,0.0
M00749_P00847,6.147248204372788
M00749_P00848,0.0
M00749_P00856,6.22369702398715
M00750_P00266,6.1448748825552
M00750_P00271,6.089533692930431
M00750_P00278,6.754459619589166
M00750_P00286,0.0
M00750_P00732,0.0
M00750_P00738,6.08876621593669
M00750_P00742,6.243726176364431
M00750_P00744,5.985438834961883
M00750_P00747,7.567004706562234
M00750_P00753,0.0
M00751_P00515,6.020362689270942
M00751_P00807,0.0
M00751_P00812,7.424965438584184
M00751_P00819,6.359780694790174
M00751_P00826,6.777760085232499
M00751_P00827,6.934210657968263
M00752_P00423,0.0
M00752_P00424,5.89806905270781
M00752_P00425,6.050199012234672
M00752_P00426,0.0
M00752_P00431,5.858395767456932
M00752_P00436,0.0
M00752_P00440,0.0
M00752_P00611,0.0
M00752_P00618,6.508346852563788
M00752_P00619,6.095785277541772
M00752_P00622,6.0148252279504195
M00753_P00991,0.0
M00753_P00993,5.979139935731431
M00753_P00997,0.0
M00753_P01000,6.333608415820669
M00753_P01010,6.580098862602772
M00753_P01041,0.0
M00753_P01042,5.860025674232728
M00753_P01048,0.0
M00753_P01049,7.0565052899545
M00753_P01051,6.317214065152938
M00753_P01055,6.27560803610968
M00753_P01063,0.0
M00753_P01064,5.797198407074348
M00754_P00157,5.902412277605978
M00754_P00159,0.0
M00754_P00164,0.0
M00754_P00169,0.0
M00754_P00171,6.393234598339556
M00754_P00175,6.7000243200292795
M00754_P00241,5.87733977102357
M00754_P00244,0.0
M00754_P00245,6.4886905368829915
M00754_P00248,6.239315757661511
M00754_P00255,6.908002280247207
M00754_P00260,6.812807901723504
M00755_P00549,0.0
M00755_P00552,5.834891294276257
M00755_P00554,6.206926818856918
M00755_P00561,0.0
M00755_P00562,5.953320766050342
M00755_P00568,5.871942725274721
M00755_P00655,6.591314159044245
M00755_P00662,6.363570650136915
M00755_P00666,6.709814906577756
M00755_P00668,6.018427699450607
M00755_P00669,6.376849222301449
M00755_P00673,6.875855519299282
M00755_P00674,0.0
M00756_P00549,0.0
M00756_P00552,0.0
M00756_P00554,0.0
M00756_P00561,7.434699786567022
M00756_P00562,5.867406333494741
M00756_P00568,0.0
M00756_P00761,6.327882227281272
M00756_P00772,6.0507285724603
M00757_P00991,0.0
M00757_P00993,0.0
M00757_P00997,0.0
M00757_P01000,0.0
M00757_P01010,6.23013552802947
M00757_P01070,0.0
M00757_P01074,0.0
M00757_P01082,0.0
M00758_P00529,6.0368102283721425
M00758_P00535,0.0
M00758_P00536,6.022487513186048
M00758_P00542,0.0
M00758_P00543,0.0
M00758_P01020,0.0
M00758_P01034,5.878532882961918
M00758_P01037,0.0
M00758_P01038,6.083381393937162
M00759_P00529,5.9852998580008006
M00759_P00535,5.993311416940985
M00759_P00536,6.029551823003336
M00759_P00542,0.0
M00759_P00543,0.0
M00759_P00782,0.0
M00759_P00786,0.0
M00759_P00788,6.425525173678082
M00759_P00797,0.0
M00759_P00803,0.0
M00760_P00478,0.0
M00760_P00479,6.854057867516433
M00760_P00486,6.347965858117369
M00760_P00491,6.041619400464664
M00760_P00529,0.0
M00760_P00535,5.832537154877217
M00760_P00536,5.839127243480361
M00760_P00542,5.8750512111972855
M00760_P00543,6.346414766752609
M00761_P00391,0.0
M00761_P00399,6.267161472962797
M00761_P00410,0.0
M00761_P00416,0.0
M00761_P00940,6.148450888746738
M00761_P00948,0.0
M00761_P00950,6.305376250554263
M00761_P00951,0.0
M00761_P00959,6.085030068925212
M00761_P00962,0.0
M00762_P00443,0.0
M00762_P00448,0.0
M00762_P00452,6.103205964901031
M00762_P00462,6.290023933427272
M00762_P00463,6.766719818751722
M00762_P00465,6.242348440912595
M00762_P00468,6.399055866942145
M00762_P00678,0.0
M00762_P00679,6.593475356417305
M00762_P00680,5.990531013243966
M00762_P00681,5.906863695898796
M00762_P00683,0.0
M00762_P00694,0.0
M00763_P00313,0.0
M00763_P00324,6.266346743541315
M00763_P00329,5.850084788033965
M00763_P00333,0.0
M00763_P00334,0.0
M00763_P00940,0.0
M00763_P00948,0.0
M00763_P00950,6.013126655977108
M00763_P00951,0.0
M00763_P00959,5.868226049799622
M00763_P00962,6.5583593741977255
M00764_P00922,0.0
M00764_P00927,5.815363956679248
M00764_P00931,6.048308622987153
M00764_P00935,6.186510986192377
M00764_P01120,5.887668370421746
M00765_P00345,6.181601162444738
M00765_P00347,0.0
M00765_P00351,0.0
M00765_P00353,5.824294534827613
M00765_P00359,6.248073606185541
M00765_P00362,0.0
M00765_P01177,6.319825106278483
M00765_P01182,5.8680412765517165
M00765_P01184,0.0
M00765_P01193,6.558371007734648
M00765_P01196,6.176939648593282
M00766_P00108,0.0
M00766_P00110,0.0
M00766_P00114,6.919818742248415
M00766_P00124,6.7824349063098905
M00766_P00129,5.876563343912227
M00766_P01146,7.0924152690975095
M00766_P01157,6.048631985282632
M00766_P01166,6.7015691119516365
M00766_P01169,6.315084846798886
M00767_P00807,0.0
M00767_P00812,7.088628733272354
M00767_P00819,0.0
M00767_P00826,6.189113103307122
M00767_P00827,7.088393432818041
M00767_P01120,0.0
M00768_P00391,0.0
M00768_P00399,6.229680085030957
M00768_P00410,6.30557953389521
M00768_P00416,0.0
M00768_P00443,0.0
M00768_P00448,5.859009401444164
M00768_P00452,0.0
M00768_P00462,6.386289889883518
M00768_P00463,6.183992459675125
M00768_P00465,6.262194267142886
M00768_P00468,6.243593212326446
M00769_P00705,0.0
M00769_P00707,6.357790622228667
M00769_P00716,6.407961065810534
M00769_P00718,0.0
M00769_P00724,6.138260397711712
M00769_P00728,6.491032896392332
M00769_P01177,0.0
M00769_P01182,5.9080698471494655
M00769_P01184,5.954089038444258
M00769_P01193,5.890027389558189
M00769_P01196,6.091392368565963
M00770_P00108,0.0
M00770_P00110,6.01828305189133
M00770_P00114,0.0
M00770_P00124,0.0
M00770_P00129,6.039109759760254
M00770_P00761,0.0
M00770_P00772,5.847302804010983
M00771_P00655,0.0
M00771_P00662,0.0
M00771_P00666,6.3668062092805835
M00771_P00668,6.361355615677014
M00771_P00669,6.392883073394747
M00771_P00673,6.5709233934621825
M00771_P00674,6.251387375433621
M00771_P00965,0.0
M00771_P00966,5.877286403442881
M00771_P00975,6.576618039466712
M00771_P00978,6.820976796397688
M00771_P00980,0.0
M00771_P00986,0.0
M00772_P00055,0.0
M00772_P00057,5.887991218657624
M00772_P00059,6.246656910908771
M00772_P00064,0.0
M00772_P00066,0.0
M00772_P00071,6.7000473533894676
M00772_P00077,0.0
M00772_P00888,0.0
M00772_P00889,0.0
M00772_P00893,5.872843569652295
M00772_P00894,6.31005825377382
M00772_P00895,6.195974177910145
M00772_P00901,7.040604757891827
M00772_P00909,6.215388656914829
M00773_P00888,6.0169239755782735
M00773_P00889,5.873637586484171
M00773_P00893,5.840765113081079
M00773_P00894,6.3209255654570935
M00773_P00895,6.1830311145152566
M00773_P00901,0.0
M00773_P00909,6.321229086478525
M00773_P01146,0.0
M00773_P01157,6.147593204605466
M00773_P01166,0.0
M00773_P01169,0.0
M00774_P00157,0.0
M00774_P00159,5.868920374808338
M00774_P00164,0.0
M00774_P00169,6.1397004882708766
M00774_P00171,0.0
M00774_P00175,6.209839116296882
M00774_P00423,6.724357302258838
M00774_P00424,5.865428694222991
M00774_P00425,0.0
M00774_P00426,0.0
M00774_P00431,5.88051947456462
M00774_P00436,6.249252456863876
M00774_P00440,5.904727275923572
M00775_P00266,0.0
M00775_P00271,6.391919217143025
M00775_P00278,7.100856488584253
M00775_P00286,0.0
M00775_P01099,6.295730376058306
M00775_P01107,0.0
M00775_P01108,6.747827523057823
M00775_P01109,5.878892687462946
M00775_P01114,6.396881110508577
M00775_P01118,6.322338824447448
M00776_P00940,5.868713930079327
M00776_P00948,6.1780071998157
M00776_P00950,6.263044744326861
M00776_P00951,6.230682994699873
M00776_P00959,0.0
M00776_P00962,7.062611590544346
M00776_P01099,0.0
M00776_P01107,5.7981656468570355
M00776_P01108,0.0
M00776_P01109,0.0
M00776_P01114,0.0
M00776_P01118,6.702999807394988
M00777_P00549,6.051371399629243
M00777_P00552,5.984733686300406
M00777_P00554,0.0
M00777_P00561,0.0
M00777_P00562,6.077999147310792
M00777_P00568,6.021629094959553
M00777_P00732,5.855516096137089
M00777_P00738,0.0
M00777_P00742,0.0
M00777_P00744,5.764002841567034
M00777_P00747,7.06229711257089
M00777_P00753,6.305380423233064
M00778_P00157,0.0
M00778_P00159,5.858814462312584
M00778_P00164,6.369354167483795
M00778_P00169,0.0
M00778_P00171,0.0
M00778_P00175,6.251611051896138
M00778_P00443,6.403771960738203
M00778_P00448,6.021950408622952
M00778_P00452,0.0
M00778_P00462,0.0
M00778_P00463,6.769991753833424
M00778_P00465,0.0
M00778_P00468,6.323652886948344
M00779_P00611,5.949076511573902
M00779_P00618,0.0
M00779_P00619,5.955819860736957
M00779_P00622,6.234347817685493
M00779_P00732,6.022338748021735
M00779_P00738,6.046598007153964
M00779_P00742,0.0
M00779_P00744,0.0
M00779_P00747,7.572512383491712
M00779_P00753,6.1529806581436866
M00780_P00965,6.146973722884298
M00780_P00966,0.0
M00780_P00975,6.804627811070594
M00780_P00978,0.0
M00780_P00980,0.0
M00780_P00986,7.053137281436043
M00780_P01120,0.0
M00781_P00032,6.8234969675413835
M00781_P00044,0.0
M00781_P00045,5.864101269256318
M00781_P00050,5.878003180823576
M00781_P00052,6.3323537468989715
M00781_P00574,0.0
M00781_P00579,0.0
M00781_P00582,6.351808095194441
M00781_P00584,6.232371963848323
M00781_P00586,0.0
M00781_P00590,6.928571243817184
M00782_P00478,0.0
M00782_P00479,6.824917504381521
M00782_P00486,0.0
M00782_P00491,0.0
M00782_P00705,0.0
M00782_P00707,0.0
M00782_P00716,6.378522188065678
M00782_P00718,6.862429540255173
M00782_P00724,0.0
M00782_P00728,0.0
M00783_P00241,0.0
M00783_P00244,5.888060783211044
M00783_P00245,6.199839503424688
M00783_P00248,0.0
M00783_P00255,7.425874652297341
M00783_P00260,6.788539867928734
M00783_P01201,6.084887084722208
M00783_P01209,6.042788497641692
M00783_P01210,0.0
M00783_P01211,7.033639313904618
M00783_P01214,6.029317456837109
M00784_P00549,0.0
M00784_P00552,5.882171036905431
M00784_P00554,0.0
M00784_P00561,7.418329720429692
M00784_P00562,5.9651507796935945
M00784_P00568,5.883668157094931
M00784_P00782,6.405194374929575
M00784_P00786,6.06099304080518
M00784_P00788,0.0
M00784_P00797,6.244050267784326
M00784_P00803,0.0
M00785_P00782,6.181975801699972
M00785_P00786,5.990588448448871
M00785_P00788,6.568751837680455
M00785_P00797,6.327990462519183
M00785_P00803,0.0
M00785_P00863,6.050539066365759
M00785_P00880,6.354736926142496
M00785_P00882,0.0
M00786_P00157,0.0
M00786_P00159,6.0334399868410165
M00786_P00164,0.0
M00786_P00169,6.044317162339905
M00786_P00171,6.79185188464847
M00786_P00175,0.0
M00786_P00761,6.3871271591714525
M00786_P00772,5.867196807198123
M00787_P00108,0.0
M00787_P00110,6.031623961051806
M00787_P00114,0.0
M00787_P00124,0.0
M00787_P00129,0.0
M00787_P00529,5.870540053268936
M00787_P00535,5.947047731242279
M00787_P00536,0.0
M00787_P00542,0.0
M00787_P00543,6.247791867267565
M00788_P00185,5.829162194493188
M00788_P00193,0.0
M00788_P00197,0.0
M00788_P00199,5.87457636373671
M00788_P00200,5.950936816342465
M00788_P01177,0.0
M00788_P01182,0.0
M00788_P01184,0.0
M00788_P01193,6.209310496358692
M00788_P01196,6.319619585119834
M00789_P00157,0.0
M00789_P00159,5.849291395560002
M00789_P00164,0.0
M00789_P00169,0.0
M00789_P00171,6.3522403146378945
M00789_P00175,0.0
M00789_P01070,5.979751413846942
M00789_P01074,6.4887438288839885
M00789_P01082,0.0
M00790_P00391,0.0
M00790_P00399,6.352082919948838
M00790_P00410,0.0
M00790_P00416,0.0
M00790_P01223,0.0
M00790_P01234,6.766625155406137
M00790_P01236,0.0
M00790_P01241,0.0
M00790_P01242,5.852983347294753
M00791_P00266,0.0
M00791_P00271,0.0
M00791_P00278,6.798464535031165
M00791_P00286,0.0
M00791_P00922,6.232687594592298
M00791_P00927,5.855100498491894
M00791_P00931,5.863269594067733
M00791_P00935,6.253305351809496
M00792_P00368,5.816675519186014
M00792_P00372,6.780422122032251
M00792_P00378,0.0
M00792_P00382,0.0
M00792_P00383,0.0
M00792_P00761,6.304218102477215
M00792_P00772,5.870526401015389
M00793_P00287,0.0
M00793_P00290,0.0
M00793_P00291,5.840716691173644
M00793_P00295,6.802022968412011
M00793_P00297,0.0
M00793_P00298,5.8620788933594214
M00793_P00299,0.0
M00793_P00304,5.953704109009943
M00793_P00307,6.265293638114523
M00793_P00309,0.0
M00793_P00310,6.263400210958111
M00793_P01070,6.050362401639462
M00793_P01074,6.334933827938619
M00793_P01082,0.0
M00794_P00032,6.7904166869891585
M00794_P00044,6.901422253531255
M00794_P00045,0.0
M00794_P00050,0.0
M00794_P00052,6.263218133779843
M00794_P00655,0.0
M00794_P00662,0.0
M00794_P00666,0.0
M00794_P00668,5.870196115280656
M00794_P00669,0.0
M00794_P00673,0.0
M00794_P00674,5.86822202486911
M00795_P00732,6.15522944116055
M00795_P00738,6.0582565879758405
M00795_P00742,6.357703234998896
M00795_P00744,5.89846283436062
M00795_P00747,0.0
M00795_P00753,6.10095169844256
M00795_P00991,0.0
M00795_P00993,5.866870332554956
M00795_P00997,0.0
M00795_P01000,6.210467362811964
M00795_P01010,6.258536500238882
M00796_P00011,6.019458476490064
M00796_P00024,6.014514089841936
M00796_P01201,5.987856308361774
M00796_P01209,5.895758952557137
M00796_P01210,0.0
M00796_P01211,0.0
M00796_P01214,5.900147138409621
M00797_P00443,0.0
M00797_P00448,0.0
M00797_P00452,5.986481770141815
M00797_P00462,6.394972901555369
M00797_P00463,6.788244370355931
M00797_P00465,6.7129312526315
M00797_P00468,6.328803732734139
M00797_P01201,5.962058113442267
M00797_P01209,6.040924403415454
M00797_P01210,5.865182774144162
M00797_P01211,7.114488063689545
M00797_P01214,6.080737820959467
M00798_P00157,0.0
M00798_P00159,5.96366206184396
M00798_P00164,6.266246366826023
M00798_P00169,0.0
M00798_P00171,6.935436079451566
M00798_P00175,0.0
M00798_P00940,5.89797150655199
M00798_P00948,0.0
M00798_P00950,0.0
M00798_P00951,6.34695851499262
M00798_P00959,5.887064409336532
M00798_P00962,0.0
M00799_P00529,0.0
M00799_P00535,5.953628438759164
M00799_P00536,6.195894858976481
M00799_P00542,6.097178198767398
M00799_P00543,6.342209095043983
M00799_P00611,6.061714324921237
M00799_P00618,0.0
M00799_P00619,0.0
M00799_P00622,6.264155973896555
M00800_P00185,0.0
M00800_P00193,6.191171268961874
M00800_P00197,0.0
M00800_P00199,5.972176026177502
M00800_P00200,6.045793590415893
M00800_P00443,0.0
M00800_P00448,5.9050778258869006
M00800_P00452,0.0
M00800_P00462,6.169403523013643
M00800_P00463,6.862290765671669
M00800_P00465,0.0
M00800_P00468,6.077733802310107
M00801_P00863,5.966236538067198
M00801_P00880,6.25372216160205
M00801_P00882,0.0
M00801_P01070,0.0
M00801_P01074,6.349257329307312
M00801_P01082,5.956444675134023
M00802_P00655,6.245065403303018
M00802_P00662,5.891335293311835
M00802_P00666,0.0
M00802_P00668,0.0
M00802_P00669,6.230178851478884
M00802_P00673,6.355023298265929
M00802_P00674,5.890006538217123
M00802_P01020,6.5729902124086035
M00802_P01034,5.8264040690752585
M00802_P01037,5.8642624378485415
M00802_P01038,5.890537681517387
M00803_P00574,0.0
M00803_P00579,0.0
M00803_P00582,6.297112158576054
M00803_P00584,0.0
M00803_P00586,0.0
M00803_P00590,6.837222469828269
M00803_P00611,6.080542292651786
M00803_P00618,0.0
M00803_P00619,6.0212786848580775
M00803_P00622,6.260381810739531
M00804_P01120,6.169433968897005
M00804_P01201,0.0
M00804_P01209,5.7851068748150105
M00804_P01210,5.847320282975267
M00804_P01211,6.777019036917822
M00804_P01214,5.899276698367225
M00805_P00209,0.0
M00805_P00210,7.127297110465959
M00805_P00211,0.0
M00805_P00219,5.845118383689375
M00805_P00221,0.0
M00805_P00222,0.0
M00805_P00232,0.0
M00805_P00234,0.0
M00805_P01120,5.868366934131607
M00806_P00391,0.0
M00806_P00399,6.242647507240531
M00806_P00410,0.0
M00806_P00416,6.565512442223023
M00806_P00529,0.0
M00806_P00535,5.875817578030279
M00806_P00536,5.899197672950427
M00806_P00542,0.0
M00806_P00543,6.368250142769441
M00807_P00611,0.0
M00807_P00618,0.0
M00807_P00619,0.0
M00807_P00622,6.211941165782799
M00807_P01177,6.40405601245848
M00807_P01182,5.869059048713689
M00807_P01184,5.900233406736858
M00807_P01193,0.0
M00807_P01196,6.4870621911294615
M00808_P00678,0.0
M00808_P00679,6.777401632234917
M00808_P00680,0.0
M00808_P00681,5.9061869773554525
M00808_P00683,6.221883719199831
M00808_P00694,6.270765614326745
M00808_P01020,0.0
M00808_P01034,5.81496996626893
M00808_P01037,0.0
M00808_P01038,0.0
M00809_P00287,0.0
M00809_P00290,5.866651510668059
M00809_P00291,5.888033533082841
M00809_P00295,0.0
M00809_P00297,0.0
M00809_P00298,6.0860896860431675
M00809_P00299,5.891290216445195
M00809_P00304,5.888575973304597
M00809_P00307,6.763297440935354
M00809_P00309,0.0
M00809_P00310,6.335259621174779
M00809_P00705,0.0
M00809_P00707,6.245294235078499
M00809_P00716,0.0
M00809_P00718,7.09133168450561
M00809_P00724,6.169305907363933
M00809_P00728,0.0
M00810_P00266,0.0
M00810_P00271,0.0
M00810_P00278,7.036963751252817
M00810_P00286,6.230085823404594
M00810_P00922,6.215052450979669
M00810_P00927,5.964585376608789
M00810_P00931,5.8786294525724045
M00810_P00935,0.0
M00811_P00209,0.0
M00811_P00210,0.0
M00811_P00211,6.020587635655347
M00811_P00219,0.0
M00811_P00221,6.3475441478352845
M00811_P00222,6.320055716874757
M00811_P00232,5.955706746623305
M00811_P00234,7.192794740045354
M00811_P00313,0.0
M00811_P00324,6.237565519308089
M00811_P00329,5.962231557654976
M00811_P00333,6.264864513082743
M00811_P00334,6.321129268440742
M00812_P00079,6.552741543267484
M00812_P00082,6.176431817575315
M00812_P00087,5.784356669662119
M00812_P00097,6.323508743611689
M00812_P00102,6.096575720764419
M00812_P01020,0.0
M00812_P01034,0.0
M00812_P01037,5.868388997002219
M00812_P01038,5.834638819255772
M00813_P00209,0.0
M00813_P00210,6.802353368467952
M00813_P00211,0.0
M00813_P00219,0.0
M00813_P00221,6.330790497656134
M00813_P00222,6.215526363941022
M00813_P00232,5.7863669954680885
M00813_P00234,0.0
M00813_P00807,0.0
M00813_P00812,0.0
M00813_P00819,6.06253182124422
M00813_P00826,6.342419913992983
M00813_P00827,0.0
M00814_P00835,0.0
M00814_P00840,0.0
M00814_P00844,0.0
M00814_P00847,5.875566183788911
M00814_P00848,5.8629897092388985
M00814_P00856,0.0
M00814_P00922,0.0
M00814_P00927,5.95905620711686
M00814_P00931,0.0
M00814_P00935,6.399221014243296
M00815_P00678,0.0
M00815_P00679,6.596024493204239
M00815_P00680,0.0
M00815_P00681,6.254579190715525
M00815_P00683,0.0
M00815_P00694,6.201157994982988
M00815_P01146,6.750382717679945
M00815_P01157,0.0
M00815_P01166,0.0
M00815_P01169,5.860976494366717
M00816_P00732,5.866290706547021
M00816_P00738,5.798850108990059
M00816_P00742,6.226125803823362
M00816_P00744,6.168787916684844
M00816_P00747,0.0
M00816_P00753,0.0
M00816_P01177,6.325001183355158
M00816_P01182,6.070632489529857
M00816_P01184,0.0
M00816_P01193,0.0
M00816_P01196,6.52802430913729
M00817_P00136,7.23555561446888
M00817_P00141,7.113182652028679
M00817_P00148,0.0
M00817_P00156,6.7592679833956835
M00817_P00965,6.356620528264306
M00817_P00966,0.0
M00817_P00975,6.771099029246252
M00817_P00978,7.251550046016554
M00817_P00980,0.0
M00817_P00986,0.0
M00818_P00055,0.0
M00818_P00057,0.0
M00818_P00059,0.0
M00818_P00064,6.086163286788637
M00818_P00066,7.0883723160440795
M00818_P00071,6.373392778637633
M00818_P00077,6.3833142327879875
M00818_P00478,5.862854044341153
M00818_P00479,0.0
M00818_P00486,0.0
M00818_P00491,5.847684490533024
M00819_P00478,5.992114210282675
M00819_P00479,0.0
M00819_P00486,0.0
M00819_P00491,6.012771061403892
M00819_P00888,0.0
M00819_P00889,5.854845371268463
M00819_P00893,5.860194270135537
M00819_P00894,6.329222378597214
M00819_P00895,6.137847415662752
M00819_P00901,6.832176182995527
M00819_P00909,6.219342060396745
M00820_P00807,0.0
M00820_P00812,7.131172569170001
M00820_P00819,5.859452482009708
M00820_P00826,6.218946083002943
M00820_P00827,0.0
M00820_P00940,5.901965863587549
M00820_P00948,6.214382280499568
M00820_P00950,0.0
M00820_P00951,6.305161809340171
M00820_P00959,0.0
M00820_P00962,7.062069782347227
M00821_P00185,5.98888836356783
M00821_P00193,6.379533319700282
M00821_P00197,6.027660062484715
M00821_P00199,0.0
M00821_P00200,0.0
M00821_P00940,0.0
M00821_P00948,0.0
M00821_P00950,6.2992166636457245
M00821_P00951,0.0
M00821_P00959,5.955417867568005
M00821_P00962,6.783002580716471
M00822_P00055,0.0
M00822_P00057,5.902773081338936
M00822_P00059,6.2526472814891125
M00822_P00064,5.865619920635824
M00822_P00066,7.082244212962935
M00822_P00071,6.321534382456357
M00822_P00077,6.559074128664651
M00822_P00888,6.023520887449996
M00822_P00889,6.101311020362257
M00822_P00893,5.950826574170901
M00822_P00894,0.0
M00822_P00895,6.267353629554525
M00822_P00901,7.948407505740678
M00822_P00909,6.759261333395169
M00823_P00345,0.0
M00823_P00347,6.182240107116328
M00823_P00351,6.231138091918488
M00823_P00353,0.0
M00823_P00359,6.202220526213108
M00823_P00362,5.867015726908159
M00823_P00888,0.0
M00823_P00889,5.970190428656862
M00823_P00893,6.080245172145114
M00823_P00894,6.7683622971364255
M00823_P00895,0.0
M00823_P00901,7.226232895869556
M00823_P00909,0.0
M00824_P01070,5.899671501237369
M00824_P01074,6.167047402742307
M00824_P01082,5.813085580583226
M00824_P01223,0.0
M00824_P01234,6.721155411367401
M00824_P01236,5.881452073810407
M00824_P01241,0.0
M00824_P01242,0.0
M00825_P00055,5.8965697935635655
M00825_P00057,0.0
M00825_P00059,0.0
M00825_P00064,0.0
M00825_P00066,7.226777455552
M00825_P00071,0.0
M00825_P00077,6.910491980650863
M00825_P00515,0.0
M00826_P00136,7.019806003932368
M00826_P00141,6.900583064694181
M00826_P00148,6.151399631542858
M00826_P00156,0.0
M00826_P00574,0.0
M00826_P00579,6.262356346077363
M00826_P00582,0.0
M00826_P00584,6.159613471776006
M00826_P00586,5.839839846950465
M00826_P00590,6.51760099857729
M00827_P00345,0.0
M00827_P00347,6.334817777227695
M00827_P00351,6.339681112272941
M00827_P00353,0.0
M00827_P00359,0.0
M00827_P00362,6.0210655225913925
M00827_P00391,5.8793179022079745
M00827_P00399,6.229205802383685
M00827_P00410,6.227493642636511
M00827_P00416,6.1412717744285725
M00828_P01020,0.0
M00828_P01034,0.0
M00828_P01037,5.850792130538817
M00828_P01038,0.0
M00828_P01177,0.0
M00828_P01182,0.0
M00828_P01184,6.058665014376232
M00828_P01193,6.294314571768745
M00828_P01196,6.492509229890593
M00829_P00266,0.0
M00829_P00271,6.913239265935004
M00829_P00278,0.0
M00829_P00286,0.0
M00829_P01041,0.0
M00829_P01042,5.859633004574436
M00829_P01048,0.0
M00829_P01049,0.0
M00829_P01051,6.193594964809048
M00829_P01055,5.944457910287319
M00829_P01063,0.0
M00829_P01064,0.0
M00830_P00079,0.0
M00830_P00082,6.246378046874287
M00830_P00087,0.0
M00830_P00097,0.0
M00830_P00102,5.896679022380384
M00830_P00345,0.0
M00830_P00347,0.0
M00830_P00351,6.150910523314995
M00830_P00353,0.0
M00830_P00359,6.19006446736137
M00830_P00362,0.0
M00831_P00443,6.274342168580165
M00831_P00448,0.0
M00831_P00452,5.86377275475005
M00831_P00462,6.262595106455996
M00831_P00463,6.367431917002994
M00831_P00465,0.0
M00831_P00468,0.0
M00831_P00888,0.0
M00831_P00889,6.025987404580073
M00831_P00893,0.0
M00831_P00894,6.755132175914309
M00831_P00895,6.370776787860809
M00831_P00901,7.233613613360861
M00831_P00909,0.0
M00832_P00529,0.0
M00832_P00535,5.857891311424547
M00832_P00536,5.824235744090563
M00832_P00542,0.0
M00832_P00543,6.383459038437476
M00832_P01201,6.0627930519367155
M00832_P01209,6.104719359792155
M00832_P01210,0.0
M00832_P01211,0.0
M00832_P01214,5.988740841872412
M00833_P00443,6.292981791649086
M00833_P00448,5.792448239945763
M00833_P00452,5.903094901143911
M00833_P00462,6.253734216657114
M00833_P00463,0.0
M00833_P00465,6.351801938539412
M00833_P00468,6.750803659589284
M00833_P00940,5.875309624264046
M00833_P00948,6.228541381374575
M00833_P00950,6.142661903951763
M00833_P00951,0.0
M00833_P00959,5.900470582492131
M00833_P00962,6.353876220416126
M00834_P00209,5.980892088714668
M00834_P00210,0.0
M00834_P00211,0.0
M00834_P00219,5.882419321130238
M00834_P00221,6.217152958028807
M00834_P00222,0.0
M00834_P00232,5.82691245126307
M00834_P00234,7.201378527762785
M00834_P00705,6.161291309684167
M00834_P00707,6.77416642601211
M00834_P00716,0.0
M00834_P00718,0.0
M00834_P00724,6.0582895488322315
M00834_P00728,0.0
M00835_P00209,0.0
M00835_P00210,7.048339443200387
M00835_P00211,0.0
M00835_P00219,5.899850741805057
M00835_P00221,6.162306362307859
M00835_P00222,6.247249338768493
M00835_P00232,5.866457292463758
M00835_P00234,7.431674577229463
M00835_P01070,5.87838682982877
M00835_P01074,0.0
M00835_P01082,5.863091064462352
M00836_P00241,0.0
M00836_P00244,5.839245052020436
M00836_P00245,6.186405559589074
M00836_P00248,0.0
M00836_P00255,6.769031147351973
M00836_P00260,6.782041576465218
M00836_P00391,0.0
M00836_P00399,0.0
M00836_P00410,6.140809699736965
M00836_P00416,6.791453781754858
M00837_P00391,0.0
M00837_P00399,6.333766436385157
M00837_P00410,6.424359039525735
M00837_P00416,6.291717401972325
M00837_P01146,7.0190763492439965
M00837_P01157,5.861991558226845
M00837_P01166,0.0
M00837_P01169,5.772346486714749
M00838_P00241,6.038443323226705
M00838_P00244,6.0823427803640895
M00838_P00245,6.422391319320619
M00838_P00248,0.0
M00838_P00255,0.0
M00838_P00260,6.902595301900241
M00838_P00965,0.0
M00838_P00966,5.8716683577755
M00838_P00975,6.806974867631098
M00838_P00978,0.0
M00838_P00980,6.142677486893595
M00838_P00986,0.0
M00839_P00678,0.0
M00839_P00679,7.0422118704851115
M00839_P00680,0.0
M00839_P00681,0.0
M00839_P00683,6.080004268800698
M00839_P00694,6.087671814191116
M00839_P01041,0.0
M00839_P01042,0.0
M00839_P01048,0.0
M00839_P01049,7.440756314067211
M00839_P01051,6.319458440662749
M00839_P01055,6.080899696350616
M00839_P01063,0.0
M00839_P01064,0.0
M00840_P00108,5.952555755526298
M00840_P00110,5.86513770691116
M00840_P00114,6.933441261189224
M00840_P00124,6.24693252873955
M00840_P00129,5.984649167158499
M00840_P01070,6.033866569065016
M00840_P01074,6.076212341424917
M00840_P01082,6.058327468944532
M00841_P00655,6.321854001604605
M00841_P00662,0.0
M00841_P00666,0.0
M00841_P00668,5.872602060433748
M00841_P00669,6.253850526944428
M00841_P00673,6.76742743694036
M00841_P00674,5.901861451090255
M00841_P00863,0.0
M00841_P00880,6.243008845484441
M00841_P00882,0.0
M00842_P00611,0.0
M00842_P00618,0.0
M00842_P00619,6.244194422326498
M00842_P00622,0.0
M00842_P01146,7.18835866722402
M00842_P01157,0.0
M00842_P01166,6.305767375817747
M00842_P01169,0.0
M00843_P00529,0.0
M00843_P00535,6.099265016173994
M00843_P00536,6.1582342559538015
M00843_P00542,6.021369940375415
M00843_P00543,6.556491396367828
M00843_P00991,6.791660543803508
M00843_P00993,5.89581363266023
M00843_P00997,0.0
M00843_P01000,6.236933536952089
M00843_P01010,6.251813360215297
M00844_P00761,6.18731409263047
M00844_P00772,0.0
M00844_P01201,6.019538460227084
M00844_P01209,6.029105676946066
M00844_P01210,6.034056128086161
M00844_P01211,0.0
M00844_P01214,5.875784498309826
M00845_P00108,5.857075340734674
M00845_P00110,5.861121866060545
M00845_P00114,6.79032362136683
M00845_P00124,6.245966253574546
M00845_P00129,6.209221867222341
M00845_P00922,6.290175751558034
M00845_P00927,6.203856037900193
M00845_P00931,6.031096990021775
M00845_P00935,6.4842641198457125
M00846_P00345,5.905430572572195
M00846_P00347,6.090877701197832
M00846_P00351,6.320659203028766
M00846_P00353,5.870991382345566
M00846_P00359,6.193835869532228
M00846_P00362,5.784750816368543
M00846_P00705,6.108867614246945
M00846_P00707,0.0
M00846_P00716,0.0
M00846_P00718,0.0
M00846_P00724,0.0
M00846_P00728,6.5027777419642
M00847_P00478,5.8292828560267935
M00847_P00479,6.904610758259784
M00847_P00486,0.0
M00847_P00491,6.193617560570983
M00847_P00529,0.0
M00847_P00535,0.0
M00847_P00536,0.0
M00847_P00542,0.0
M00847_P00543,6.774379923928225
M00848_P00807,6.2628963541643445
M00848_P00812,6.827941889767537
M00848_P00819,0.0
M00848_P00826,0.0
M00848_P00827,7.094438300245796
M00848_P00940,6.108275630832797
M00848_P00948,6.342174958960137
M00848_P00950,6.219111913320454
M00848_P00951,6.2941924051762586
M00848_P00959,0.0
M00848_P00962,7.201755977527779
M00849_P00079,6.516070757665644
M00849_P00082,0.0
M00849_P00087,5.871557272412452
M00849_P00097,6.757837909909131
M00849_P00102,0.0
M00849_P01120,5.974044765417533
M00850_P00761,6.339185963621624
M00850_P00772,0.0
M00850_P01041,0.0
M00850_P01042,0.0
M00850_P01048,6.145855568705664
M00850_P01049,7.207655413808168
M00850_P01051,0.0
M00850_P01055,5.876028934528149
M00850_P01063,0.0
M00850_P01064,5.878432371124709
M00851_P00266,6.221191861977806
M00851_P00271,6.205048948565802
M00851_P00278,6.80831181582891
M00851_P00286,6.3636281227595495
M00851_P00761,6.1793397259673615
M00851_P00772,5.877958593920038
M00852_P00313,0.0
M00852_P00324,0.0
M00852_P00329,6.032030885875936
M00852_P00333,0.0
M00852_P00334,0.0
M00852_P00705,5.857755255623766
M00852_P00707,6.327959958670544
M00852_P00716,6.237475463856264
M00852_P00718,7.527551631713929
M00852_P00724,0.0
M00852_P00728,6.152358669589822
M00853_P00515,5.89234228293619
M00853_P01070,5.859773345121633
M00853_P01074,6.250066336524003
M00853_P01082,5.817058340153816
M00854_P00136,7.095800401763315
M00854_P00141,6.859341800791193
M00854_P00148,0.0
M00854_P00156,7.047302578041012
M00854_P01099,6.508199144154766
M00854_P01107,0.0
M00854_P01108,6.7025690055398615
M00854_P01109,6.233001652541722
M00854_P01114,6.704280847959612
M00854_P01118,0.0
M00855_P00136,7.191463824490598
M00855_P00141,6.799993732437677
M00855_P00148,5.891781727882923
M00855_P00156,0.0
M00855_P00625,0.0
M00855_P00630,5.991442567679124
M00855_P00632,6.223135150285786
M00855_P00635,0.0
M00855_P00644,6.373938943283759
M00855_P00645,0.0
M00855_P00650,6.177028052250801
M00856_P00079,0.0
M00856_P00082,6.413286309286344
M00856_P00087,6.0226556170818295
M00856_P00097,6.501967497495203
M00856_P00102,5.953749966190263
M00856_P00678,5.991140402364295
M00856_P00679,0.0
M00856_P00680,0.0
M00856_P00681,6.072144213686522
M00856_P00683,0.0
M00856_P00694,6.351197294146476
M00857_P01146,7.087150925694044
M00857_P01157,6.028249544016671
M00857_P01166,6.355079961869176
M00857_P01169,6.248246758352146
M00857_P01201,0.0
M00857_P01209,0.0
M00857_P01210,0.0
M00857_P01211,0.0
M00857_P01214,0.0
M00858_P00705,0.0
M00858_P00707,6.499501579975253
M00858_P00716,0.0
M00858_P00718,0.0
M00858_P00724,0.0
M00858_P00728,6.231465599923
M00858_P01099,0.0
M00858_P01107,0.0
M00858_P01108,6.782128838850083
M00858_P01109,0.0
M00858_P01114,6.411474380954282
M00858_P01118,0.0
M00859_P00011,0.0
M00859_P00024,0.0
M00859_P00368,0.0
M00859_P00372,0.0
M00859_P00378,6.13993030096325
M00859_P00382,5.8682812437478855
M00859_P00383,0.0
M00860_P00209,6.176910291388451
M00860_P00210,0.0
M00860_P00211,0.0
M00860_P00219,6.021411698483627
M00860_P00221,0.0
M00860_P00222,6.259936585981032
M00860_P00232,6.103302793979728
M00860_P00234,0.0
M00860_P00991,7.0697129781794095
M00860_P00993,0.0
M00860_P00997,5.796358551384057
M00860_P01000,6.329769425885064
M00860_P01010,0.0
M00861_P00011,0.0
M00861_P00024,0.0
M00861_P00032,0.0
M00861_P00044,6.912806857609184
M00861_P00045,0.0
M00861_P00050,0.0
M00861_P00052,6.32920932397162
M00862_P00185,0.0
M00862_P00193,6.364173282737732
M00862_P00197,6.173545938432896
M00862_P00199,5.896911745200989
M00862_P00200,5.88199839146773
M00862_P00732,0.0
M00862_P00738,5.896968753901289
M00862_P00742,0.0
M00862_P00744,5.903814420297872
M00862_P00747,0.0
M00862_P00753,5.899259268858868
M00863_P00108,0.0
M00863_P00110,5.988227751879297
M00863_P00114,7.218877099302564
M00863_P00124,0.0
M00863_P00129,6.035709706159378
M00863_P00782,0.0
M00863_P00786,0.0
M00863_P00788,0.0
M00863_P00797,6.264780153760026
M00863_P00803,0.0
M00864_P00136,7.101584984646063
M00864_P00141,0.0
M00864_P00148,5.8972381516224255
M00864_P00156,0.0
M00864_P01223,0.0
M00864_P01234,0.0
M00864_P01236,0.0
M00864_P01241,6.698951183616465
M00864_P01242,6.272996935310342
M00865_P00529,0.0
M00865_P00535,0.0
M00865_P00536,5.9669598015377625
M00865_P00542,5.866212010568317
M00865_P00543,6.7185963301737655
M00865_P00625,6.0215356865877006
M00865_P00630,0.0
M00865_P00632,6.055273579917908
M00865_P00635,6.296012342075411
M00865_P00644,0.0
M00865_P00645,0.0
M00865_P00650,6.726114313050593
M00866_P00209,0.0
M00866_P00210,7.217324640132332
M00866_P00211,0.0
M00866_P00219,6.078488486222151
M00866_P00221,6.289649566027329
M00866_P00222,0.0
M00866_P00232,0.0
M00866_P00234,7.532917110215559
M00866_P00625,0.0
M00866_P00630,5.813633017644334
M00866_P00632,6.26137277413868
M00866_P00635,0.0
M00866_P00644,0.0
M00866_P00645,7.203621589423798
M00866_P00650,0.0
M00867_P00108,0.0
M00867_P00110,5.873593375002328
M00867_P00114,7.549041444077756
M00867_P00124,6.10033950353066
M00867_P00129,5.8827813268276365
M00867_P00888,6.062706616072945
M00867_P00889,0.0
M00867_P00893,5.972528393490934
M00867_P00894,6.5678093651417795
M00867_P00895,6.3601099695279775
M00867_P00901,0.0
M00867_P00909,0.0
M00868_P01020,0.0
M00868_P01034,5.89176627645259
M00868_P01037,0.0
M00868_P01038,6.265956573664914
M00868_P01099,0.0
M00868_P01107,5.889543721879512
M00868_P01108,0.0
M00868_P01109,6.590187279845718
M00868_P01114,6.261635950302967
M00868_P01118,0.0
M00869_P00574,0.0
M00869_P00579,6.141329438803795
M00869_P00582,6.322357918687409
M00869_P00584,6.392116875016397
M00869_P00586,5.867059203151576
M00869_P00590,6.766524956380571
M00869_P01223,0.0
M00869_P01234,0.0
M00869_P01236,5.883573086585831
M00869_P01241,6.203207074158749
M00869_P01242,5.863421627324365
M00870_P00678,0.0
M00870_P00679,6.941380997403472
M00870_P00680,5.886432037676478
M00870_P00681,5.8892399581519275
M00870_P00683,0.0
M00870_P00694,0.0
M00870_P01041,0.0
M00870_P01042,5.894015165143447
M00870_P01048,0.0
M00870_P01049,6.8788942117481975
M00870_P01051,0.0
M00870_P01055,0.0
M00870_P01063,5.839289551850951
M00870_P01064,5.835662014846985
M00871_P00136,6.89500456548528
M00871_P00141,7.119830197606359
M00871_P00148,5.776546555130372
M00871_P00156,6.390312433490108
M00871_P00345,0.0
M00871_P00347,0.0
M00871_P00351,0.0
M00871_P00353,0.0
M00871_P00359,6.311965168600784
M00871_P00362,0.0
M00872_P00185,0.0
M00872_P00193,0.0
M00872_P00197,6.068205728869652
M00872_P00199,0.0
M00872_P00200,6.065306749846451
M00872_P00991,6.885123788185004
M00872_P00993,0.0
M00872_P00997,5.84026915471345
M00872_P01000,6.109140850079582
M00872_P01010,6.0598731315023455
M00873_P00574,0.0
M00873_P00579,0.0
M00873_P00582,0.0
M00873_P00584,6.352699876781988
M00873_P00586,6.564694090484348
M00873_P00590,7.0900309399263595
M00873_P00732,5.860476400342346
M00873_P00738,5.76150319182145
M00873_P00742,0.0
M00873_P00744,5.833654735507707
M00873_P00747,7.346169965546379
M00873_P00753,6.2045921542066145
M00874_P00391,0.0
M00874_P00399,0.0
M00874_P00410,0.0
M00874_P00416,6.363661970263851
M00874_P00478,5.792333453641166
M00874_P00479,0.0
M00874_P00486,6.263778109564525
M00874_P00491,0.0
M00875_P00391,0.0
M00875_P00399,0.0
M00875_P00410,6.505673999199596
M00875_P00416,0.0
M00875_P00940,6.020271562159694
M00875_P00948,0.0
M00875_P00950,6.318055395759564
M00875_P00951,6.174773787457738
M00875_P00959,5.8830946940841695
M00875_P00962,0.0
M00876_P00032,6.7737130815852105
M00876_P00044,6.562879314002653
M00876_P00045,5.868265252197145
M00876_P00050,0.0
M00876_P00052,0.0
M00876_P01146,0.0
M00876_P01157,6.029046212326929
M00876_P01166,0.0
M00876_P01169,5.957870751694382
M00877_P00345,0.0
M00877_P00347,0.0
M00877_P00351,6.33418792879591
M00877_P00353,6.013226645013232
M00877_P00359,0.0
M00877_P00362,0.0
M00877_P00888,0.0
M00877_P00889,5.8623185458877565
M00877_P00893,6.206224197746408
M00877_P00894,6.256660653937832
M00877_P00895,0.0
M00877_P00901,6.915111386022212
M00877_P00909,0.0
M00878_P00655,6.022154036557397
M00878_P00662,0.0
M00878_P00666,0.0
M00878_P00668,5.866291035074686
M00878_P00669,6.139146782131244
M00878_P00673,0.0
M00878_P00674,0.0
M00878_P01223,5.974734240270467
M00878_P01234,0.0
M00878_P01236,0.0
M00878_P01241,6.519578892474441
M00878_P01242,6.2164649825429334
M00879_P00391,0.0
M00879_P00399,0.0
M00879_P00410,0.0
M00879_P00416,6.383976668956626
M00879_P00835,0.0
M00879_P00840,5.96807392540325
M00879_P00844,5.8591365131174395
M00879_P00847,5.976211785392816
M00879_P00848,5.861078719681138
M00879_P00856,6.554517436835528
M00880_P00391,5.824623528191686
M00880_P00399,0.0
M00880_P00410,6.2482466448282254
M00880_P00416,0.0
M00880_P00835,0.0
M00880_P00840,0.0
M00880_P00844,5.865155512318094
M00880_P00847,5.86026548079207
M00880_P00848,0.0
M00880_P00856,0.0
M00881_P00011,0.0
M00881_P00024,5.944761676864742
M00881_P00863,0.0
M00881_P00880,6.362795978098349
M00881_P00882,0.0
M00882_P00209,0.0
M00882_P00210,7.1064601487123955
M00882_P00211,0.0
M00882_P00219,5.862250242755232
M00882_P00221,6.345435531052011
M00882_P00222,6.224723590792309
M00882_P00232,0.0
M00882_P00234,6.904192850003212
M00882_P00655,0.0
M00882_P00662,5.890057379686926
M00882_P00666,6.252387382041063
M00882_P00668,0.0
M00882_P00669,6.06163470189414
M00882_P00673,6.36075828166074
M00882_P00674,6.017214501144368
M00883_P00611,6.021131571287546
M00883_P00618,6.369893371451842
M00883_P00619,0.0
M00883_P00622,6.046865640667959
M00883_P00922,6.789306199948557
M00883_P00927,0.0
M00883_P00931,5.864439364584846
M00883_P00935,6.247007577434703
M00884_P00108,5.882359025786597
M00884_P00110,0.0
M00884_P00114,7.079613017459693
M00884_P00124,0.0
M00884_P00129,5.874157128700823
M00884_P00782,0.0
M00884_P00786,0.0
M00884_P00788,7.063499996989879
M00884_P00797,0.0
M00884_P00803,6.897864556357067
M00885_P00011,5.895960827877833
M00885_P00024,5.854519942464468
M00885_P00443,0.0
M00885_P00448,0.0
M00885_P00452,0.0
M00885_P00462,6.359094286033983
M00885_P00463,0.0
M00885_P00465,0.0
M00885_P00468,0.0
M00886_P00079,0.0
M00886_P00082,0.0
M00886_P00087,6.259921132552472
M00886_P00097,6.4266554999177945
M00886_P00102,6.040444960644133
M00886_P00678,5.9076851098356675
M00886_P00679,0.0
M00886_P00680,5.980053211436743
M00886_P00681,0.0
M00886_P00683,0.0
M00886_P00694,0.0
M00887_P01041,0.0
M00887_P01042,5.984411614199564
M00887_P01048,6.249492019472215
M00887_P01049,7.236852122754517
M00887_P01051,0.0
M00887_P01055,6.087860929669246
M00887_P01063,0.0
M00887_P01064,6.0832236870720635
M00887_P01201,0.0
M00887_P01209,5.837713213916517
M00887_P01210,0.0
M00887_P01211,6.818285208149897
M00887_P01214,5.888903633642887
M00888_P00705,0.0
M00888_P00707,6.387106611679438
M00888_P00716,0.0
M00888_P00718,6.795814608060074
M00888_P00724,6.1008444734822955
M00888_P00728,6.555544678746541
M00888_P01177,6.188580834082191
M00888_P01182,0.0
M00888_P01184,0.0
M00888_P01193,6.032855348094578
M00888_P01196,0.0
M00889_P00888,0.0
M00889_P00889,0.0
M00889_P00893,5.861740197096471
M00889_P00894,6.178604246452822
M00889_P00895,6.306877143126695
M00889_P00901,6.942978463861709
M00889_P00909,6.240263894070406
M00889_P01041,0.0
M00889_P01042,0.0
M00889_P01048,0.0
M00889_P01049,0.0
M00889_P01051,6.159985676074108
M00889_P01055,0.0
M00889_P01063,6.081783548844901
M00889_P01064,0.0
M00890_P00136,7.257598135154359
M00890_P00141,6.8596640751259175
M00890_P00148,6.0223249251359
M00890_P00156,6.370199097535984
M00890_P00443,0.0
M00890_P00448,0.0
M00890_P00452,5.957456066533603
M00890_P00462,0.0
M00890_P00463,6.021587780551064
M00890_P00465,6.20699973783216
M00890_P00468,6.267618576171198
M00891_P00345,0.0
M00891_P00347,0.0
M00891_P00351,6.487235512705549
M00891_P00353,5.948984953192899
M00891_P00359,6.251177409249084
M00891_P00362,0.0
M00891_P00835,6.268545557996169
M00891_P00840,0.0
M00891_P00844,5.88740614706409
M00891_P00847,6.098550029634972
M00891_P00848,0.0
M00891_P00856,6.299012006056783
M00892_P00655,6.377533451598331
M00892_P00662,6.150927046152703
M00892_P00666,6.1761115877224455
M00892_P00668,6.256023608315327
M00892_P00669,6.217798017152133
M00892_P00673,6.719834601925182
M00892_P00674,0.0
M00892_P00991,0.0
M00892_P00993,0.0
M00892_P00997,0.0
M00892_P01000,6.263284888462409
M00892_P01010,0.0
M00893_P00515,0.0
M00893_P01177,6.243708835700468
M00893_P01182,5.848391206839482
M00893_P01184,0.0
M00893_P01193,0.0
M00893_P01196,6.138176090794391
M00894_P00079,0.0
M00894_P00082,6.358558537551272
M00894_P00087,6.103411291420685
M00894_P00097,6.33592439340685
M00894_P00102,0.0
M00894_P00423,6.569372151493465
M00894_P00424,5.876891887414461
M00894_P00425,0.0
M00894_P00426,6.223986628834525
M00894_P00431,5.883019621784203
M00894_P00436,0.0
M00894_P00440,5.867427995888853
M00895_P00185,0.0
M00895_P00193,0.0
M00895_P00197,0.0
M00895_P00199,6.176893220052428
M00895_P00200,5.9924681634180414
M00895_P00782,0.0
M00895_P00786,0.0
M00895_P00788,0.0
M00895_P00797,6.187033004325258
M00895_P00803,6.383429712703095
M00896_P00515,5.8676468803765855
M00896_P01120,0.0
M00897_P00011,5.885835444626472
M00897_P00024,0.0
M00897_P00185,0.0
M00897_P00193,6.108197587449892
M00897_P00197,5.980887292699573
M00897_P00199,6.082202132466177
M00897_P00200,6.0496980017174
M00898_P00011,0.0
M00898_P00024,5.973802902506606
M00898_P01146,6.884369611786242
M00898_P01157,0.0
M00898_P01166,6.413516622189697
M00898_P01169,0.0
M00899_P00574,5.976458386590711
M00899_P00579,0.0
M00899_P00582,6.330205089229911
M00899_P00584,0.0
M00899_P00586,5.896253657175281
M00899_P00590,6.76844721999356
M00899_P00888,0.0
M00899_P00889,6.213757222313437
M00899_P00893,0.0
M00899_P00894,6.384667026251293
M00899_P00895,6.067112187793124
M00899_P00901,7.101606870442714
M00899_P00909,0.0
M00900_P00266,0.0
M00900_P00271,0.0
M00900_P00278,6.8122288493144625
M00900_P00286,0.0
M00900_P00625,0.0
M00900_P00630,0.0
M00900_P00632,6.520239382145294
M00900_P00635,6.496276505143259
M00900_P00644,0.0
M00900_P00645,0.0
M00900_P00650,6.25390343052626
M00901_P00185,0.0
M00901_P00193,6.362968891858559
M00901_P00197,6.041322557152763
M00901_P00199,0.0
M00901_P00200,6.025553951427449
M00901_P01201,5.89029262274998
M00901_P01209,5.902979751509834
M00901_P01210,0.0
M00901_P01211,0.0
M00901_P01214,0.0
M00902_P00549,5.79586808871745
M00902_P00552,5.89635346406899
M00902_P00554,0.0
M00902_P00561,0.0
M00902_P00562,0.0
M00902_P00568,5.867706249675923
M00902_P00732,5.8730134132498995
M00902_P00738,0.0
M00902_P00742,0.0
M00902_P00744,5.856160820671668
M00902_P00747,7.371191402920472
M00902_P00753,5.984987955717041
M00903_P00423,6.866353623252761
M00903_P00424,0.0
M00903_P00425,6.422585847083711
M00903_P00426,0.0
M00903_P00431,0.0
M00903_P00436,0.0
M00903_P00440,6.020793156018066
M00903_P01201,5.980203489094814
M00903_P01209,0.0
M00903_P01210,0.0
M00903_P01211,0.0
M00903_P01214,5.885043591464115
M00904_P00761,0.0
M00904_P00772,5.983471759895424
M00904_P00807,0.0
M00904_P00812,7.391023566039294
M00904_P00819,5.872339812335053
M00904_P00826,6.327138250565473
M00904_P00827,0.0
M00905_P00079,0.0
M00905_P00082,0.0
M00905_P00087,5.891922122943603
M00905_P00097,6.7854829252730715
M00905_P00102,6.047714647841062
M00905_P00835,6.268791861440203
M00905_P00840,0.0
M00905_P00844,5.877597297586785
M00905_P00847,5.957512597826096
M00905_P00848,5.857320783187561
M00905_P00856,0.0
M00906_P00266,6.358226896162543
M00906_P00271,0.0
M00906_P00278,7.09108209988882
M00906_P00286,6.367799417508302
M00906_P00611,5.893545196408587
M00906_P00618,6.33598204283408
M00906_P00619,0.0
M00906_P00622,5.981351601036078
M00907_P00940,0.0
M00907_P00948,6.565524384277561
M00907_P00950,0.0
M00907_P00951,6.306050226682354
M00907_P00959,0.0
M00907_P00962,6.762515915502296
M00907_P01146,0.0
M00907_P01157,6.058370711790332
M00907_P01166,6.220349956452314
M00907_P01169,5.861388739407574
M00908_P00368,6.137928183144389
M00908_P00372,0.0
M00908_P00378,0.0
M00908_P00382,0.0
M00908_P00383,6.068598770662161
M00908_P00863,5.866831567917863
M00908_P00880,6.566073028134133
M00908_P00882,6.7366185761657675
M00909_P00011,0.0
M00909_P00024,0.0
M00909_P00423,6.765094612521634
M00909_P00424,0.0
M00909_P00425,0.0
M00909_P00426,0.0
M00909_P00431,5.850022881004989
M00909_P00436,6.336850016045663
M00909_P00440,5.982472901286166
M00910_P00611,0.0
M00910_P00618,0.0
M00910_P00619,0.0
M00910_P00622,0.0
M00910_P00655,0.0
M00910_P00662,5.945577571479355
M00910_P00666,0.0
M00910_P00668,0.0
M00910_P00669,6.528419649016378
M00910_P00673,6.207819770779652
M00910_P00674,5.87475934366756
M00911_P00055,0.0
M00911_P00057,5.866879550239325
M00911_P00059,6.235892989649951
M00911_P00064,0.0
M00911_P00066,7.111940129144093
M00911_P00071,6.1423908921829495
M00911_P00077,0.0
M00911_P00940,5.884374893987802
M00911_P00948,0.0
M00911_P00950,6.306761014169022
M00911_P00951,6.416880710568936
M00911_P00959,5.786199119239157
M00911_P00962,7.208106501926546
M00912_P00368,5.895312347165328
M00912_P00372,6.893772247252955
M00912_P00378,5.953560251181925
M00912_P00382,5.880746979922831
M00912_P00383,0.0
M00912_P00549,5.862853986880014
M00912_P00552,5.992958773258156
M00912_P00554,6.021932966415866
M00912_P00561,7.455077744425548
M00912_P00562,5.902879120717353
M00912_P00568,0.0
M00913_P00529,6.088163017925214
M00913_P00535,0.0
M00913_P00536,5.962761433775188
M00913_P00542,6.081331350288416
M00913_P00543,0.0
M00913_P01201,5.907097438977728
M00913_P01209,5.952829790682034
M00913_P01210,5.863330976638085
M00913_P01211,0.0
M00913_P01214,5.856995168407766
M00914_P00611,0.0
M00914_P00618,6.788020310705193
M00914_P00619,5.988505372410622
M00914_P00622,5.831234333008656
M00914_P00940,5.987817576107131
M00914_P00948,6.3409043841479145
M00914_P00950,6.365902306030302
M00914_P00951,6.493738489234844
M00914_P00959,5.894684191388138
M00914_P00962,6.903549195289738
M00915_P00287,0.0
M00915_P00290,6.263568932032737
M00915_P00291,0.0
M00915_P00295,7.104633249204111
M00915_P00297,0.0
M00915_P00298,5.87419234585353
M00915_P00299,5.872938839814634
M00915_P00304,0.0
M00915_P00307,0.0
M00915_P00309,6.4068374351234345
M00915_P00310,6.0518876596291875
M00915_P00391,0.0
M00915_P00399,0.0
M00915_P00410,0.0
M00915_P00416,6.192617226655507
M00916_P00108,5.957986028193546
M00916_P00110,5.880138616490751
M00916_P00114,7.431912982888844
M00916_P00124,6.065904699976269
M00916_P00129,0.0
M00916_P00655,0.0
M00916_P00662,6.038235105462538
M00916_P00666,6.498895762872895
M00916_P00668,0.0
M00916_P00669,0.0
M00916_P00673,6.238401333109631
M00916_P00674,0.0
M00917_P00515,0.0
M00917_P00549,0.0
M00917_P00552,0.0
M00917_P00554,0.0
M00917_P00561,7.204951095470124
M00917_P00562,6.09725752613496
M00917_P00568,0.0
M00918_P00011,6.0850756556856
M00918_P00024,6.1083273092531485
M00918_P00625,6.166544141229558
M00918_P00630,5.888072194852649
M00918_P00632,6.322546267296401
M00918_P00635,6.196467376887786
M00918_P00644,6.304191445078118
M00918_P00645,0.0
M00918_P00650,6.167357533588103
M00919_P00515,5.776086416175056
M00919_P00940,5.870691220841279
M00919_P00948,0.0
M00919_P00950,0.0
M00919_P00951,6.160471158108762
M00919_P00959,0.0
M00919_P00962,6.750646128718313
M00920_P00611,5.979870855157907
M00920_P00618,6.423262008838507
M00920_P00619,0.0
M00920_P00622,0.0
M00920_P00761,6.178742193937569
M00920_P00772,5.82705988614307
M00921_P00313,0.0
M00921_P00324,6.403787565231876
M00921_P00329,5.965841808668478
M00921_P00333,6.514745371907114
M00921_P00334,0.0
M00921_P01223,5.873160387835964
M00921_P01234,6.347778258075179
M00921_P01236,5.86122582553284
M00921_P01241,0.0
M00921_P01242,5.775697668309847
M00922_P00011,0.0
M00922_P00024,6.267180669102937
M00922_P00241,6.050962702137539
M00922_P00244,0.0
M00922_P00245,6.366908943954828
M00922_P00248,6.489050818574869
M00922_P00255,0.0
M00922_P00260,6.794774343066573
M00923_P00368,5.949776453297694
M00923_P00372,7.112561263497147
M00923_P00378,6.700568958808885
M00923_P00382,6.018045471711242
M00923_P00383,5.98147107522029
M00923_P00922,6.038089209434199
M00923_P00927,5.905924488286907
M00923_P00931,5.904611738184889
M00923_P00935,0.0
M00924_P00011,5.889549672225551
M00924_P00024,6.037440214192039
M00924_P00549,6.016793371255199
M00924_P00552,0.0
M00924_P00554,6.328419145097726
M00924_P00561,7.223850151551822
M00924_P00562,5.957803201546358
M00924_P00568,0.0
M00925_P01201,5.9793913826276945
M00925_P01209,5.8663122028008425
M00925_P01210,5.882168145133163
M00925_P01211,6.81292490694886
M00925_P01214,0.0
M00925_P01223,5.898616883488576
M00925_P01234,6.768626144022455
M00925_P01236,5.848036137848611
M00925_P01241,6.230094156192721
M00925_P01242,5.79615711555738
M00926_P00345,6.04019072742495
M00926_P00347,6.5770165761246915
M00926_P00351,6.326725063913133
M00926_P00353,0.0
M00926_P00359,6.3481084794177125
M00926_P00362,6.068350685475655
M00926_P00888,0.0
M00926_P00889,5.89706575675568
M00926_P00893,5.837574012908559
M00926_P00894,0.0
M00926_P00895,0.0
M00926_P00901,0.0
M00926_P00909,6.2938440588516515
M00927_P00079,6.781903004277625
M00927_P00082,0.0
M00927_P00087,0.0
M00927_P00097,0.0
M00927_P00102,0.0
M00927_P00807,0.0
M00927_P00812,0.0
M00927_P00819,0.0
M00927_P00826,6.341054561428251
M00927_P00827,7.0888461490633095
M00928_P00055,0.0
M00928_P00057,5.884420797447782
M00928_P00059,6.332073110037534
M00928_P00064,5.89876182462545
M00928_P00066,7.092634812016153
M00928_P00071,0.0
M00928_P00077,6.237062481083659
M00928_P00136,6.886937972500889
M00928_P00141,6.839460363838004
M00928_P00148,6.25499098178132
M00928_P00156,0.0
M00929_P00611,0.0
M00929_P00618,0.0
M00929_P00619,5.888531755527157
M00929_P00622,0.0
M00929_P01146,7.098990226638337
M00929_P01157,5.891738277558202
M00929_P01166,0.0
M00929_P01169,6.032339889366517
M00930_P00157,5.808685922245296
M00930_P00159,0.0
M00930_P00164,0.0
M00930_P00169,0.0
M00930_P00171,6.399591865611222
M00930_P00175,0.0
M00930_P00965,6.5955599074094255
M00930_P00966,0.0
M00930_P00975,6.817293385554286
M00930_P00978,0.0
M00930_P00980,0.0
M00930_P00986,0.0
M00931_P00655,6.184294853613135
M00931_P00662,5.865054115445657
M00931_P00666,0.0
M00931_P00668,0.0
M00931_P00669,6.163809464744934
M00931_P00673,6.250935204423448
M00931_P00674,0.0
M00931_P01041,0.0
M00931_P01042,6.031691071009695
M00931_P01048,6.078945238759023
M00931_P01049,7.366065723703643
M00931_P01051,6.226313968949908
M00931_P01055,0.0
M00931_P01063,5.898310105610922
M00931_P01064,0.0
M00932_P00705,0.0
M00932_P00707,6.507867989303263
M00932_P00716,6.499472523053876
M00932_P00718,7.188272918118563
M00932_P00724,0.0
M00932_P00728,0.0
M00932_P01120,5.8436988184503935
M00933_P00423,0.0
M00933_P00424,5.897561829891897
M00933_P00425,6.011946706979525
M00933_P00426,5.752847232726538
M00933_P00431,5.808026483128954
M00933_P00436,6.1981574541372995
M00933_P00440,0.0
M00933_P00478,6.080349912742699
M00933_P00479,0.0
M00933_P00486,6.794397659981861
M00933_P00491,6.016482954928505
M00934_P00529,0.0
M00934_P00535,5.863001972864492
M00934_P00536,0.0
M00934_P00542,6.189728649585108
M00934_P00543,0.0
M00934_P01146,0.0
M00934_P01157,5.9449845229897385
M00934_P01166,0.0
M00934_P01169,6.057331979113245
M00935_P00368,5.888699579823164
M00935_P00372,0.0
M00935_P00378,6.064878275985834
M00935_P00382,0.0
M00935_P00383,6.036625627310959
M00935_P00443,0.0
M00935_P00448,5.884791156258778
M00935_P00452,5.969044948836021
M00935_P00462,6.347234995686176
M00935_P00463,6.408907683150454
M00935_P00465,6.788467118600157
M00935_P00468,6.254049024240765
M00936_P00209,5.895222796354377
M00936_P00210,0.0
M00936_P00211,0.0
M00936_P00219,5.754196562630779
M00936_P00221,6.306581183431426
M00936_P00222,6.799696395518762
M00936_P00232,0.0
M00936_P00234,7.543613006915773
M00936_P00991,7.067327473407657
M00936_P00993,5.888645831209081
M00936_P00997,0.0
M00936_P01000,6.175943579970346
M00936_P01010,0.0
M00937_P00157,5.8854155386517135
M00937_P00159,0.0
M00937_P00164,6.569927282681343
M00937_P00169,6.010502765763935
M00937_P00171,6.785930871758541
M00937_P00175,0.0
M00937_P00287,0.0
M00937_P00290,5.8671416646127605
M00937_P00291,5.7976058126486505
M00937_P00295,0.0
M00937_P00297,5.857139820316756
M00937_P00298,5.893455439376105
M00937_P00299,0.0
M00937_P00304,5.899015695976947
M00937_P00307,6.331814955278197
M00937_P00309,6.816754273050833
M00937_P00310,6.237926537114163
M00938_P00529,5.870460567252251
M00938_P00535,5.880813643990969
M00938_P00536,5.948200678377591
M00938_P00542,0.0
M00938_P00543,6.48201427637538
M00938_P00705,0.0
M00938_P00707,0.0
M00938_P00716,6.508884374982034
M00938_P00718,0.0
M00938_P00724,0.0
M00938_P00728,0.0
M00939_P00345,5.880687780769111
M00939_P00347,0.0
M00939_P00351,0.0
M00939_P00353,5.9536099963962075
M00939_P00359,6.294962303076682
M00939_P00362,6.240187489705455
M00939_P00761,0.0
M00939_P00772,6.08307294376341
M00940_P00185,5.858671193418103
M00940_P00193,6.162106091160523
M00940_P00197,0.0
M00940_P00199,5.863544473540298
M00940_P00200,0.0
M00940_P00423,0.0
M00940_P00424,5.899520808884054
M00940_P00425,6.247848953641077
M00940_P00426,5.893060774232075
M00940_P00431,5.833749376035225
M00940_P00436,0.0
M00940_P00440,5.902491554762315
M00941_P00515,6.044625022983269
M00941_P01120,0.0
M00942_P00345,0.0
M00942_P00347,6.098405024592335
M00942_P00351,7.065003424171325
M00942_P00353,5.887181722341327
M00942_P00359,0.0
M00942_P00362,5.9056190923713325
M00942_P00549,0.0
M00942_P00552,0.0
M00942_P00554,0.0
M00942_P00561,7.381661902147032
M00942_P00562,5.854053458766166
M00942_P00568,5.874950657815472
M00943_P00391,0.0
M00943_P00399,6.363348217480528
M00943_P00410,0.0
M00943_P00416,0.0
M00943_P01177,6.3401933971252085
M00943_P01182,0.0
M00943_P01184,6.058112327361498
M00943_P01193,6.19209742450801
M00943_P01196,0.0
M00944_P00079,0.0
M00944_P00082,0.0
M00944_P00087,6.076619850825927
M00944_P00097,6.389804889641831
M00944_P00102,6.064722446829002
M00944_P00835,6.1788309588166435
M00944_P00840,5.830956855270781
M00944_P00844,5.89089764569964
M00944_P00847,0.0
M00944_P00848,5.860669846436903
M00944_P00856,6.261733675196427
M00945_P00287,0.0
M00945_P00290,6.036390869021846
M00945_P00291,6.20824526930723
M00945_P00295,0.0
M00945_P00297,6.062889272100223
M00945_P00298,6.010464954260233
M00945_P00299,0.0
M00945_P00304,0.0
M00945_P00307,6.5243329282543625
M00945_P00309,6.562558541813172
M00945_P00310,0.0
M00945_P00423,6.783151731544546
M00945_P00424,0.0
M00945_P00425,0.0
M00945_P00426,5.866542666226011
M00945_P00431,0.0
M00945_P00436,0.0
M00945_P00440,5.869655444590308
M00946_P00732,6.1565839063448795
M00946_P00738,0.0
M00946_P00742,0.0
M00946_P00744,5.882121777032464
M00946_P00747,7.52412301634436
M00946_P00753,6.206100697076161
M00946_P00940,0.0
M00946_P00948,6.368998292892085
M00946_P00950,6.093769853058419
M00946_P00951,6.180910244959019
M00946_P00959,0.0
M00946_P00962,7.040427999361208
M00947_P00157,0.0
M00947_P00159,0.0
M00947_P00164,0.0
M00947_P00169,5.822205818477388
M00947_P00171,0.0
M00947_P00175,6.252043727698258
M00947_P00782,0.0
M00947_P00786,5.873515784333971
M00947_P00788,0.0
M00947_P00797,6.2331916863360455
M00947_P00803,0.0
M00948_P00011,0.0
M00948_P00024,5.825317782193289
M00948_P00185,0.0
M00948_P00193,6.407439096545872
M00948_P00197,6.016786196040252
M00948_P00199,0.0
M00948_P00200,0.0
M00949_P00209,0.0
M00949_P00210,7.214717790027785
M00949_P00211,0.0
M00949_P00219,0.0
M00949_P00221,6.194991285697748
M00949_P00222,0.0
M00949_P00232,0.0
M00949_P00234,7.1284347723141845
M00949_P00345,6.039903648689643
M00949_P00347,6.387653977731735
M00949_P00351,6.383317937800843
M00949_P00353,5.944949222125832
M00949_P00359,6.498527924781263
M00949_P00362,5.955970654186875
M00950_P01041,0.0
M00950_P01042,6.066929752855269
M00950_P01048,6.202637657659346
M00950_P01049,0.0
M00950_P01051,6.072397156676694
M00950_P01055,6.033967862380193
M00950_P01063,6.042673397744074
M00950_P01064,6.17878489453838
M00950_P01120,0.0
M00951_P00965,0.0
M00951_P00966,5.9594270594945105
M00951_P00975,7.127445815325926
M00951_P00978,6.793038402564943
M00951_P00980,0.0
M00951_P00986,6.894959695765197
M00951_P00991,7.046896507764305
M00951_P00993,5.823898399953583
M00951_P00997,5.900691188271382
M00951_P01000,0.0
M00951_P01010,6.363813977652777
M00952_P00032,6.902623617666091
M00952_P00044,7.199415578809497
M00952_P00045,6.070763225241397
M00952_P00050,6.396701863773229
M00952_P00052,0.0
M00952_P00136,0.0
M00952_P00141,7.023407104976707
M00952_P00148,5.839282784577506
M00952_P00156,6.3440272757654395
M00953_P00136,6.841858330481788
M00953_P00141,0.0
M00953_P00148,6.158155555288389
M00953_P00156,0.0
M00953_P00209,0.0
M00953_P00210,0.0
M00953_P00211,5.877117586495942
M00953_P00219,0.0
M00953_P00221,6.173377066255407
M00953_P00222,6.362871786179783
M00953_P00232,5.7989721004722385
M00953_P00234,0.0
M00954_P00055,5.8878053198892575
M00954_P00057,0.0
M00954_P00059,6.252119041492537
M00954_P00064,6.030931663497081
M00954_P00066,0.0
M00954_P00071,6.9111113376528746
M00954_P00077,0.0
M00954_P00782,0.0
M00954_P00786,5.899612428872365
M00954_P00788,0.0
M00954_P00797,6.497074599617883
M00954_P00803,6.311514658199156
M00955_P00705,0.0
M00955_P00707,0.0
M00955_P00716,6.346623494545141
M00955_P00718,0.0
M00955_P00724,5.885547443128269
M00955_P00728,6.750445071824811
M00955_P00940,5.890785400245793
M00955_P00948,6.256482473577993
M00955_P00950,6.1836265735373255
M00955_P00951,5.906039460454658
M00955_P00959,0.0
M00955_P00962,6.740550984230555
M00956_P00032,6.790199681612889
M00956_P00044,6.73482746304347
M00956_P00045,0.0
M00956_P00050,5.969914536327886
M00956_P00052,0.0
M00956_P00807,6.1801184955783395
M00956_P00812,7.059125172787503
M00956_P00819,0.0
M00956_P00826,6.488896641108065
M00956_P00827,6.737522317415534
M00957_P00287,0.0
M00957_P00290,6.168427115929918
M00957_P00291,6.168176078719914
M00957_P00295,7.217781812742865
M00957_P00297,0.0
M00957_P00298,6.043449512688627
M00957_P00299,5.980200161091125
M00957_P00304,6.100066209680166
M00957_P00307,6.4237003463497135
M00957_P00309,6.522991657672756
M00957_P00310,0.0
M00957_P00611,0.0
M00957_P00618,0.0
M00957_P00619,0.0
M00957_P00622,0.0
M00958_P00443,0.0
M00958_P00448,0.0
M00958_P00452,6.010981809588325
M00958_P00462,0.0
M00958_P00463,6.552717777676027
M00958_P00465,6.220162503833631
M00958_P00468,6.786705484747012
M00958_P00478,5.841023425213983
M00958_P00479,6.766983231802346
M00958_P00486,6.230647843045136
M00958_P00491,5.959334700609998
M00959_P00055,0.0
M00959_P00057,6.287880456005376
M00959_P00059,6.362299273257004
M00959_P00064,0.0
M00959_P00066,6.879668479778779
M00959_P00071,6.370687714756419
M00959_P00077,6.353266617220029
M00959_P01041,0.0
M00959_P01042,5.828091986648653
M00959_P01048,6.178249803641984
M00959_P01049,7.255235708408644
M00959_P01051,6.1962182494349625
M00959_P01055,0.0
M00959_P01063,5.873466147621382
M00959_P01064,5.75008213902116
M00960_P00478,5.881864475251324
M00960_P00479,6.785909570557892
M00960_P00486,0.0
M00960_P00491,0.0
M00960_P01070,6.296119916428761
M00960_P01074,0.0
M00960_P01082,0.0
M00961_P00782,6.21434169147447
M00961_P00786,5.859051854203514
M00961_P00788,6.794962639852117
M00961_P00797,6.348686615110653
M00961_P00803,6.288620655536988
M00961_P00922,0.0
M00961_P00927,6.066458772157846
M00961_P00931,6.018508241693068
M00961_P00935,0.0
M00962_P00443,0.0
M00962_P00448,5.768114552209494
M00962_P00452,5.869354551306543
M00962_P00462,0.0
M00962_P00463,0.0
M00962_P00465,6.9087150508407555
M00962_P00468,6.246233686958895
M00962_P00655,0.0
M00962_P00662,6.17459012816145
M00962_P00666,6.784755917587294
M00962_P00668,5.985462180050498
M00962_P00669,6.335436636557517
M00962_P00673,0.0
M00962_P00674,0.0
M00963_P00313,0.0
M00963_P00324,6.3734829549939835
M00963_P00329,6.089981624921238
M00963_P00333,6.7916413818601775
M00963_P00334,0.0
M00963_P01099,0.0
M00963_P01107,0.0
M00963_P01108,6.589652683123673
M00963_P01109,6.299126352400611
M00963_P01114,0.0
M00963_P01118,6.555252292670491
M00964_P00888,0.0
M00964_P00889,5.862613385421964
M00964_P00893,5.8623320886154096
M00964_P00894,6.368383546417152
M00964_P00895,6.241662115013315
M00964_P00901,0.0
M00964_P00909,6.6962815489723155
M00964_P01041,0.0
M00964_P01042,0.0
M00964_P01048,0.0
M00964_P01049,0.0
M00964_P01051,6.215344230954726
M00964_P01055,0.0
M00964_P01063,5.894723457915381
M00964_P01064,6.0503125402931355
M00965_P00625,0.0
M00965_P00630,5.859866609862964
M00965_P00632,6.205574202015314
M00965_P00635,0.0
M00965_P00644,7.093787279181599
M00965_P00645,0.0
M00965_P00650,0.0
M00965_P01201,0.0
M00965_P01209,0.0
M00965_P01210,0.0
M00965_P01211,6.763574056345415
M00965_P01214,6.103116496969983
M00966_P00807,6.222729632664798
M00966_P00812,0.0
M00966_P00819,5.864694743151134
M00966_P00826,6.260528230800736
M00966_P00827,0.0
M00966_P00888,6.079058669358378
M00966_P00889,5.859103368488929
M00966_P00893,0.0
M00966_P00894,0.0
M00966_P00895,0.0
M00966_P00901,7.402260472494353
M00966_P00909,0.0
M00967_P00443,6.2443359234176326
M00967_P00448,5.84106123236609
M00967_P00452,5.88060908512435
M00967_P00462,0.0
M00967_P00463,6.264617913924369
M00967_P00465,6.404914697871854
M00967_P00468,6.174903722261134
M00967_P00625,0.0
M00967_P00630,6.095880643543833
M00967_P00632,6.392495448269761
M00967_P00635,0.0
M00967_P00644,6.355909046993127
M00967_P00645,7.41304445170046
M00967_P00650,6.417474582018141
M00968_P00529,6.158988684559709
M00968_P00535,0.0
M00968_P00536,5.9740942006487385
M00968_P00542,6.047754682748876
M00968_P00543,0.0
M00968_P01020,0.0
M00968_P01034,5.85177159567024
M00968_P01037,5.863659428297889
M00968_P01038,5.862921141279986
M00969_P00079,6.7564446974787575
M00969_P00082,0.0
M00969_P00087,0.0
M00969_P00097,6.2670911555803945
M00969_P00102,5.900611671316803
M00969_P00443,0.0
M00969_P00448,0.0
M00969_P00452,0.0
M00969_P00462,0.0
M00969_P00463,6.406296176898736
M00969_P00465,0.0
M00969_P00468,6.289817118232181
M00970_P00368,6.082505865869848
M00970_P00372,6.780439619278145
M00970_P00378,6.195473355874801
M00970_P00382,6.046148548534088
M00970_P00383,5.95797296952568
M00970_P00965,0.0
M00970_P00966,0.0
M00970_P00975,0.0
M00970_P00978,0.0
M00970_P00980,6.849233102772229
M00970_P00986,6.761552086689494
M00971_P00391,0.0
M00971_P00399,6.404252962149343
M00971_P00410,0.0
M00971_P00416,0.0
M00971_P01120,5.885437586461447
M00972_P00079,0.0
M00972_P00082,6.25467393736055
M00972_P00087,6.054520219849714
M00972_P00097,6.38961102525763
M00972_P00102,0.0
M00972_P00888,0.0
M00972_P00889,5.884517085641152
M00972_P00893,5.8645811413574975
M00972_P00894,0.0
M00972_P00895,6.240537455878048
M00972_P00901,0.0
M00972_P00909,7.052883129575927
M00973_P00625,0.0
M00973_P00630,6.178862470413844
M00973_P00632,6.256562675508812
M00973_P00635,6.356278139007731
M00973_P00644,0.0
M00973_P00645,7.379926059776689
M00973_P00650,0.0
M00973_P00940,5.875053050094523
M00973_P00948,6.344586767767017
M00973_P00950,6.243931356822566
M00973_P00951,0.0
M00973_P00959,5.9781338930722
M00973_P00962,0.0
M00974_P00287,0.0
M00974_P00290,6.090867062331181
M00974_P00291,6.081517326301034
M00974_P00295,7.058930429700002
M00974_P00297,0.0
M00974_P00298,6.221270304394916
M00974_P00299,6.01540345469612
M00974_P00304,6.059803823075511
M00974_P00307,6.383076627156419
M00974_P00309,0.0
M00974_P00310,0.0
M00974_P00423,6.903630320913108
M00974_P00424,0.0
M00974_P00425,6.230719684309742
M00974_P00426,0.0
M00974_P00431,5.860440602614731
M00974_P00436,6.247116212732214
M00974_P00440,0.0
M00975_P01146,7.10365585586036
M00975_P01157,0.0
M00975_P01166,6.2668734093397225
M00975_P01169,5.87536209776936
M00975_P01223,6.060578134137764
M00975_P01234,0.0
M00975_P01236,0.0
M00975_P01241,0.0
M00975_P01242,5.97144183471132
M00976_P01146,0.0
M00976_P01157,0.0
M00976_P01166,6.331465627234511
M00976_P01169,5.823162414835362
M00976_P01177,6.335098869891205
M00976_P01182,0.0
M00976_P01184,5.7991758421008575
M00976_P01193,5.894059479544957
M00976_P01196,0.0
M00977_P00313,0.0
M00977_P00324,6.237275677610266
M00977_P00329,6.096336777226193
M00977_P00333,6.316836206444569
M00977_P00334,6.318620111084813
M00977_P00940,5.863790944375292
M00977_P00948,6.160291155943903
M00977_P00950,6.909074913069741
M00977_P00951,6.184422935323152
M00977_P00959,0.0
M00977_P00962,6.33796373901665
M00978_P00287,5.8935303760066375
M00978_P00290,5.8678572007607706
M00978_P00291,5.887459634047168
M00978_P00295,7.116311017240335
M00978_P00297,5.870334187976566
M00978_P00298,0.0
M00978_P00299,5.860226363635022
M00978_P00304,5.86946004546848
M00978_P00307,5.976048722483793
M00978_P00309,0.0
M00978_P00310,6.519367638726643
M00978_P00835,6.143765105855712
M00978_P00840,5.8473559404461595
M00978_P00844,5.891655315070312
M00978_P00847,0.0
M00978_P00848,0.0
M00978_P00856,0.0
M00979_P00079,6.784210269556947
M00979_P00082,6.4267541384875235
M00979_P00087,6.017590755352288
M00979_P00097,6.58025688083055
M00979_P00102,5.9891332104382276
M00979_P00391,0.0
M00979_P00399,6.33319461530416
M00979_P00410,6.178823477866486
M00979_P00416,6.186892541073218
M00980_P00032,0.0
M00980_P00044,6.708991546417273
M00980_P00045,5.883036230453709
M00980_P00050,0.0
M00980_P00052,6.791622669562667
M00980_P00888,0.0
M00980_P00889,5.860413035421318
M00980_P00893,5.868141600976386
M00980_P00894,6.358186464395378
M00980_P00895,0.0
M00980_P00901,0.0
M00980_P00909,0.0
M00981_P00549,0.0
M00981_P00552,5.869060878719776
M00981_P00554,0.0
M00981_P00561,7.032732853729368
M00981_P00562,5.947489376997927
M00981_P00568,5.9497809786670155
M00981_P01041,0.0
M00981_P01042,0.0
M00981_P01048,6.245273957068932
M00981_P01049,7.376254589985091
M00981_P01051,0.0
M00981_P01055,5.982534609301357
M00981_P01063,0.0
M00981_P01064,6.104038014421703
M00982_P00549,0.0
M00982_P00552,5.96412956220937
M00982_P00554,6.321104877640576
M00982_P00561,0.0
M00982_P00562,6.078529644758362
M00982_P00568,6.095784984006409
M00982_P01201,0.0
M00982_P01209,6.194147490257177
M00982_P01210,5.831437066726155
M00982_P01211,0.0
M00982_P01214,5.782634852047764
M00983_P00032,6.829672341575397
M00983_P00044,6.7835502750288
M00983_P00045,0.0
M00983_P00050,0.0
M00983_P00052,0.0
M00983_P00079,6.911553215432708
M00983_P00082,0.0
M00983_P00087,0.0
M00983_P00097,0.0
M00983_P00102,6.076206806926312
M00984_P00185,6.0202473368626075
M00984_P00193,0.0
M00984_P00197,6.0277150995516315
M00984_P00199,6.249979848124198
M00984_P00200,0.0
M00984_P00888,5.809950031676191
M00984_P00889,0.0
M00984_P00893,0.0
M00984_P00894,6.2653287961319775
M00984_P00895,6.260874530015338
M00984_P00901,7.045019221324637
M00984_P00909,6.365285613499324
M00985_P00611,6.048160698695585
M00985_P00618,0.0
M00985_P00619,0.0
M00985_P00622,0.0
M00985_P01201,6.016566532085801
M00985_P01209,5.866824496896243
M00985_P01210,5.8924396531117225
M00985_P01211,7.068247416343308
M00985_P01214,5.901687263834084
M00986_P00157,5.83689706341794
M00986_P00159,0.0
M00986_P00164,0.0
M00986_P00169,5.862576880998932
M00986_P00171,0.0
M00986_P00175,6.365709245239542
M00986_P00965,0.0
M00986_P00966,6.02117599624228
M00986_P00975,6.923111109959436
M00986_P00978,0.0
M00986_P00980,0.0
M00986_P00986,0.0
M00987_P00209,0.0
M00987_P00210,6.93677530048693
M00987_P00211,0.0
M00987_P00219,0.0
M00987_P00221,0.0
M00987_P00222,6.742100586647225
M00987_P00232,6.080250720416651
M00987_P00234,0.0
M00987_P00529,6.031458534677226
M00987_P00535,6.362192740088178
M00987_P00536,6.425978602168542
M00987_P00542,0.0
M00987_P00543,0.0
M00988_P00807,6.070019281591812
M00988_P00812,7.194974089514772
M00988_P00819,5.878633610967816
M00988_P00826,6.035968384131304
M00988_P00827,6.523197678082581
M00988_P01041,6.149067274464787
M00988_P01042,0.0
M00988_P01048,6.32332537333655
M00988_P01049,7.224953224919938
M00988_P01051,6.398504413550885
M00988_P01055,5.992086350503623
M00988_P01063,0.0
M00988_P01064,0.0
M00989_P00287,0.0
M00989_P00290,5.824569064948824
M00989_P00291,5.959264454475677
M00989_P00295,7.335663816481465
M00989_P00297,5.8596922849562985
M00989_P00298,0.0
M00989_P00299,5.826865211501823
M00989_P00304,0.0
M00989_P00307,6.087753423900567
M00989_P00309,6.385374833668731
M00989_P00310,0.0
M00989_P01201,5.904458255053817
M00989_P01209,0.0
M00989_P01210,5.749958543795312
M00989_P01211,0.0
M00989_P01214,0.0
M00990_P00368,6.091846542384496
M00990_P00372,6.764850695168745
M00990_P00378,6.2391654283445535
M00990_P00382,0.0
M00990_P00383,5.906283513159963
M00990_P01120,0.0
M00991_P00515,5.872562953082999
M00991_P00625,6.274617209231288
M00991_P00630,5.967254333432164
M00991_P00632,6.336259349888599
M00991_P00635,0.0
M00991_P00644,0.0
M00991_P00645,7.040845858547207
M00991_P00650,6.372067556089971
M00992_P00209,5.872141288453257
M00992_P00210,0.0
M00992_P00211,0.0
M00992_P00219,0.0
M00992_P00221,6.239971441701495
M00992_P00222,0.0
M00992_P00232,6.087506866443776
M00992_P00234,7.387327892925398
M00992_P00313,0.0
M00992_P00324,6.30043840653386
M00992_P00329,5.902781725376734
M00992_P00333,6.329988387301127
M00992_P00334,6.321147282668432
M00993_P00940,6.094159918523649
M00993_P00948,6.0962720320110675
M00993_P00950,6.357648026602539
M00993_P00951,6.301623216418223
M00993_P00959,0.0
M00993_P00962,6.906510973302852
M00993_P01146,0.0
M00993_P01157,6.32001364829091
M00993_P01166,0.0
M00993_P01169,6.158181997649133
M00994_P00287,0.0
M00994_P00290,5.9938603229454674
M00994_P00291,0.0
M00994_P00295,7.111010891504816
M00994_P00297,6.2273986172024784
M00994_P00298,0.0
M00994_P00299,6.0476594144682565
M00994_P00304,5.866674221317347
M00994_P00307,0.0
M00994_P00309,6.795544413136491
M00994_P00310,0.0
M00994_P01020,6.768250541847527
M00994_P01034,5.889423212756545
M00994_P01037,6.09583124382551
M00994_P01038,5.9507669323007875
M00995_P00940,5.862577628222644
M00995_P00948,6.367806581974094
M00995_P00950,0.0
M00995_P00951,6.348141895614528
M00995_P00959,6.024346575013627
M00995_P00962,0.0
M00995_P01041,0.0
M00995_P01042,0.0
M00995_P01048,6.062312206256652
M00995_P01049,0.0
M00995_P01051,6.315061445715148
M00995_P01055,5.858180156832105
M00995_P01063,5.857497692812706
M00995_P01064,5.865800200968297
M00996_P00241,0.0
M00996_P00244,5.881988392987867
M00996_P00245,6.107285362526874
M00996_P00248,0.0
M00996_P00255,6.865676053743213
M00996_P00260,0.0
M00996_P00574,0.0
M00996_P00579,0.0
M00996_P00582,6.258297399762472
M00996_P00584,6.3551133934932995
M00996_P00586,0.0
M00996_P00590,0.0
M00997_P00391,0.0
M00997_P00399,0.0
M00997_P00410,6.271407763393377
M00997_P00416,0.0
M00997_P00611,0.0
M00997_P00618,6.219718836873694
M00997_P00619,6.0323832040221355
M00997_P00622,6.5606144365979935
M00998_P00136,6.481725760510377
M00998_P00141,0.0
M00998_P00148,0.0
M00998_P00156,0.0
M00998_P01041,0.0
M00998_P01042,5.962596236623709
M00998_P01048,6.3316266821212785
M00998_P01049,7.238333334117159
M00998_P01051,6.353807122696569
M00998_P01055,6.053054871060743
M00998_P01063,5.987085489740761
M00998_P01064,5.906044535840713
M00999_P00011,5.836489975897919
M00999_P00024,6.324272776506535
M00999_P00732,5.971646578881175
M00999_P00738,0.0
M00999_P00742,6.368542321388994
M00999_P00744,0.0
M00999_P00747,7.2328199548198455
M00999_P00753,6.0384231879674655
M01000_P00391,0.0
M01000_P00399,6.364849199036807
M01000_P00410,0.0
M01000_P00416,6.256883145748457
M01000_P01177,6.178003886901927
M01000_P01182,5.860914595539151
M01000_P01184,0.0
M01000_P01193,0.0
M01000_P01196,6.358858395148359
M01001_P00157,5.863032177064336
M01001_P00159,0.0
M01001_P00164,6.246108344776377
M01001_P00169,5.846511095989638
M01001_P00171,6.036886708825268
M01001_P00175,6.201118209000033
M01001_P00423,0.0
M01001_P00424,5.898285846344582
M01001_P00425,6.151654849650507
M01001_P00426,0.0
M01001_P00431,5.881458221384644
M01001_P00436,0.0
M01001_P00440,5.87073743696451
M01002_P00079,0.0
M01002_P00082,0.0
M01002_P00087,6.091396925804078
M01002_P00097,6.6927527808477585
M01002_P00102,6.332773797862067
M01002_P00655,6.240020617065806
M01002_P00662,5.861267669205291
M01002_P00666,6.172637087402837
M01002_P00668,0.0
M01002_P00669,0.0
M01002_P00673,6.252829715706436
M01002_P00674,5.867490019743008
M01003_P00266,6.320535743468848
M01003_P00271,6.42222886448219
M01003_P00278,6.920386499009402
M01003_P00286,0.0
M01003_P00705,5.847700715585401
M01003_P00707,6.405700920591196
M01003_P00716,6.193598556937514
M01003_P00718,6.936975470860866
M01003_P00724,5.859798323639281
M01003_P00728,0.0
M01004_P00574,0.0
M01004_P00579,0.0
M01004_P00582,0.0
M01004_P00584,6.776495645499392
M01004_P00586,0.0
M01004_P00590,6.939466638560175
M01004_P00922,6.298006782395705
M01004_P00927,5.8731008959357425
M01004_P00931,0.0
M01004_P00935,6.581370701050067
M01005_P00782,0.0
M01005_P00786,0.0
M01005_P00788,6.939130744215558
M01005_P00797,0.0
M01005_P00803,6.199479277764634
M01005_P00965,6.403771939197997
M01005_P00966,5.8986821793793665
M01005_P00975,6.894290220361801
M01005_P00978,0.0
M01005_P00980,0.0
M01005_P00986,0.0
M01006_P00266,0.0
M01006_P00271,0.0
M01006_P00278,0.0
M01006_P00286,0.0
M01006_P00761,6.336972814446931
M01006_P00772,5.7770122875325125
M01007_P00032,0.0
M01007_P00044,6.925057995925884
M01007_P00045,0.0
M01007_P00050,5.8635002164703485
M01007_P00052,6.419428604068694
M01007_P00478,0.0
M01007_P00479,7.100960066431668
M01007_P00486,6.556211374928364
M01007_P00491,6.2650183887755775
M01008_P00108,5.881726138299477
M01008_P00110,0.0
M01008_P00114,6.913536592832658
M01008_P00124,6.290355279335371
M01008_P00129,5.865431302847529
M01008_P00157,5.87054542519992
M01008_P00159,0.0
M01008_P00164,0.0
M01008_P00169,0.0
M01008_P00171,6.272429296161291
M01008_P00175,6.296198834967585
M01009_P00266,0.0
M01009_P00271,6.169968409792684
M01009_P00278,0.0
M01009_P00286,0.0
M01009_P00625,0.0
M01009_P00630,5.864804686132446
M01009_P00632,6.407998756127745
M01009_P00635,6.175388820710807
M01009_P00644,0.0
M01009_P00645,7.192529909488144
M01009_P00650,0.0
M01010_P00136,7.193864243345284
M01010_P00141,7.191677814114885
M01010_P00148,0.0
M01010_P00156,6.716360751480253
M01010_P00922,0.0
M01010_P00927,5.832439456648811
M01010_P00931,0.0
M01010_P00935,6.243995059965794
M01011_P00032,6.8962520179093385
M01011_P00044,6.78669290172996
M01011_P00045,5.992338926894569
M01011_P00050,0.0
M01011_P00052,0.0
M01011_P01177,6.183558694848631
M01011_P01182,5.896212550036945
M01011_P01184,5.90195081393107
M01011_P01193,5.88679613296488
M01011_P01196,6.495449034918688
M01012_P00705,0.0
M01012_P00707,6.330131328099153
M01012_P00716,7.0435404130799855
M01012_P00718,6.761008207759614
M01012_P00724,6.093210429545053
M01012_P00728,0.0
M01012_P00991,6.830934734685931
M01012_P00993,5.867344432328878
M01012_P00997,5.85887707335121
M01012_P01000,0.0
M01012_P01010,0.0
M01013_P00157,0.0
M01013_P00159,5.763421087074014
M01013_P00164,6.364550256010676
M01013_P00169,0.0
M01013_P00171,6.321018830219044
M01013_P00175,6.322343672550824
M01013_P00574,5.839670497138478
M01013_P00579,0.0
M01013_P00582,0.0
M01013_P00584,6.187348981131156
M01013_P00586,5.866709524271088
M01013_P00590,0.0
M01014_P00678,0.0
M01014_P00679,0.0
M01014_P00680,5.88663075917301
M01014_P00681,0.0
M01014_P00683,6.2128797770440265
M01014_P00694,6.323710892078788
M01014_P01177,0.0
M01014_P01182,0.0
M01014_P01184,5.898688994314451
M01014_P01193,0.0
M01014_P01196,6.829772757076483
M01015_P00478,6.03920485172157
M01015_P00479,7.101514675254724
M01015_P00486,6.2664212326892015
M01015_P00491,6.204186121531613
M01015_P01099,0.0
M01015_P01107,0.0
M01015_P01108,6.911101361622799
M01015_P01109,0.0
M01015_P01114,6.194575084002539
M01015_P01118,6.911458415368106
M01016_P00079,0.0
M01016_P00082,6.013640316030191
M01016_P00087,5.878421446150776
M01016_P00097,6.5034052719672095
M01016_P00102,5.9691363443312415
M01016_P00157,0.0
M01016_P00159,0.0
M01016_P00164,0.0
M01016_P00169,6.060356672743686
M01016_P00171,0.0
M01016_P00175,6.321868259498131
M01017_P00079,6.773473779123401
M01017_P00082,6.391338684536881
M01017_P00087,0.0
M01017_P00097,6.763988520169717
M01017_P00102,0.0
M01017_P00241,0.0
M01017_P00244,5.843545225717576
M01017_P00245,6.382801453768734
M01017_P00248,0.0
M01017_P00255,0.0
M01017_P00260,6.780862562368868
M01018_P00136,7.094942194367697
M01018_P00141,6.889280294718583
M01018_P00148,5.892864570189721
M01018_P00156,6.353510771328355
M01018_P00705,0.0
M01018_P00707,6.1956253948625655
M01018_P00716,0.0
M01018_P00718,6.5785020670533445
M01018_P00724,6.0481041413146786
M01018_P00728,0.0
M01019_P00157,0.0
M01019_P00159,5.957584472498856
M01019_P00164,0.0
M01019_P00169,6.01467918930285
M01019_P00171,6.802138334982953
M01019_P00175,0.0
M01019_P00313,0.0
M01019_P00324,6.100634473777144
M01019_P00329,0.0
M01019_P00333,6.567819269011067
M01019_P00334,6.23900220263265
M01020_P00266,6.430865805377332
M01020_P00271,0.0
M01020_P00278,6.881541793304788
M01020_P00286,6.3240964706686755
M01020_P01070,5.869482854936002
M01020_P01074,0.0
M01020_P01082,0.0
M01021_P00185,0.0
M01021_P00193,6.1482026944716495
M01021_P00197,0.0
M01021_P00199,0.0
M01021_P00200,5.89320148617358
M01021_P00782,0.0
M01021_P00786,6.029214919934595
M01021_P00788,0.0
M01021_P00797,6.275539577964715
M01021_P00803,0.0
M01022_P00782,6.2306604139155235
M01022_P00786,0.0
M01022_P00788,7.028987572082251
M01022_P00797,6.521117878347764
M01022_P00803,0.0
M01022_P00835,6.229176424218911
M01022_P00840,0.0
M01022_P00844,5.975828928273583
M01022_P00847,6.018190315893389
M01022_P00848,5.8465527093597895
M01022_P00856,0.0
M01023_P00136,0.0
M01023_P00141,0.0
M01023_P00148,0.0
M01023_P00156,6.235956997271555
M01023_P01099,6.346269560370034
M01023_P01107,5.8512874340653225
M01023_P01108,6.550205339288207
M01023_P01109,0.0
M01023_P01114,0.0
M01023_P01118,6.796964433474388
M01024_P00287,6.052771281765347
M01024_P00290,5.981606171794259
M01024_P00291,6.033182323443418
M01024_P00295,7.104341811449368
M01024_P00297,5.9057188630781425
M01024_P00298,6.107485296534922
M01024_P00299,0.0
M01024_P00304,0.0
M01024_P00307,6.243685364075929
M01024_P00309,0.0
M01024_P00310,6.506439604669087
M01024_P00625,0.0
M01024_P00630,5.872848184918658
M01024_P00632,6.078657308700917
M01024_P00635,6.177072312505453
M01024_P00644,7.0414310607475725
M01024_P00645,0.0
M01024_P00650,0.0
M01025_P00287,0.0
M01025_P00290,0.0
M01025_P00291,5.7983196077011145
M01025_P00295,0.0
M01025_P00297,5.8668994436371085
M01025_P00298,5.862170105771198
M01025_P00299,5.88328002451579
M01025_P00304,5.787179391666158
M01025_P00307,6.25895959545725
M01025_P00309,0.0
M01025_P00310,0.0
M01025_P00761,6.3171374326181935
M01025_P00772,6.089921225607185
M01026_P00732,5.901605886265737
M01026_P00738,5.881263462541293
M01026_P00742,6.265660519532196
M01026_P00744,0.0
M01026_P00747,0.0
M01026_P00753,0.0
M01026_P00782,0.0
M01026_P00786,5.88960219358774
M01026_P00788,0.0
M01026_P00797,6.19401335218863
M01026_P00803,0.0
M01027_P00443,0.0
M01027_P00448,6.0879167007802915
M01027_P00452,5.88196084797998
M01027_P00462,6.505069583863454
M01027_P00463,0.0
M01027_P00465,6.341554282982422
M01027_P00468,6.549559077324851
M01027_P00965,6.173621702367417
M01027_P00966,0.0
M01027_P00975,6.799557636876317
M01027_P00978,6.734821326060983
M01027_P00980,0.0
M01027_P00986,7.066429889113784
M01028_P01099,0.0
M01028_P01107,0.0
M01028_P01108,6.791489808469718
M01028_P01109,6.324500967305602
M01028_P01114,0.0
M01028_P01118,0.0
M01028_P01146,0.0
M01028_P01157,0.0
M01028_P01166,6.097780768769686
M01028_P01169,0.0
M01029_P00574,0.0
M01029_P00579,6.184016286914087
M01029_P00582,0.0
M01029_P00584,6.080516101734131
M01029_P00586,6.056919918695622
M01029_P00590,6.8166936803696005
M01029_P01099,6.247870083144029
M01029_P01107,5.892837903777128
M01029_P01108,6.7968446413887325
M01029_P01109,0.0
M01029_P01114,0.0
M01029_P01118,6.235757096600628
M01030_P00368,5.881797180360887
M01030_P00372,6.780954893480641
M01030_P00378,0.0
M01030_P00382,5.862758500359323
M01030_P00383,5.811125026836192
M01030_P00965,0.0
M01030_P00966,0.0
M01030_P00975,6.8153988905889005
M01030_P00978,0.0
M01030_P00980,6.321217497791384
M01030_P00986,7.062934005003275
M01031_P00625,0.0
M01031_P00630,6.198638713719998
M01031_P00632,0.0
M01031_P00635,6.770163321769518
M01031_P00644,6.582412252723233
M01031_P00645,6.87737360294483
M01031_P00650,0.0
M01031_P00888,0.0
M01031_P00889,5.867121484516552
M01031_P00893,5.964406883956566
M01031_P00894,6.239891841455805
M01031_P00895,6.156845652971132
M01031_P00901,0.0
M01031_P00909,0.0
M01032_P00391,0.0
M01032_P00399,0.0
M01032_P00410,6.551173523343279
M01032_P00416,6.254546189706033
M01032_P00940,5.9695301031436525
M01032_P00948,6.239346483861035
M01032_P00950,6.288346284192829
M01032_P00951,0.0
M01032_P00959,0.0
M01032_P00962,0.0
M01033_P00136,0.0
M01033_P00141,0.0
M01033_P00148,5.809082517697811
M01033_P00156,6.495514634440315
M01033_P00678,0.0
M01033_P00679,7.027594896878643
M01033_P00680,0.0
M01033_P00681,6.170481172471515
M01033_P00683,6.559050762708869
M01033_P00694,6.33499448881932
M01034_P00835,0.0
M01034_P00840,5.879483389883553
M01034_P00844,0.0
M01034_P00847,5.790258764848585
M01034_P00848,5.858881451704723
M01034_P00856,6.327354438049806
M01034_P00965,6.349337160539543
M01034_P00966,0.0
M01034_P00975,6.78061852254585
M01034_P00978,6.917117708763013
M01034_P00980,6.22999416301869
M01034_P00986,0.0
M01035_P00185,0.0
M01035_P00193,0.0
M01035_P00197,0.0
M01035_P00199,6.097320740986054
M01035_P00200,6.349048935282508
M01035_P00761,6.231572482983702
M01035_P00772,0.0
M01036_P00313,6.550885726057559
M01036_P00324,6.3121392371762655
M01036_P00329,6.056605345236214
M01036_P00333,0.0
M01036_P00334,0.0
M01036_P00345,0.0
M01036_P00347,6.143345525502572
M01036_P00351,0.0
M01036_P00353,0.0
M01036_P00359,0.0
M01036_P00362,5.895674090083647
M01037_P00136,0.0
M01037_P00141,7.429024080603373
M01037_P00148,5.8822695993290575
M01037_P00156,6.245624344076942
M01037_P00705,0.0
M01037_P00707,6.549803141788373
M01037_P00716,0.0
M01037_P00718,7.219986409634688
M01037_P00724,0.0
M01037_P00728,0.0
M01038_P00313,6.151075249347741
M01038_P00324,0.0
M01038_P00329,5.868329396774987
M01038_P00333,6.322316128820731
M01038_P00334,6.230797229301813
M01038_P01070,6.049839418955384
M01038_P01074,6.247457911573335
M01038_P01082,5.895581541080917
M01039_P00529,6.064746710311689
M01039_P00535,6.035887467064442
M01039_P00536,5.8993486666094075
M01039_P00542,6.02951396652235
M01039_P00543,0.0
M01039_P01223,0.0
M01039_P01234,0.0
M01039_P01236,0.0
M01039_P01241,6.25056167983128
M01039_P01242,5.826280746749476
M01040_P00625,0.0
M01040_P00630,5.982236598845851
M01040_P00632,0.0
M01040_P00635,6.391664731508451
M01040_P00644,6.5850526371918905
M01040_P00645,7.1050704516665295
M01040_P00650,6.785646763697696
M01040_P00940,0.0
M01040_P00948,6.3284791217355245
M01040_P00950,6.5616694601241425
M01040_P00951,0.0
M01040_P00959,5.856931146248318
M01040_P00962,6.790813862617605
M01041_P00443,6.3011330543685675
M01041_P00448,6.024233850597346
M01041_P00452,5.890606493728715
M01041_P00462,6.849711444892676
M01041_P00463,6.867715376835646
M01041_P00465,0.0
M01041_P00468,0.0
M01041_P00888,0.0
M01041_P00889,0.0
M01041_P00893,6.21727936771887
M01041_P00894,0.0
M01041_P00895,0.0
M01041_P00901,6.943249694869539
M01041_P00909,0.0
M01042_P01020,0.0
M01042_P01034,0.0
M01042_P01037,5.8589822137985434
M01042_P01038,0.0
M01042_P01146,0.0
M01042_P01157,0.0
M01042_P01166,0.0
M01042_P01169,0.0
M01043_P00185,5.885012864487411
M01043_P00193,0.0
M01043_P00197,5.895150944174561
M01043_P00199,5.849341611618379
M01043_P00200,0.0
M01043_P00705,5.841734537937877
M01043_P00707,0.0
M01043_P00716,6.3923136247320755
M01043_P00718,0.0
M01043_P00724,0.0
M01043_P00728,6.49762689957926
M01044_P00940,6.147009510911453
M01044_P00948,6.344821427454415
M01044_P00950,6.248817346372042
M01044_P00951,0.0
M01044_P00959,0.0
M01044_P00962,7.057637276503598
M01044_P00991,0.0
M01044_P00993,5.881497663527701
M01044_P00997,6.065738400959222
M01044_P01000,0.0
M01044_P01010,6.2559424016980785
M01045_P00157,5.870320906050554
M01045_P00159,0.0
M01045_P00164,6.244873524713111
M01045_P00169,5.869038046367745
M01045_P00171,0.0
M01045_P00175,6.240994754922277
M01045_P00965,6.288881409309442
M01045_P00966,6.026061619563952
M01045_P00975,0.0
M01045_P00978,7.107719032132171
M01045_P00980,0.0
M01045_P00986,0.0
M01046_P00478,6.227027703745652
M01046_P00479,7.091987808148748
M01046_P00486,6.800867326486239
M01046_P00491,0.0
M01046_P00922,6.214061976118017
M01046_P00927,5.8502596161142275
M01046_P00931,5.862802336255865
M01046_P00935,6.348844393960079
M01047_P00423,6.3858947343596935
M01047_P00424,5.860396536639075
M01047_P00425,0.0
M01047_P00426,0.0
M01047_P00431,6.0586836875976315
M01047_P00436,6.188830441566069
M01047_P00440,5.870507898216527
M01047_P00655,6.234596369345203
M01047_P00662,6.180922020786434
M01047_P00666,6.3184531678932165
M01047_P00668,0.0
M01047_P00669,6.363165305901149
M01047_P00673,6.387358392859898
M01047_P00674,6.106493089840995
M01048_P00940,6.105622207919741
M01048_P00948,0.0
M01048_P00950,6.4278648867810295
M01048_P00951,0.0
M01048_P00959,0.0
M01048_P00962,6.758651698001914
M01048_P01020,6.82767450580275
M01048_P01034,6.106359751140145
M01048_P01037,0.0
M01048_P01038,5.887298472238702
M01049_P00287,0.0
M01049_P00290,0.0
M01049_P00291,5.845443237154415
M01049_P00295,0.0
M01049_P00297,5.7766701761607875
M01049_P00298,5.833603565397724
M01049_P00299,5.882591318821638
M01049_P00304,5.859247977419906
M01049_P00307,6.298974157980572
M01049_P00309,0.0
M01049_P00310,6.190090856799595
M01049_P00478,0.0
M01049_P00479,6.797204613721514
M01049_P00486,0.0
M01049_P00491,6.067282091368509
M01050_P00991,0.0
M01050_P00993,5.773113071631125
M01050_P00997,6.094167315299841
M01050_P01000,6.709064494093621
M01050_P01010,6.384348620266137
M01050_P01020,6.789701426619841
M01050_P01034,0.0
M01050_P01037,5.8947883495331
M01050_P01038,0.0
